PASS src/implementations/infrastructure/seeds/specs/ic-3-33-membership-fields-autopopulate.spec.ts (24.384 s)
PASS src/implementations/infrastructure/seeds/specs/demo-opportunity-stages.spec.ts (24.398 s)
(node:93456) [DEP0040] DeprecationWarning: The `punycode` module is deprecated. Please use a userland alternative instead.
(Use `node --trace-deprecation ...` to show where the warning was created)
(node:93451) [DEP0040] DeprecationWarning: The `punycode` module is deprecated. Please use a userland alternative instead.
(Use `node --trace-deprecation ...` to show where the warning was created)
(node:93450) [DEP0040] DeprecationWarning: The `punycode` module is deprecated. Please use a userland alternative instead.
(Use `node --trace-deprecation ...` to show where the warning was created)
PASS src/implementations/infrastructure/seeds/specs/ic-seeds.spec.ts (24.546 s)
(node:93453) [DEP0040] DeprecationWarning: The `punycode` module is deprecated. Please use a userland alternative instead.
(Use `node --trace-deprecation ...` to show where the warning was created)
PASS src/implementations/infrastructure/seeds/specs/ic-4-01-specific-funds-debit-credit.spec.ts (24.891 s)
(node:93452) [DEP0040] DeprecationWarning: The `punycode` module is deprecated. Please use a userland alternative instead.
(Use `node --trace-deprecation ...` to show where the warning was created)
PASS src/implementations/infrastructure/seeds/specs/ic-3-04-mydomain-admin-user-permsets.spec.ts (24.891 s)
(node:93455) [DEP0040] DeprecationWarning: The `punycode` module is deprecated. Please use a userland alternative instead.
(Use `node --trace-deprecation ...` to show where the warning was created)
PASS src/implementations/infrastructure/seeds/specs/ic-4-05-transaction-journal-layouts.spec.ts (25.29 s)
(node:93448) [DEP0040] DeprecationWarning: The `punycode` module is deprecated. Please use a userland alternative instead.
(Use `node --trace-deprecation ...` to show where the warning was created)
PASS src/implementations/infrastructure/seeds/specs/ic-3-28-fiscal-year.spec.ts
PASS src/implementations/infrastructure/seeds/specs/demo-general-donation-fund.spec.ts
[33m[Nest] 93456  - [39m07/27/2026, 12:15:03 PM [33m   WARN[39m [38;5;3m[JsforceVeevartSfAdapter] [39m[33m[query] called with a raw string; prefer the soql`...` tagged template for any caller-supplied interpolation (SOQL-injection vector). See src/csm/shared/salesforce/infrastructure/soql/soql.ts.[39m
[32m[Nest] 93456  - [39m07/27/2026, 12:15:03 PM [32m    LOG[39m [38;5;3m[JsforceVeevartSfAdapter] [39m[32mAuthenticated to VeevartSf via mode=access-token[39m
[95m[Nest] 93456  - [39m07/27/2026, 12:15:03 PM [95m  DEBUG[39m [38;5;3m[JsforceVeevartSfAdapter] [39m[95m[query] streamed 2 records (soql="SELECT Id FROM Account")[39m
[33m[Nest] 93456  - [39m07/27/2026, 12:15:03 PM [33m   WARN[39m [38;5;3m[JsforceVeevartSfAdapter] [39m[33m[query] called with a raw string; prefer the soql`...` tagged template for any caller-supplied interpolation (SOQL-injection vector). See src/csm/shared/salesforce/infrastructure/soql/soql.ts.[39m
[32m[Nest] 93456  - [39m07/27/2026, 12:15:03 PM [32m    LOG[39m [38;5;3m[JsforceVeevartSfAdapter] [39m[32mAuthenticated to VeevartSf via mode=access-token[39m
[95m[Nest] 93456  - [39m07/27/2026, 12:15:03 PM [95m  DEBUG[39m [38;5;3m[JsforceVeevartSfAdapter] [39m[95m[query] streamed 2 records (soql="SELECT Id FROM Account")[39m
[33m[Nest] 93456  - [39m07/27/2026, 12:15:03 PM [33m   WARN[39m [38;5;3m[JsforceVeevartSfAdapter] [39m[33m[query] called with a raw string; prefer the soql`...` tagged template for any caller-supplied interpolation (SOQL-injection vector). See src/csm/shared/salesforce/infrastructure/soql/soql.ts.[39m
[32m[Nest] 93456  - [39m07/27/2026, 12:15:03 PM [32m    LOG[39m [38;5;3m[JsforceVeevartSfAdapter] [39m[32mAuthenticated to VeevartSf via mode=access-token[39m
[32m[Nest] 93456  - [39m07/27/2026, 12:15:03 PM [32m    LOG[39m [38;5;3m[JsforceVeevartSfAdapter] [39m[32mAuthenticated to VeevartSf via mode=access-token[39m
[95m[Nest] 93456  - [39m07/27/2026, 12:15:03 PM [95m  DEBUG[39m [38;5;3m[JsforceVeevartSfAdapter] [39m[95m[query] streamed 1 records (soql="SELECT Id FROM Account WHERE Name = '***'")[39m
[32m[Nest] 93456  - [39m07/27/2026, 12:15:03 PM [32m    LOG[39m [38;5;3m[JsforceVeevartSfAdapter] [39m[32mAuthenticated to VeevartSf via mode=access-token[39m
[95m[Nest] 93456  - [39m07/27/2026, 12:15:03 PM [95m  DEBUG[39m [38;5;3m[JsforceVeevartSfAdapter] [39m[95m[query] streamed 1 records (soql="SELECT Id FROM Account")[39m
[33m[Nest] 93456  - [39m07/27/2026, 12:15:03 PM [33m   WARN[39m [38;5;3m[JsforceVeevartSfAdapter] [39m[33m[query] called with a raw string; prefer the soql`...` tagged template for any caller-supplied interpolation (SOQL-injection vector). See src/csm/shared/salesforce/infrastructure/soql/soql.ts.[39m
[32m[Nest] 93456  - [39m07/27/2026, 12:15:03 PM [32m    LOG[39m [38;5;3m[JsforceVeevartSfAdapter] [39m[32mAuthenticated to VeevartSf via mode=access-token[39m
[32m[Nest] 93456  - [39m07/27/2026, 12:15:03 PM [32m    LOG[39m [38;5;3m[JsforceVeevartSfAdapter] [39m[32mAuthenticated to VeevartSf via mode=access-token[39m
[31m[Nest] 93456  - [39m07/27/2026, 12:15:04 PM [31m  ERROR[39m [38;5;3m[JsforceVeevartSfAdapter] [39m[31m[createCase] failed duration_ms=12 reason=code=ECONNRESET context={"fields":["Subject"],"idempotencyKey":null}[39m
[32m[Nest] 93456  - [39m07/27/2026, 12:15:04 PM [32m    LOG[39m [38;5;3m[JsforceVeevartSfAdapter] [39m[32mAuthenticated to VeevartSf via mode=access-token[39m
[32m[Nest] 93456  - [39m07/27/2026, 12:15:04 PM [32m    LOG[39m [38;5;3m[JsforceVeevartSfAdapter] [39m[32mAuthenticated to VeevartSf via mode=access-token[39m
[32m[Nest] 93456  - [39m07/27/2026, 12:15:04 PM [32m    LOG[39m [38;5;3m[JsforceVeevartSfAdapter] [39m[32mAuthenticated to VeevartSf via mode=access-token[39m
[33m[Nest] 93456  - [39m07/27/2026, 12:15:04 PM [33m   WARN[39m [38;5;3m[JsforceVeevartSfAdapter] [39m[33m[createCase] retry attempt=1 delay=201ms reason=errorCode=INVALID_SESSION_ID context={"fields":["Subject"],"idempotencyKey":null}[39m
[32m[Nest] 93456  - [39m07/27/2026, 12:15:04 PM [32m    LOG[39m [38;5;3m[JsforceVeevartSfAdapter] [39m[32mAuthenticated to VeevartSf via mode=access-token[39m
[32m[Nest] 93456  - [39m07/27/2026, 12:15:04 PM [32m    LOG[39m [38;5;3m[JsforceVeevartSfAdapter] [39m[32mAuthenticated to VeevartSf via mode=access-token[39m
[32m[Nest] 93456  - [39m07/27/2026, 12:15:04 PM [32m    LOG[39m [38;5;3m[JsforceVeevartSfAdapter] [39m[32mAuthenticated to VeevartSf via mode=access-token[39m
[32m[Nest] 93456  - [39m07/27/2026, 12:15:04 PM [32m    LOG[39m [38;5;3m[JsforceVeevartSfAdapter] [39m[32mAuthenticated to VeevartSf via mode=access-token[39m
[32m[Nest] 93456  - [39m07/27/2026, 12:15:04 PM [32m    LOG[39m [38;5;3m[JsforceVeevartSfAdapter] [39m[32mAuthenticated to VeevartSf via mode=access-token[39m
[32m[Nest] 93456  - [39m07/27/2026, 12:15:04 PM [32m    LOG[39m [38;5;3m[JsforceVeevartSfAdapter] [39m[32mAuthenticated to VeevartSf via mode=access-token[39m
[32m[Nest] 93456  - [39m07/27/2026, 12:15:04 PM [32m    LOG[39m [38;5;3m[JsforceVeevartSfAdapter] [39m[32mAuthenticated to VeevartSf via mode=access-token[39m
[32m[Nest] 93456  - [39m07/27/2026, 12:15:04 PM [32m    LOG[39m [38;5;3m[JsforceVeevartSfAdapter] [39m[32mAuthenticated to VeevartSf via mode=access-token[39m
[32m[Nest] 93456  - [39m07/27/2026, 12:15:04 PM [32m    LOG[39m [38;5;3m[JsforceVeevartSfAdapter] [39m[32mAuthenticated to VeevartSf via mode=access-token[39m
[32m[Nest] 93456  - [39m07/27/2026, 12:15:04 PM [32m    LOG[39m [38;5;3m[JsforceVeevartSfAdapter] [39m[32mAuthenticated to VeevartSf via mode=access-token[39m
[33m[Nest] 93456  - [39m07/27/2026, 12:15:04 PM [33m   WARN[39m [38;5;3m[JsforceVeevartSfAdapter] [39m[33m[query] called with a raw string; prefer the soql`...` tagged template for any caller-supplied interpolation (SOQL-injection vector). See src/csm/shared/salesforce/infrastructure/soql/soql.ts.[39m
[32m[Nest] 93456  - [39m07/27/2026, 12:15:04 PM [32m    LOG[39m [38;5;3m[JsforceVeevartSfAdapter] [39m[32mAuthenticated to VeevartSf via mode=access-token[39m
[95m[Nest] 93456  - [39m07/27/2026, 12:15:04 PM [95m  DEBUG[39m [38;5;3m[JsforceVeevartSfAdapter] [39m[95m[query] streamed 0 records (soql="SELECT Id FROM Account")[39m
[33m[Nest] 93456  - [39m07/27/2026, 12:15:04 PM [33m   WARN[39m [38;5;3m[JsforceVeevartSfAdapter] [39m[33m[query] called with a raw string; prefer the soql`...` tagged template for any caller-supplied interpolation (SOQL-injection vector). See src/csm/shared/salesforce/infrastructure/soql/soql.ts.[39m
[32m[Nest] 93456  - [39m07/27/2026, 12:15:04 PM [32m    LOG[39m [38;5;3m[JsforceVeevartSfAdapter] [39m[32mAuthenticated to VeevartSf via mode=access-token[39m
[33m[Nest] 93456  - [39m07/27/2026, 12:15:04 PM [33m   WARN[39m [38;5;3m[JsforceVeevartSfAdapter] [39m[33m[query] retry attempt=1 delay=155ms reason=errorCode=SERVER_UNAVAILABLE context={"soql":"SELECT Id FROM Account"}[39m
[31m[Nest] 93456  - [39m07/27/2026, 12:15:04 PM [31m  ERROR[39m [38;5;3m[JsforceVeevartSfAdapter] [39m[31m[query] failed duration_ms=1 reason=errorCode=INVALID_FIELD context={"soql":"SELECT Id FROM Account"}[39m
[95m[Nest] 93456  - [39m07/27/2026, 12:15:04 PM [95m  DEBUG[39m [38;5;3m[JsforceVeevartSfAdapter] [39m[95m[query] streamed 1 records (soql="SELECT Id FROM Account")[39m
[33m[Nest] 93456  - [39m07/27/2026, 12:15:04 PM [33m   WARN[39m [38;5;3m[JsforceVeevartSfAdapter] [39m[33m[query] called with a raw string; prefer the soql`...` tagged template for any caller-supplied interpolation (SOQL-injection vector). See src/csm/shared/salesforce/infrastructure/soql/soql.ts.[39m
[32m[Nest] 93456  - [39m07/27/2026, 12:15:04 PM [32m    LOG[39m [38;5;3m[JsforceVeevartSfAdapter] [39m[32mAuthenticated to VeevartSf via mode=access-token[39m
[33m[Nest] 93456  - [39m07/27/2026, 12:15:04 PM [33m   WARN[39m [38;5;3m[JsforceVeevartSfAdapter] [39m[33m[query] retry attempt=1 delay=85ms reason=errorCode=INVALID_SESSION_ID context={"soql":"SELECT Id FROM Account"}[39m
[32m[Nest] 93456  - [39m07/27/2026, 12:15:04 PM [32m    LOG[39m [38;5;3m[JsforceVeevartSfAdapter] [39m[32mAuthenticated to VeevartSf via mode=access-token[39m
[95m[Nest] 93456  - [39m07/27/2026, 12:15:04 PM [95m  DEBUG[39m [38;5;3m[JsforceVeevartSfAdapter] [39m[95m[query] streamed 1 records (soql="SELECT Id FROM Account")[39m
[33m[Nest] 93456  - [39m07/27/2026, 12:15:04 PM [33m   WARN[39m [38;5;3m[JsforceVeevartSfAdapter] [39m[33m[query] called with a raw string; prefer the soql`...` tagged template for any caller-supplied interpolation (SOQL-injection vector). See src/csm/shared/salesforce/infrastructure/soql/soql.ts.[39m
[32m[Nest] 93456  - [39m07/27/2026, 12:15:04 PM [32m    LOG[39m [38;5;3m[JsforceVeevartSfAdapter] [39m[32mAuthenticated to VeevartSf via mode=access-token[39m
[31m[Nest] 93456  - [39m07/27/2026, 12:15:04 PM [31m  ERROR[39m [38;5;3m[JsforceVeevartSfAdapter] [39m[31m[query] failed duration_ms=1 reason=message=VeevartSf connection is not configured. Set VEEVART_HUB_SECRET_ARN or VEEVART_HUB_* env vars. context={"soql":"SELECT Id FROM Account"}[39m
[32m[Nest] 93456  - [39m07/27/2026, 12:15:04 PM [32m    LOG[39m [38;5;3m[JsforceVeevartSfAdapter] [39m[32mAuthenticated to VeevartSf via mode=access-token[39m
[95m[Nest] 93456  - [39m07/27/2026, 12:15:04 PM [95m  DEBUG[39m [38;5;3m[JsforceVeevartSfAdapter] [39m[95m[query] streamed 0 records (soql="SELECT Id FROM Account WHERE Id = '***'")[39m
[33m[Nest] 93456  - [39m07/27/2026, 12:15:04 PM [33m   WARN[39m [38;5;3m[JsforceVeevartSfAdapter] [39m[33m[query] called with a raw string; prefer the soql`...` tagged template for any caller-supplied interpolation (SOQL-injection vector). See src/csm/shared/salesforce/infrastructure/soql/soql.ts.[39m
[32m[Nest] 93456  - [39m07/27/2026, 12:15:04 PM [32m    LOG[39m [38;5;3m[JsforceVeevartSfAdapter] [39m[32mAuthenticated to VeevartSf via mode=access-token[39m
[33m[Nest] 93456  - [39m07/27/2026, 12:15:04 PM [33m   WARN[39m [38;5;3m[JsforceVeevartSfAdapter] [39m[33m[query] called with a raw string; prefer the soql`...` tagged template for any caller-supplied interpolation (SOQL-injection vector). See src/csm/shared/salesforce/infrastructure/soql/soql.ts.[39m
[33m[Nest] 93456  - [39m07/27/2026, 12:15:04 PM [33m   WARN[39m [38;5;3m[JsforceVeevartSfAdapter] [39m[33m[query] called with a raw string; prefer the soql`...` tagged template for any caller-supplied interpolation (SOQL-injection vector). See src/csm/shared/salesforce/infrastructure/soql/soql.ts.[39m
[32m[Nest] 93456  - [39m07/27/2026, 12:15:04 PM [32m    LOG[39m [38;5;3m[JsforceVeevartSfAdapter] [39m[32mAuthenticated to VeevartSf via mode=access-token[39m
[95m[Nest] 93456  - [39m07/27/2026, 12:15:04 PM [95m  DEBUG[39m [38;5;3m[JsforceVeevartSfAdapter] [39m[95m[query] streamed 1 records (soql="SELECT Id FROM Account")[39m
[33m[Nest] 93456  - [39m07/27/2026, 12:15:04 PM [33m   WARN[39m [38;5;3m[JsforceVeevartSfAdapter] [39m[33m[query] called with a raw string; prefer the soql`...` tagged template for any caller-supplied interpolation (SOQL-injection vector). See src/csm/shared/salesforce/infrastructure/soql/soql.ts.[39m
[95m[Nest] 93456  - [39m07/27/2026, 12:15:04 PM [95m  DEBUG[39m [38;5;3m[JsforceVeevartSfAdapter] [39m[95m[query] streamed 1 records (soql="SELECT Id FROM Contact")[39m
PASS src/csm/shared/salesforce/infrastructure/adapters/jsforce-veevart-sf.adapter.spec.ts (6.442 s)
[33m[Nest] 93456  - [39m07/27/2026, 12:15:04 PM [33m   WARN[39m [38;5;3m[JsforceVeevartSfAdapter] [39m[33m[query] called with a raw string; prefer the soql`...` tagged template for any caller-supplied interpolation (SOQL-injection vector). See src/csm/shared/salesforce/infrastructure/soql/soql.ts.[39m
[95m[Nest] 93456  - [39m07/27/2026, 12:15:04 PM [95m  DEBUG[39m [38;5;3m[JsforceVeevartSfAdapter] [39m[95m[query] streamed 1 records (soql="SELECT Id FROM Account")[39m
[33m[Nest] 93456  - [39m07/27/2026, 12:15:04 PM [33m   WARN[39m [38;5;3m[JsforceVeevartSfAdapter] [39m[33m[query] called with a raw string; prefer the soql`...` tagged template for any caller-supplied interpolation (SOQL-injection vector). See src/csm/shared/salesforce/infrastructure/soql/soql.ts.[39m
[33m[Nest] 93456  - [39m07/27/2026, 12:15:04 PM [33m   WARN[39m [38;5;3m[JsforceVeevartSfAdapter] [39m[33m[query] called with a raw string; prefer the soql`...` tagged template for any caller-supplied interpolation (SOQL-injection vector). See src/csm/shared/salesforce/infrastructure/soql/soql.ts.[39m
[33m[Nest] 93456  - [39m07/27/2026, 12:15:04 PM [33m   WARN[39m [38;5;3m[JsforceVeevartSfAdapter] [39m[33m[query] called with a raw string; prefer the soql`...` tagged template for any caller-supplied interpolation (SOQL-injection vector). See src/csm/shared/salesforce/infrastructure/soql/soql.ts.[39m
[33m[Nest] 93456  - [39m07/27/2026, 12:15:04 PM [33m   WARN[39m [38;5;3m[JsforceVeevartSfAdapter] [39m[33m[query] called with a raw string; prefer the soql`...` tagged template for any caller-supplied interpolation (SOQL-injection vector). See src/csm/shared/salesforce/infrastructure/soql/soql.ts.[39m
[33m[Nest] 93456  - [39m07/27/2026, 12:15:04 PM [33m   WARN[39m [38;5;3m[JsforceVeevartSfAdapter] [39m[33m[query] called with a raw string; prefer the soql`...` tagged template for any caller-supplied interpolation (SOQL-injection vector). See src/csm/shared/salesforce/infrastructure/soql/soql.ts.[39m
[32m[Nest] 93456  - [39m07/27/2026, 12:15:04 PM [32m    LOG[39m [38;5;3m[JsforceVeevartSfAdapter] [39m[32mAuthenticated to VeevartSf via mode=access-token[39m
[95m[Nest] 93456  - [39m07/27/2026, 12:15:04 PM [95m  DEBUG[39m [38;5;3m[JsforceVeevartSfAdapter] [39m[95m[query] streamed 1 records (soql="SELECT Id FROM Account")[39m
[95m[Nest] 93456  - [39m07/27/2026, 12:15:04 PM [95m  DEBUG[39m [38;5;3m[JsforceVeevartSfAdapter] [39m[95m[query] streamed 1 records (soql="SELECT Id FROM Account")[39m
[95m[Nest] 93456  - [39m07/27/2026, 12:15:04 PM [95m  DEBUG[39m [38;5;3m[JsforceVeevartSfAdapter] [39m[95m[query] streamed 1 records (soql="SELECT Id FROM Account")[39m
[95m[Nest] 93456  - [39m07/27/2026, 12:15:04 PM [95m  DEBUG[39m [38;5;3m[JsforceVeevartSfAdapter] [39m[95m[query] streamed 1 records (soql="SELECT Id FROM Account")[39m
[95m[Nest] 93456  - [39m07/27/2026, 12:15:04 PM [95m  DEBUG[39m [38;5;3m[JsforceVeevartSfAdapter] [39m[95m[query] streamed 1 records (soql="SELECT Id FROM Account")[39m
[33m[Nest] 93456  - [39m07/27/2026, 12:15:04 PM [33m   WARN[39m [38;5;3m[JsforceVeevartSfAdapter] [39m[33m[query] called with a raw string; prefer the soql`...` tagged template for any caller-supplied interpolation (SOQL-injection vector). See src/csm/shared/salesforce/infrastructure/soql/soql.ts.[39m
[32m[Nest] 93456  - [39m07/27/2026, 12:15:04 PM [32m    LOG[39m [38;5;3m[JsforceVeevartSfAdapter] [39m[32mAuthenticated to VeevartSf via mode=access-token[39m
[95m[Nest] 93456  - [39m07/27/2026, 12:15:04 PM [95m  DEBUG[39m [38;5;3m[JsforceVeevartSfAdapter] [39m[95m[query] streamed 1 records (soql="SELECT Id FROM Account")[39m
[33m[Nest] 93456  - [39m07/27/2026, 12:15:04 PM [33m   WARN[39m [38;5;3m[JsforceVeevartSfAdapter] [39m[33m[query] called with a raw string; prefer the soql`...` tagged template for any caller-supplied interpolation (SOQL-injection vector). See src/csm/shared/salesforce/infrastructure/soql/soql.ts.[39m
[32m[Nest] 93456  - [39m07/27/2026, 12:15:04 PM [32m    LOG[39m [38;5;3m[JsforceVeevartSfAdapter] [39m[32mAuthenticated to VeevartSf via mode=access-token[39m
[95m[Nest] 93456  - [39m07/27/2026, 12:15:04 PM [95m  DEBUG[39m [38;5;3m[JsforceVeevartSfAdapter] [39m[95m[query] streamed 1 records (soql="SELECT Id FROM Contact")[39m
[32m[Nest] 93451  - [39m07/27/2026, 12:15:05 PM [32m    LOG[39m [38;5;3m[ResolveReadyStepsHandler] [39mObject(11) {
  action: [32m'resolveReadySteps.done'[39m,
  planRunId: [32m'run-1'[39m,
  orgId: [32m'00D4x00000000ABC'[39m,
  readyCount: [33m1[39m,
  blockedCount: [33m0[39m,
  handoffCount: [33m0[39m,
  parkedOnHandoff: [33m0[39m,
  blockedOnDependencyCount: [33m0[39m,
  claimedCount: [33m1[39m,
  awaitingInput: [33mfalse[39m,
  awaitingHandoff: [33mfalse[39m
}
[32m[Nest] 93451  - [39m07/27/2026, 12:15:05 PM [32m    LOG[39m [38;5;3m[ResolveReadyStepsHandler] [39mObject(11) {
  action: [32m'resolveReadySteps.done'[39m,
  planRunId: [32m'run-1'[39m,
  orgId: [32m'00D4x00000000ABC'[39m,
  readyCount: [33m0[39m,
  blockedCount: [33m0[39m,
  handoffCount: [33m0[39m,
  parkedOnHandoff: [33m0[39m,
  blockedOnDependencyCount: [33m0[39m,
  claimedCount: [33m0[39m,
  awaitingInput: [33mfalse[39m,
  awaitingHandoff: [33mfalse[39m
}
[32m[Nest] 93451  - [39m07/27/2026, 12:15:05 PM [32m    LOG[39m [38;5;3m[ResolveReadyStepsHandler] [39mObject(11) {
  action: [32m'resolveReadySteps.done'[39m,
  planRunId: [32m'run-1'[39m,
  orgId: [32m'00D4x00000000ABC'[39m,
  readyCount: [33m0[39m,
  blockedCount: [33m0[39m,
  handoffCount: [33m0[39m,
  parkedOnHandoff: [33m0[39m,
  blockedOnDependencyCount: [33m0[39m,
  claimedCount: [33m0[39m,
  awaitingInput: [33mfalse[39m,
  awaitingHandoff: [33mfalse[39m
}
[32m[Nest] 93451  - [39m07/27/2026, 12:15:05 PM [32m    LOG[39m [38;5;3m[ResolveReadyStepsHandler] [39mObject(11) {
  action: [32m'resolveReadySteps.done'[39m,
  planRunId: [32m'run-1'[39m,
  orgId: [32m'00D4x00000000ABC'[39m,
  readyCount: [33m2[39m,
  blockedCount: [33m0[39m,
  handoffCount: [33m0[39m,
  parkedOnHandoff: [33m0[39m,
  blockedOnDependencyCount: [33m0[39m,
  claimedCount: [33m2[39m,
  awaitingInput: [33mfalse[39m,
  awaitingHandoff: [33mfalse[39m
}
[32m[Nest] 93451  - [39m07/27/2026, 12:15:05 PM [32m    LOG[39m [38;5;3m[ResolveReadyStepsHandler] [39mObject(11) {
  action: [32m'resolveReadySteps.done'[39m,
  planRunId: [32m'run-1'[39m,
  orgId: [32m'00D4x00000000ABC'[39m,
  readyCount: [33m1[39m,
  blockedCount: [33m0[39m,
  handoffCount: [33m0[39m,
  parkedOnHandoff: [33m0[39m,
  blockedOnDependencyCount: [33m0[39m,
  claimedCount: [33m1[39m,
  awaitingInput: [33mfalse[39m,
  awaitingHandoff: [33mfalse[39m
}
[32m[Nest] 93451  - [39m07/27/2026, 12:15:05 PM [32m    LOG[39m [38;5;3m[ResolveReadyStepsHandler] [39mObject(11) {
  action: [32m'resolveReadySteps.done'[39m,
  planRunId: [32m'run-1'[39m,
  orgId: [32m'00D4x00000000ABC'[39m,
  readyCount: [33m1[39m,
  blockedCount: [33m0[39m,
  handoffCount: [33m0[39m,
  parkedOnHandoff: [33m0[39m,
  blockedOnDependencyCount: [33m0[39m,
  claimedCount: [33m1[39m,
  awaitingInput: [33mfalse[39m,
  awaitingHandoff: [33mfalse[39m
}
[32m[Nest] 93451  - [39m07/27/2026, 12:15:05 PM [32m    LOG[39m [38;5;3m[ResolveReadyStepsHandler] [39mObject(4) {
  action: [32m'resolveReadySteps.stepAlreadyClaimed'[39m,
  planRunId: [32m'run-1'[39m,
  caseRunId: [32m'cB'[39m,
  stepRunId: [32m'sB1'[39m
}
[32m[Nest] 93451  - [39m07/27/2026, 12:15:05 PM [32m    LOG[39m [38;5;3m[ResolveReadyStepsHandler] [39mObject(11) {
  action: [32m'resolveReadySteps.done'[39m,
  planRunId: [32m'run-1'[39m,
  orgId: [32m'00D4x00000000ABC'[39m,
  readyCount: [33m2[39m,
  blockedCount: [33m0[39m,
  handoffCount: [33m0[39m,
  parkedOnHandoff: [33m0[39m,
  blockedOnDependencyCount: [33m0[39m,
  claimedCount: [33m1[39m,
  awaitingInput: [33mfalse[39m,
  awaitingHandoff: [33mfalse[39m
}
[32m[Nest] 93451  - [39m07/27/2026, 12:15:05 PM [32m    LOG[39m [38;5;3m[ResolveReadyStepsHandler] [39mObject(11) {
  action: [32m'resolveReadySteps.done'[39m,
  planRunId: [32m'run-1'[39m,
  orgId: [32m'00D4x00000000ABC'[39m,
  readyCount: [33m1[39m,
  blockedCount: [33m0[39m,
  handoffCount: [33m0[39m,
  parkedOnHandoff: [33m0[39m,
  blockedOnDependencyCount: [33m0[39m,
  claimedCount: [33m1[39m,
  awaitingInput: [33mfalse[39m,
  awaitingHandoff: [33mfalse[39m
}
[32m[Nest] 93451  - [39m07/27/2026, 12:15:05 PM [32m    LOG[39m [38;5;3m[ResolveReadyStepsHandler] [39mObject(11) {
  action: [32m'resolveReadySteps.done'[39m,
  planRunId: [32m'run-1'[39m,
  orgId: [32m'00D4x00000000ABC'[39m,
  readyCount: [33m1[39m,
  blockedCount: [33m0[39m,
  handoffCount: [33m0[39m,
  parkedOnHandoff: [33m0[39m,
  blockedOnDependencyCount: [33m0[39m,
  claimedCount: [33m1[39m,
  awaitingInput: [33mfalse[39m,
  awaitingHandoff: [33mfalse[39m
}
[32m[Nest] 93451  - [39m07/27/2026, 12:15:05 PM [32m    LOG[39m [38;5;3m[ResolveReadyStepsHandler] [39mObject(11) {
  action: [32m'resolveReadySteps.done'[39m,
  planRunId: [32m'run-1'[39m,
  orgId: [32m'00D4x00000000ABC'[39m,
  readyCount: [33m0[39m,
  blockedCount: [33m1[39m,
  handoffCount: [33m0[39m,
  parkedOnHandoff: [33m0[39m,
  blockedOnDependencyCount: [33m0[39m,
  claimedCount: [33m0[39m,
  awaitingInput: [33mtrue[39m,
  awaitingHandoff: [33mfalse[39m
}
[32m[Nest] 93451  - [39m07/27/2026, 12:15:05 PM [32m    LOG[39m [38;5;3m[ResolveReadyStepsHandler] [39mObject(11) {
  action: [32m'resolveReadySteps.done'[39m,
  planRunId: [32m'run-1'[39m,
  orgId: [32m'00D4x00000000ABC'[39m,
  readyCount: [33m1[39m,
  blockedCount: [33m1[39m,
  handoffCount: [33m0[39m,
  parkedOnHandoff: [33m0[39m,
  blockedOnDependencyCount: [33m0[39m,
  claimedCount: [33m1[39m,
  awaitingInput: [33mfalse[39m,
  awaitingHandoff: [33mfalse[39m
}
[32m[Nest] 93451  - [39m07/27/2026, 12:15:05 PM [32m    LOG[39m [38;5;3m[ResolveReadyStepsHandler] [39mObject(11) {
  action: [32m'resolveReadySteps.done'[39m,
  planRunId: [32m'run-1'[39m,
  orgId: [32m'00D4x00000000ABC'[39m,
  readyCount: [33m1[39m,
  blockedCount: [33m0[39m,
  handoffCount: [33m0[39m,
  parkedOnHandoff: [33m0[39m,
  blockedOnDependencyCount: [33m0[39m,
  claimedCount: [33m1[39m,
  awaitingInput: [33mfalse[39m,
  awaitingHandoff: [33mfalse[39m
}
(node:93454) [DEP0040] DeprecationWarning: The `punycode` module is deprecated. Please use a userland alternative instead.
(Use `node --trace-deprecation ...` to show where the warning was created)
PASS src/implementations/app-module-wiring.spec.ts (31.37 s)
(node:93449) [DEP0040] DeprecationWarning: The `punycode` module is deprecated. Please use a userland alternative instead.
(Use `node --trace-deprecation ...` to show where the warning was created)
PASS src/bootstrap/create-app.spec.ts (31.446 s)
[32m[Nest] 93451  - [39m07/27/2026, 12:15:05 PM [32m    LOG[39m [38;5;3m[ResolveReadyStepsHandler] [39mObject(11) {
  action: [32m'resolveReadySteps.done'[39m,
  planRunId: [32m'run-1'[39m,
  orgId: [32m'00D4x00000000ABC'[39m,
  readyCount: [33m0[39m,
  blockedCount: [33m1[39m,
  handoffCount: [33m0[39m,
  parkedOnHandoff: [33m0[39m,
  blockedOnDependencyCount: [33m0[39m,
  claimedCount: [33m0[39m,
  awaitingInput: [33mfalse[39m,
  awaitingHandoff: [33mfalse[39m
}
[32m[Nest] 93451  - [39m07/27/2026, 12:15:05 PM [32m    LOG[39m [38;5;3m[ResolveReadyStepsHandler] [39mObject(11) {
  action: [32m'resolveReadySteps.done'[39m,
  planRunId: [32m'run-1'[39m,
  orgId: [32m'00D4x00000000ABC'[39m,
  readyCount: [33m0[39m,
  blockedCount: [33m0[39m,
  handoffCount: [33m0[39m,
  parkedOnHandoff: [33m1[39m,
  blockedOnDependencyCount: [33m0[39m,
  claimedCount: [33m0[39m,
  awaitingInput: [33mfalse[39m,
  awaitingHandoff: [33mfalse[39m
}
[32m[Nest] 93451  - [39m07/27/2026, 12:15:05 PM [32m    LOG[39m [38;5;3m[ResolveReadyStepsHandler] [39mObject(4) {
  action: [32m'resolveReadySteps.caseRunFinalized'[39m,
  planRunId: [32m'run-1'[39m,
  caseRunId: [32m'cA'[39m,
  status: [32m'FAILED'[39m
}
[32m[Nest] 93451  - [39m07/27/2026, 12:15:05 PM [32m    LOG[39m [38;5;3m[ResolveReadyStepsHandler] [39mObject(11) {
  action: [32m'resolveReadySteps.done'[39m,
  planRunId: [32m'run-1'[39m,
  orgId: [32m'00D4x00000000ABC'[39m,
  readyCount: [33m0[39m,
  blockedCount: [33m0[39m,
  handoffCount: [33m0[39m,
  parkedOnHandoff: [33m0[39m,
  blockedOnDependencyCount: [33m0[39m,
  claimedCount: [33m0[39m,
  awaitingInput: [33mfalse[39m,
  awaitingHandoff: [33mfalse[39m
}
[32m[Nest] 93451  - [39m07/27/2026, 12:15:05 PM [32m    LOG[39m [38;5;3m[ResolveReadyStepsHandler] [39mObject(4) {
  action: [32m'resolveReadySteps.caseRunFinalized'[39m,
  planRunId: [32m'run-1'[39m,
  caseRunId: [32m'cA'[39m,
  status: [32m'FAILED'[39m
}
[32m[Nest] 93451  - [39m07/27/2026, 12:15:05 PM [32m    LOG[39m [38;5;3m[ResolveReadyStepsHandler] [39mObject(11) {
  action: [32m'resolveReadySteps.done'[39m,
  planRunId: [32m'run-1'[39m,
  orgId: [32m'00D4x00000000ABC'[39m,
  readyCount: [33m1[39m,
  blockedCount: [33m0[39m,
  handoffCount: [33m0[39m,
  parkedOnHandoff: [33m0[39m,
  blockedOnDependencyCount: [33m0[39m,
  claimedCount: [33m1[39m,
  awaitingInput: [33mfalse[39m,
  awaitingHandoff: [33mfalse[39m
}
[32m[Nest] 93451  - [39m07/27/2026, 12:15:05 PM [32m    LOG[39m [38;5;3m[ResolveReadyStepsHandler] [39mObject(11) {
  action: [32m'resolveReadySteps.done'[39m,
  planRunId: [32m'run-1'[39m,
  orgId: [32m'00D4x00000000ABC'[39m,
  readyCount: [33m0[39m,
  blockedCount: [33m0[39m,
  handoffCount: [33m1[39m,
  parkedOnHandoff: [33m1[39m,
  blockedOnDependencyCount: [33m0[39m,
  claimedCount: [33m0[39m,
  awaitingInput: [33mfalse[39m,
  awaitingHandoff: [33mtrue[39m
}
[32m[Nest] 93451  - [39m07/27/2026, 12:15:05 PM [32m    LOG[39m [38;5;3m[ResolveReadyStepsHandler] [39mObject(11) {
  action: [32m'resolveReadySteps.done'[39m,
  planRunId: [32m'run-1'[39m,
  orgId: [32m'00D4x00000000ABC'[39m,
  readyCount: [33m0[39m,
  blockedCount: [33m0[39m,
  handoffCount: [33m0[39m,
  parkedOnHandoff: [33m1[39m,
  blockedOnDependencyCount: [33m0[39m,
  claimedCount: [33m0[39m,
  awaitingInput: [33mfalse[39m,
  awaitingHandoff: [33mtrue[39m
}
[32m[Nest] 93451  - [39m07/27/2026, 12:15:05 PM [32m    LOG[39m [38;5;3m[ResolveReadyStepsHandler] [39mObject(11) {
  action: [32m'resolveReadySteps.done'[39m,
  planRunId: [32m'run-1'[39m,
  orgId: [32m'00D4x00000000ABC'[39m,
  readyCount: [33m1[39m,
  blockedCount: [33m0[39m,
  handoffCount: [33m1[39m,
  parkedOnHandoff: [33m1[39m,
  blockedOnDependencyCount: [33m0[39m,
  claimedCount: [33m1[39m,
  awaitingInput: [33mfalse[39m,
  awaitingHandoff: [33mfalse[39m
}
[32m[Nest] 93451  - [39m07/27/2026, 12:15:05 PM [32m    LOG[39m [38;5;3m[ResolveReadyStepsHandler] [39mObject(11) {
  action: [32m'resolveReadySteps.done'[39m,
  planRunId: [32m'run-1'[39m,
  orgId: [32m'00D4x00000000ABC'[39m,
  readyCount: [33m1[39m,
  blockedCount: [33m0[39m,
  handoffCount: [33m0[39m,
  parkedOnHandoff: [33m0[39m,
  blockedOnDependencyCount: [33m1[39m,
  claimedCount: [33m1[39m,
  awaitingInput: [33mfalse[39m,
  awaitingHandoff: [33mfalse[39m
}
[32m[Nest] 93451  - [39m07/27/2026, 12:15:05 PM [32m    LOG[39m [38;5;3m[ResolveReadyStepsHandler] [39mObject(11) {
  action: [32m'resolveReadySteps.done'[39m,
  planRunId: [32m'run-1'[39m,
  orgId: [32m'00D4x00000000ABC'[39m,
  readyCount: [33m1[39m,
  blockedCount: [33m0[39m,
  handoffCount: [33m0[39m,
  parkedOnHandoff: [33m0[39m,
  blockedOnDependencyCount: [33m0[39m,
  claimedCount: [33m1[39m,
  awaitingInput: [33mfalse[39m,
  awaitingHandoff: [33mfalse[39m
}
[32m[Nest] 93451  - [39m07/27/2026, 12:15:05 PM [32m    LOG[39m [38;5;3m[ResolveReadyStepsHandler] [39mObject(4) {
  action: [32m'resolveReadySteps.caseRunFinalized'[39m,
  planRunId: [32m'run-1'[39m,
  caseRunId: [32m'cA'[39m,
  status: [32m'COMPLETED'[39m
}
[32m[Nest] 93451  - [39m07/27/2026, 12:15:05 PM [32m    LOG[39m [38;5;3m[ResolveReadyStepsHandler] [39mObject(11) {
  action: [32m'resolveReadySteps.done'[39m,
  planRunId: [32m'run-1'[39m,
  orgId: [32m'00D4x00000000ABC'[39m,
  readyCount: [33m1[39m,
  blockedCount: [33m0[39m,
  handoffCount: [33m0[39m,
  parkedOnHandoff: [33m0[39m,
  blockedOnDependencyCount: [33m0[39m,
  claimedCount: [33m1[39m,
  awaitingInput: [33mfalse[39m,
  awaitingHandoff: [33mfalse[39m
}
[32m[Nest] 93451  - [39m07/27/2026, 12:15:05 PM [32m    LOG[39m [38;5;3m[ResolveReadyStepsHandler] [39mObject(11) {
  action: [32m'resolveReadySteps.done'[39m,
  planRunId: [32m'run-1'[39m,
  orgId: [32m'00D4x00000000ABC'[39m,
  readyCount: [33m0[39m,
  blockedCount: [33m0[39m,
  handoffCount: [33m0[39m,
  parkedOnHandoff: [33m0[39m,
  blockedOnDependencyCount: [33m1[39m,
  claimedCount: [33m0[39m,
  awaitingInput: [33mfalse[39m,
  awaitingHandoff: [33mfalse[39m
}
[32m[Nest] 93451  - [39m07/27/2026, 12:15:05 PM [32m    LOG[39m [38;5;3m[ResolveReadyStepsHandler] [39mObject(11) {
  action: [32m'resolveReadySteps.done'[39m,
  planRunId: [32m'run-1'[39m,
  orgId: [32m'00D4x00000000ABC'[39m,
  readyCount: [33m0[39m,
  blockedCount: [33m0[39m,
  handoffCount: [33m0[39m,
  parkedOnHandoff: [33m0[39m,
  blockedOnDependencyCount: [33m1[39m,
  claimedCount: [33m0[39m,
  awaitingInput: [33mfalse[39m,
  awaitingHandoff: [33mfalse[39m
}
[32m[Nest] 93451  - [39m07/27/2026, 12:15:05 PM [32m    LOG[39m [38;5;3m[ResolveReadyStepsHandler] [39mObject(11) {
  action: [32m'resolveReadySteps.done'[39m,
  planRunId: [32m'run-1'[39m,
  orgId: [32m'00D4x00000000ABC'[39m,
  readyCount: [33m0[39m,
  blockedCount: [33m0[39m,
  handoffCount: [33m0[39m,
  parkedOnHandoff: [33m0[39m,
  blockedOnDependencyCount: [33m2[39m,
  claimedCount: [33m0[39m,
  awaitingInput: [33mfalse[39m,
  awaitingHandoff: [33mfalse[39m
}
[32m[Nest] 93451  - [39m07/27/2026, 12:15:05 PM [32m    LOG[39m [38;5;3m[ResolveReadyStepsHandler] [39mObject(11) {
  action: [32m'resolveReadySteps.done'[39m,
  planRunId: [32m'run-1'[39m,
  orgId: [32m'00D4x00000000ABC'[39m,
  readyCount: [33m1[39m,
  blockedCount: [33m0[39m,
  handoffCount: [33m0[39m,
  parkedOnHandoff: [33m0[39m,
  blockedOnDependencyCount: [33m1[39m,
  claimedCount: [33m1[39m,
  awaitingInput: [33mfalse[39m,
  awaitingHandoff: [33mfalse[39m
}
[32m[Nest] 93451  - [39m07/27/2026, 12:15:05 PM [32m    LOG[39m [38;5;3m[ResolveReadyStepsHandler] [39mObject(11) {
  action: [32m'resolveReadySteps.done'[39m,
  planRunId: [32m'run-1'[39m,
  orgId: [32m'00D4x00000000ABC'[39m,
  readyCount: [33m1[39m,
  blockedCount: [33m0[39m,
  handoffCount: [33m0[39m,
  parkedOnHandoff: [33m0[39m,
  blockedOnDependencyCount: [33m0[39m,
  claimedCount: [33m1[39m,
  awaitingInput: [33mfalse[39m,
  awaitingHandoff: [33mfalse[39m
}
[32m[Nest] 93451  - [39m07/27/2026, 12:15:05 PM [32m    LOG[39m [38;5;3m[ResolveReadyStepsHandler] [39mObject(11) {
  action: [32m'resolveReadySteps.done'[39m,
  planRunId: [32m'run-1'[39m,
  orgId: [32m'00D4x00000000ABC'[39m,
  readyCount: [33m1[39m,
  blockedCount: [33m1[39m,
  handoffCount: [33m0[39m,
  parkedOnHandoff: [33m0[39m,
  blockedOnDependencyCount: [33m1[39m,
  claimedCount: [33m1[39m,
  awaitingInput: [33mfalse[39m,
  awaitingHandoff: [33mfalse[39m
}
[32m[Nest] 93451  - [39m07/27/2026, 12:15:05 PM [32m    LOG[39m [38;5;3m[ResolveReadyStepsHandler] [39mObject(11) {
  action: [32m'resolveReadySteps.done'[39m,
  planRunId: [32m'run-1'[39m,
  orgId: [32m'00D4x00000000ABC'[39m,
  readyCount: [33m0[39m,
  blockedCount: [33m0[39m,
  handoffCount: [33m0[39m,
  parkedOnHandoff: [33m0[39m,
  blockedOnDependencyCount: [33m1[39m,
  claimedCount: [33m0[39m,
  awaitingInput: [33mfalse[39m,
  awaitingHandoff: [33mfalse[39m
}
[32m[Nest] 93451  - [39m07/27/2026, 12:15:05 PM [32m    LOG[39m [38;5;3m[ResolveReadyStepsHandler] [39mObject(4) {
  action: [32m'resolveReadySteps.caseRunFinalized'[39m,
  planRunId: [32m'run-1'[39m,
  caseRunId: [32m'cA'[39m,
  status: [32m'COMPLETED'[39m
}
[32m[Nest] 93451  - [39m07/27/2026, 12:15:05 PM [32m    LOG[39m [38;5;3m[ResolveReadyStepsHandler] [39mObject(11) {
  action: [32m'resolveReadySteps.done'[39m,
  planRunId: [32m'run-1'[39m,
  orgId: [32m'00D4x00000000ABC'[39m,
  readyCount: [33m0[39m,
  blockedCount: [33m0[39m,
  handoffCount: [33m0[39m,
  parkedOnHandoff: [33m0[39m,
  blockedOnDependencyCount: [33m0[39m,
  claimedCount: [33m0[39m,
  awaitingInput: [33mfalse[39m,
  awaitingHandoff: [33mfalse[39m
}
[32m[Nest] 93451  - [39m07/27/2026, 12:15:05 PM [32m    LOG[39m [38;5;3m[ResolveReadyStepsHandler] [39mObject(4) {
  action: [32m'resolveReadySteps.caseRunFinalized'[39m,
  planRunId: [32m'run-1'[39m,
  caseRunId: [32m'cA'[39m,
  status: [32m'FAILED'[39m
}
[32m[Nest] 93451  - [39m07/27/2026, 12:15:05 PM [32m    LOG[39m [38;5;3m[ResolveReadyStepsHandler] [39mObject(11) {
  action: [32m'resolveReadySteps.done'[39m,
  planRunId: [32m'run-1'[39m,
  orgId: [32m'00D4x00000000ABC'[39m,
  readyCount: [33m0[39m,
  blockedCount: [33m0[39m,
  handoffCount: [33m0[39m,
  parkedOnHandoff: [33m0[39m,
  blockedOnDependencyCount: [33m0[39m,
  claimedCount: [33m0[39m,
  awaitingInput: [33mfalse[39m,
  awaitingHandoff: [33mfalse[39m
}
[32m[Nest] 93451  - [39m07/27/2026, 12:15:05 PM [32m    LOG[39m [38;5;3m[ResolveReadyStepsHandler] [39mObject(11) {
  action: [32m'resolveReadySteps.done'[39m,
  planRunId: [32m'run-1'[39m,
  orgId: [32m'00D4x00000000ABC'[39m,
  readyCount: [33m1[39m,
  blockedCount: [33m0[39m,
  handoffCount: [33m0[39m,
  parkedOnHandoff: [33m0[39m,
  blockedOnDependencyCount: [33m0[39m,
  claimedCount: [33m1[39m,
  awaitingInput: [33mfalse[39m,
  awaitingHandoff: [33mfalse[39m
}
[32m[Nest] 93451  - [39m07/27/2026, 12:15:05 PM [32m    LOG[39m [38;5;3m[ResolveReadyStepsHandler] [39mObject(11) {
  action: [32m'resolveReadySteps.done'[39m,
  planRunId: [32m'run-1'[39m,
  orgId: [32m'00D4x00000000ABC'[39m,
  readyCount: [33m0[39m,
  blockedCount: [33m0[39m,
  handoffCount: [33m0[39m,
  parkedOnHandoff: [33m0[39m,
  blockedOnDependencyCount: [33m0[39m,
  claimedCount: [33m0[39m,
  awaitingInput: [33mfalse[39m,
  awaitingHandoff: [33mfalse[39m
}
[32m[Nest] 93451  - [39m07/27/2026, 12:15:05 PM [32m    LOG[39m [38;5;3m[ResolveReadyStepsHandler] [39mObject(11) {
  action: [32m'resolveReadySteps.done'[39m,
  planRunId: [32m'run-1'[39m,
  orgId: [32m'00D4x00000000ABC'[39m,
  readyCount: [33m0[39m,
  blockedCount: [33m0[39m,
  handoffCount: [33m0[39m,
  parkedOnHandoff: [33m0[39m,
  blockedOnDependencyCount: [33m0[39m,
  claimedCount: [33m0[39m,
  awaitingInput: [33mfalse[39m,
  awaitingHandoff: [33mfalse[39m
}
[32m[Nest] 93451  - [39m07/27/2026, 12:15:05 PM [32m    LOG[39m [38;5;3m[ResolveReadyStepsHandler] [39mObject(11) {
  action: [32m'resolveReadySteps.done'[39m,
  planRunId: [32m'run-1'[39m,
  orgId: [32m'00D4x00000000ABC'[39m,
  readyCount: [33m1[39m,
  blockedCount: [33m0[39m,
  handoffCount: [33m0[39m,
  parkedOnHandoff: [33m0[39m,
  blockedOnDependencyCount: [33m0[39m,
  claimedCount: [33m1[39m,
  awaitingInput: [33mfalse[39m,
  awaitingHandoff: [33mfalse[39m
}
[32m[Nest] 93451  - [39m07/27/2026, 12:15:05 PM [32m    LOG[39m [38;5;3m[ResolveReadyStepsHandler] [39mObject(11) {
  action: [32m'resolveReadySteps.done'[39m,
  planRunId: [32m'run-1'[39m,
  orgId: [32m'00D4x00000000ABC'[39m,
  readyCount: [33m1[39m,
  blockedCount: [33m0[39m,
  handoffCount: [33m0[39m,
  parkedOnHandoff: [33m0[39m,
  blockedOnDependencyCount: [33m0[39m,
  claimedCount: [33m1[39m,
  awaitingInput: [33mfalse[39m,
  awaitingHandoff: [33mfalse[39m
}
[32m[Nest] 93451  - [39m07/27/2026, 12:15:05 PM [32m    LOG[39m [38;5;3m[ResolveReadyStepsHandler] [39mObject(11) {
  action: [32m'resolveReadySteps.done'[39m,
  planRunId: [32m'run-1'[39m,
  orgId: [32m'00D4x00000000ABC'[39m,
  readyCount: [33m1[39m,
  blockedCount: [33m0[39m,
  handoffCount: [33m0[39m,
  parkedOnHandoff: [33m0[39m,
  blockedOnDependencyCount: [33m0[39m,
  claimedCount: [33m1[39m,
  awaitingInput: [33mfalse[39m,
  awaitingHandoff: [33mfalse[39m
}
[32m[Nest] 93451  - [39m07/27/2026, 12:15:05 PM [32m    LOG[39m [38;5;3m[ResolveReadyStepsHandler] [39mObject(11) {
  action: [32m'resolveReadySteps.done'[39m,
  planRunId: [32m'run-1'[39m,
  orgId: [32m'00D4x00000000ABC'[39m,
  readyCount: [33m1[39m,
  blockedCount: [33m0[39m,
  handoffCount: [33m0[39m,
  parkedOnHandoff: [33m0[39m,
  blockedOnDependencyCount: [33m0[39m,
  claimedCount: [33m1[39m,
  awaitingInput: [33mfalse[39m,
  awaitingHandoff: [33mfalse[39m
}
[32m[Nest] 93451  - [39m07/27/2026, 12:15:05 PM [32m    LOG[39m [38;5;3m[ResolveReadyStepsHandler] [39mObject(11) {
  action: [32m'resolveReadySteps.done'[39m,
  planRunId: [32m'run-1'[39m,
  orgId: [32m'00D4x00000000ABC'[39m,
  readyCount: [33m1[39m,
  blockedCount: [33m0[39m,
  handoffCount: [33m0[39m,
  parkedOnHandoff: [33m0[39m,
  blockedOnDependencyCount: [33m0[39m,
  claimedCount: [33m1[39m,
  awaitingInput: [33mfalse[39m,
  awaitingHandoff: [33mfalse[39m
}
[32m[Nest] 93451  - [39m07/27/2026, 12:15:05 PM [32m    LOG[39m [38;5;3m[ResolveReadyStepsHandler] [39mObject(4) {
  action: [32m'resolveReadySteps.caseRunFinalized'[39m,
  planRunId: [32m'run-1'[39m,
  caseRunId: [32m'cA'[39m,
  status: [32m'FAILED'[39m
}
[32m[Nest] 93451  - [39m07/27/2026, 12:15:05 PM [32m    LOG[39m [38;5;3m[ResolveReadyStepsHandler] [39mObject(11) {
  action: [32m'resolveReadySteps.done'[39m,
  planRunId: [32m'run-1'[39m,
  orgId: [32m'00D4x00000000ABC'[39m,
  readyCount: [33m0[39m,
  blockedCount: [33m0[39m,
  handoffCount: [33m0[39m,
  parkedOnHandoff: [33m0[39m,
  blockedOnDependencyCount: [33m0[39m,
  claimedCount: [33m0[39m,
  awaitingInput: [33mfalse[39m,
  awaitingHandoff: [33mfalse[39m
}
[32m[Nest] 93451  - [39m07/27/2026, 12:15:05 PM [32m    LOG[39m [38;5;3m[ResolveReadyStepsHandler] [39mObject(4) {
  action: [32m'resolveReadySteps.caseRunFinalized'[39m,
  planRunId: [32m'run-1'[39m,
  caseRunId: [32m'cA'[39m,
  status: [32m'COMPLETED'[39m
}
[32m[Nest] 93451  - [39m07/27/2026, 12:15:05 PM [32m    LOG[39m [38;5;3m[ResolveReadyStepsHandler] [39mObject(11) {
  action: [32m'resolveReadySteps.done'[39m,
  planRunId: [32m'run-1'[39m,
  orgId: [32m'00D4x00000000ABC'[39m,
  readyCount: [33m0[39m,
  blockedCount: [33m0[39m,
  handoffCount: [33m0[39m,
  parkedOnHandoff: [33m0[39m,
  blockedOnDependencyCount: [33m0[39m,
  claimedCount: [33m0[39m,
  awaitingInput: [33mfalse[39m,
  awaitingHandoff: [33mfalse[39m
}
[32m[Nest] 93451  - [39m07/27/2026, 12:15:05 PM [32m    LOG[39m [38;5;3m[ResolveReadyStepsHandler] [39mObject(11) {
  action: [32m'resolveReadySteps.done'[39m,
  planRunId: [32m'run-1'[39m,
  orgId: [32m'00D4x00000000ABC'[39m,
  readyCount: [33m0[39m,
  blockedCount: [33m0[39m,
  handoffCount: [33m0[39m,
  parkedOnHandoff: [33m0[39m,
  blockedOnDependencyCount: [33m0[39m,
  claimedCount: [33m0[39m,
  awaitingInput: [33mfalse[39m,
  awaitingHandoff: [33mfalse[39m
}
[32m[Nest] 93451  - [39m07/27/2026, 12:15:05 PM [32m    LOG[39m [38;5;3m[ResolveReadyStepsHandler] [39mObject(11) {
  action: [32m'resolveReadySteps.done'[39m,
  planRunId: [32m'run-1'[39m,
  orgId: [32m'00D4x00000000ABC'[39m,
  readyCount: [33m0[39m,
  blockedCount: [33m0[39m,
  handoffCount: [33m0[39m,
  parkedOnHandoff: [33m0[39m,
  blockedOnDependencyCount: [33m0[39m,
  claimedCount: [33m0[39m,
  awaitingInput: [33mfalse[39m,
  awaitingHandoff: [33mfalse[39m
}
[32m[Nest] 93451  - [39m07/27/2026, 12:15:05 PM [32m    LOG[39m [38;5;3m[ResolveReadyStepsHandler] [39mObject(4) {
  action: [32m'resolveReadySteps.caseRunFinalized'[39m,
  planRunId: [32m'run-1'[39m,
  caseRunId: [32m'cA'[39m,
  status: [32m'FAILED'[39m
}
[32m[Nest] 93451  - [39m07/27/2026, 12:15:05 PM [32m    LOG[39m [38;5;3m[ResolveReadyStepsHandler] [39mObject(11) {
  action: [32m'resolveReadySteps.done'[39m,
  planRunId: [32m'run-1'[39m,
  orgId: [32m'00D4x00000000ABC'[39m,
  readyCount: [33m1[39m,
  blockedCount: [33m0[39m,
  handoffCount: [33m0[39m,
  parkedOnHandoff: [33m0[39m,
  blockedOnDependencyCount: [33m0[39m,
  claimedCount: [33m1[39m,
  awaitingInput: [33mfalse[39m,
  awaitingHandoff: [33mfalse[39m
}
[32m[Nest] 93451  - [39m07/27/2026, 12:15:05 PM [32m    LOG[39m [38;5;3m[ResolveReadyStepsHandler] [39mObject(4) {
  action: [32m'resolveReadySteps.caseRunFinalized'[39m,
  planRunId: [32m'run-1'[39m,
  caseRunId: [32m'cA'[39m,
  status: [32m'FAILED'[39m
}
[32m[Nest] 93451  - [39m07/27/2026, 12:15:05 PM [32m    LOG[39m [38;5;3m[ResolveReadyStepsHandler] [39mObject(3) {
  action: [32m'resolveReadySteps.planRunAlreadyFinalized'[39m,
  planRunId: [32m'run-1'[39m,
  toStatus: [32m'FAILED'[39m
}
[32m[Nest] 93451  - [39m07/27/2026, 12:15:05 PM [32m    LOG[39m [38;5;3m[ResolveReadyStepsHandler] [39mObject(11) {
  action: [32m'resolveReadySteps.done'[39m,
  planRunId: [32m'run-1'[39m,
  orgId: [32m'00D4x00000000ABC'[39m,
  readyCount: [33m0[39m,
  blockedCount: [33m0[39m,
  handoffCount: [33m0[39m,
  parkedOnHandoff: [33m0[39m,
  blockedOnDependencyCount: [33m0[39m,
  claimedCount: [33m0[39m,
  awaitingInput: [33mfalse[39m,
  awaitingHandoff: [33mfalse[39m
}
PASS src/implementations/infrastructure/entrypoints/lambda/resolve-ready-steps.handler.spec.ts (6.761 s)
PASS src/implementations/infrastructure/seeds/specs/ic-3-16-org-wide-email.spec.ts (6.34 s)
PASS src/implementations/infrastructure/seeds/specs/ic-3-22-pos-batches.spec.ts (5.847 s)
PASS src/implementations/infrastructure/seeds/specs/ic-5-07-npsp-customizable-rollups.spec.ts
PASS src/implementations/infrastructure/seeds/publish-plan-template.cli.spec.ts (6.466 s)
PASS src/csm/avoma-ingestion/application/use-cases/reconcile-avoma-ingestion.use-case.spec.ts
[32m[Nest] 93449  - [39m07/27/2026, 12:15:06 PM [32m    LOG[39m [38;5;3m[ReconcileAvomaIngestionUseCase] [39m[32mAvoma reconcile [2025-01-01..2025-01-07]: scanned=4 ready=1 ingested=1 skipped=0 pending=3 failed=0 (stalePendingRechecked=0)[39m
[32m[Nest] 93449  - [39m07/27/2026, 12:15:06 PM [32m    LOG[39m [38;5;3m[ReconcileAvomaIngestionUseCase] [39m[32mAvoma reconcile [2025-01-01..2025-01-07]: scanned=3 ready=3 ingested=1 skipped=2 pending=0 failed=0 (stalePendingRechecked=0)[39m
[32m[Nest] 93449  - [39m07/27/2026, 12:15:06 PM [32m    LOG[39m [38;5;3m[ReconcileAvomaIngestionUseCase] [39m[32mAvoma reconcile [2025-01-01..2025-01-07]: scanned=3 ready=3 ingested=2 skipped=0 pending=0 failed=1 (stalePendingRechecked=0)[39m
[32m[Nest] 93449  - [39m07/27/2026, 12:15:06 PM [32m    LOG[39m [38;5;3m[ReconcileAvomaIngestionUseCase] [39m[32mAvoma reconcile [2025-01-01..2025-01-07]: scanned=2 ready=2 ingested=1 skipped=1 pending=0 failed=0 (stalePendingRechecked=0)[39m
[32m[Nest] 93449  - [39m07/27/2026, 12:15:06 PM [32m    LOG[39m [38;5;3m[ReconcileAvomaIngestionUseCase] [39m[32mAvoma reconcile [2025-01-01..2025-01-07]: scanned=8 ready=8 ingested=4 skipped=3 pending=0 failed=1 (stalePendingRechecked=0)[39m
[32m[Nest] 93449  - [39m07/27/2026, 12:15:06 PM [32m    LOG[39m [38;5;3m[ReconcileAvomaIngestionUseCase] [39m[32mAvoma reconcile [2025-01-01..2025-01-07]: scanned=12 ready=12 ingested=12 skipped=0 pending=0 failed=0 (stalePendingRechecked=0)[39m
[32m[Nest] 93449  - [39m07/27/2026, 12:15:06 PM [32m    LOG[39m [38;5;3m[ReconcileAvomaIngestionUseCase] [39m[32mAvoma reconcile [2025-01-01..2025-01-07]: scanned=1 ready=1 ingested=1 skipped=0 pending=0 failed=0 (stalePendingRechecked=0)[39m
[32m[Nest] 93449  - [39m07/27/2026, 12:15:06 PM [32m    LOG[39m [38;5;3m[ReconcileAvomaIngestionUseCase] [39m[32mAvoma reconcile [2025-01-01..2025-01-07]: scanned=3 ready=1 ingested=1 skipped=0 pending=2 failed=0 (stalePendingRechecked=0)[39m
[32m[Nest] 93449  - [39m07/27/2026, 12:15:06 PM [32m    LOG[39m [38;5;3m[ReconcileAvomaIngestionUseCase] [39m[32mAvoma reconcile [2025-01-01..2025-01-07]: scanned=1 ready=1 ingested=3 skipped=0 pending=0 failed=0 (stalePendingRechecked=2)[39m
PASS src/migration/infrastructure/entrypoints/migration-objects/migration-objects.controller.spec.ts
PASS src/csm/account-health/application/use-cases/get-account-health.use-case.spec.ts
PASS src/backups/application/use-cases/init-multipart-upload.use-case.spec.ts
PASS src/csm/workspace/infrastructure/entrypoints/api/workspace.controller.spec.ts
[32m[Nest] 93448  - [39m07/27/2026, 12:15:06 PM [32m    LOG[39m [38;5;3m[T2PageLayoutJsforceAdapter] [39mObject(4) {
  action: [32m'editLayoutFields'[39m,
  orgId: [32m'00D4x00000000ABC'[39m,
  layout: [32m'Contact-Contact Layout'[39m,
  opCount: [33m1[39m
}
[32m[Nest] 93448  - [39m07/27/2026, 12:15:06 PM [32m    LOG[39m [38;5;3m[T2PageLayoutJsforceAdapter] [39mObject(5) {
  action: [32m'editLayoutFields.done'[39m,
  orgId: [32m'00D4x00000000ABC'[39m,
  layout: [32m'Contact-Contact Layout'[39m,
  updated: [33mtrue[39m,
  verified: [33mtrue[39m
}
[32m[Nest] 93452  - [39m07/27/2026, 12:15:06 PM [32m    LOG[39m [38;5;3m[InitMultipartUploadUseCase] [39mObject(7) {
  event: [32m'backup.multipart.init.started'[39m,
  clientId: [32m'client-1'[39m,
  backupId: [32m'backup-1'[39m,
  key: [32m'client-1/backups/tucson.bak'[39m,
  fileSize: [33m209715200[39m,
  partCount: [33m2[39m,
  chunkSize: [33m104857600[39m
}
[32m[Nest] 93452  - [39m07/27/2026, 12:15:06 PM [32m    LOG[39m [38;5;3m[InitMultipartUploadUseCase] [39mObject(8) {
  event: [32m'backup.multipart.init.completed'[39m,
  clientId: [32m'client-1'[39m,
  backupId: [32m'backup-1'[39m,
  key: [32m'client-1/backups/tucson.bak'[39m,
  uploadId: [32m'upload-1'[39m,
  fileSize: [33m209715200[39m,
  partCount: [33m2[39m,
  chunkSize: [33m104857600[39m
}
[32m[Nest] 93452  - [39m07/27/2026, 12:15:06 PM [32m    LOG[39m [38;5;3m[InitMultipartUploadUseCase] [39mObject(7) {
  event: [32m'backup.multipart.init.started'[39m,
  clientId: [32m'client-1'[39m,
  backupId: [32m'backup-1'[39m,
  key: [32m'client-1/backups/tucson.bak'[39m,
  fileSize: [33m104857600[39m,
  partCount: [33m1[39m,
  chunkSize: [33m104857600[39m
}
[32m[Nest] 93452  - [39m07/27/2026, 12:15:06 PM [32m    LOG[39m [38;5;3m[InitMultipartUploadUseCase] [39mObject(8) {
  event: [32m'backup.multipart.init.completed'[39m,
  clientId: [32m'client-1'[39m,
  backupId: [32m'backup-1'[39m,
  key: [32m'client-1/backups/tucson.bak'[39m,
  uploadId: [32m'upload-1'[39m,
  fileSize: [33m104857600[39m,
  partCount: [33m1[39m,
  chunkSize: [33m104857600[39m
}
[32m[Nest] 93448  - [39m07/27/2026, 12:15:06 PM [32m    LOG[39m [38;5;3m[T2PageLayoutJsforceAdapter] [39mObject(4) {
  action: [32m'editLayoutFields'[39m,
  orgId: [32m'00D4x00000000ABC'[39m,
  layout: [32m'Contact-Contact Layout'[39m,
  opCount: [33m1[39m
}
[32m[Nest] 93448  - [39m07/27/2026, 12:15:06 PM [32m    LOG[39m [38;5;3m[T2PageLayoutJsforceAdapter] [39mObject(5) {
  action: [32m'editLayoutFields.done'[39m,
  orgId: [32m'00D4x00000000ABC'[39m,
  layout: [32m'Contact-Contact Layout'[39m,
  updated: [33mtrue[39m,
  verified: [33mtrue[39m
}
[32m[Nest] 93448  - [39m07/27/2026, 12:15:06 PM [32m    LOG[39m [38;5;3m[T2PageLayoutJsforceAdapter] [39mObject(4) {
  action: [32m'editLayoutFields'[39m,
  orgId: [32m'00D4x00000000ABC'[39m,
  layout: [32m'Contact-Contact Layout'[39m,
  opCount: [33m1[39m
}
[32m[Nest] 93448  - [39m07/27/2026, 12:15:06 PM [32m    LOG[39m [38;5;3m[T2PageLayoutJsforceAdapter] [39mObject(5) {
  action: [32m'editLayoutFields.done'[39m,
  orgId: [32m'00D4x00000000ABC'[39m,
  layout: [32m'Contact-Contact Layout'[39m,
  updated: [33mtrue[39m,
  verified: [33mtrue[39m
}
[32m[Nest] 93448  - [39m07/27/2026, 12:15:06 PM [32m    LOG[39m [38;5;3m[T2PageLayoutJsforceAdapter] [39mObject(4) {
  action: [32m'editLayoutFields'[39m,
  orgId: [32m'00D4x00000000ABC'[39m,
  layout: [32m'Contact-Contact Layout'[39m,
  opCount: [33m1[39m
}
[32m[Nest] 93448  - [39m07/27/2026, 12:15:06 PM [32m    LOG[39m [38;5;3m[T2PageLayoutJsforceAdapter] [39mObject(5) {
  action: [32m'editLayoutFields.done'[39m,
  orgId: [32m'00D4x00000000ABC'[39m,
  layout: [32m'Contact-Contact Layout'[39m,
  updated: [33mtrue[39m,
  verified: [33mtrue[39m
}
[32m[Nest] 93448  - [39m07/27/2026, 12:15:06 PM [32m    LOG[39m [38;5;3m[T2PageLayoutJsforceAdapter] [39mObject(4) {
  action: [32m'editLayoutFields'[39m,
  orgId: [32m'00D4x00000000ABC'[39m,
  layout: [32m'Contact-Contact Layout'[39m,
  opCount: [33m1[39m
}
[32m[Nest] 93448  - [39m07/27/2026, 12:15:06 PM [32m    LOG[39m [38;5;3m[T2PageLayoutJsforceAdapter] [39mObject(5) {
  action: [32m'editLayoutFields.done'[39m,
  orgId: [32m'00D4x00000000ABC'[39m,
  layout: [32m'Contact-Contact Layout'[39m,
  updated: [33mtrue[39m,
  verified: [33mtrue[39m
}
[32m[Nest] 93448  - [39m07/27/2026, 12:15:06 PM [32m    LOG[39m [38;5;3m[T2PageLayoutJsforceAdapter] [39mObject(4) {
  action: [32m'editLayoutFields'[39m,
  orgId: [32m'00D4x00000000ABC'[39m,
  layout: [32m'Contact-Contact Layout'[39m,
  opCount: [33m1[39m
}
[32m[Nest] 93448  - [39m07/27/2026, 12:15:06 PM [32m    LOG[39m [38;5;3m[T2PageLayoutJsforceAdapter] [39mObject(5) {
  action: [32m'editLayoutFields.done'[39m,
  orgId: [32m'00D4x00000000ABC'[39m,
  layout: [32m'Contact-Contact Layout'[39m,
  updated: [33mtrue[39m,
  verified: [33mtrue[39m
}
[32m[Nest] 93448  - [39m07/27/2026, 12:15:06 PM [32m    LOG[39m [38;5;3m[T2PageLayoutJsforceAdapter] [39mObject(4) {
  action: [32m'editLayoutFields'[39m,
  orgId: [32m'00D4x00000000ABC'[39m,
  layout: [32m'Contact-Contact Layout'[39m,
  opCount: [33m1[39m
}
[32m[Nest] 93448  - [39m07/27/2026, 12:15:06 PM [32m    LOG[39m [38;5;3m[T2PageLayoutJsforceAdapter] [39mObject(5) {
  action: [32m'editLayoutFields.done'[39m,
  orgId: [32m'00D4x00000000ABC'[39m,
  layout: [32m'Contact-Contact Layout'[39m,
  updated: [33mtrue[39m,
  verified: [33mfalse[39m
}
[32m[Nest] 93448  - [39m07/27/2026, 12:15:06 PM [32m    LOG[39m [38;5;3m[T2PageLayoutJsforceAdapter] [39mObject(4) {
  action: [32m'editLayoutFields'[39m,
  orgId: [32m'00D4x00000000ABC'[39m,
  layout: [32m'Contact-Contact Layout'[39m,
  opCount: [33m1[39m
}
[32m[Nest] 93448  - [39m07/27/2026, 12:15:06 PM [32m    LOG[39m [38;5;3m[T2PageLayoutJsforceAdapter] [39mObject(4) {
  action: [32m'editLayoutFields'[39m,
  orgId: [32m'00D4x00000000ABC'[39m,
  layout: [32m'Contact-Contact Layout'[39m,
  opCount: [33m1[39m
}
[32m[Nest] 93448  - [39m07/27/2026, 12:15:06 PM [32m    LOG[39m [38;5;3m[T2PageLayoutJsforceAdapter] [39mObject(5) {
  action: [32m'editLayoutFields.done'[39m,
  orgId: [32m'00D4x00000000ABC'[39m,
  layout: [32m'Contact-Contact Layout'[39m,
  updated: [33mtrue[39m,
  verified: [33mfalse[39m
}
[32m[Nest] 93448  - [39m07/27/2026, 12:15:06 PM [32m    LOG[39m [38;5;3m[T2PageLayoutJsforceAdapter] [39mObject(4) {
  action: [32m'editLayoutFields'[39m,
  orgId: [32m'00D4x00000000ABC'[39m,
  layout: [32m'Contact-Contact Layout'[39m,
  opCount: [33m1[39m
}
[32m[Nest] 93448  - [39m07/27/2026, 12:15:06 PM [32m    LOG[39m [38;5;3m[T2PageLayoutJsforceAdapter] [39mObject(4) {
  action: [32m'editLayoutFields'[39m,
  orgId: [32m'00D4x00000000ABC'[39m,
  layout: [32m'Contact-Contact Layout'[39m,
  opCount: [33m1[39m
}
[32m[Nest] 93448  - [39m07/27/2026, 12:15:06 PM [32m    LOG[39m [38;5;3m[T2PageLayoutJsforceAdapter] [39mObject(4) {
  action: [32m'editLayoutFields'[39m,
  orgId: [32m'00D4x00000000ABC'[39m,
  layout: [32m'Contact-Contact Layout'[39m,
  opCount: [33m1[39m
}
[32m[Nest] 93448  - [39m07/27/2026, 12:15:06 PM [32m    LOG[39m [38;5;3m[T2PageLayoutJsforceAdapter] [39mObject(4) {
  action: [32m'editLayoutFields'[39m,
  orgId: [32m'00D4x00000000ABC'[39m,
  layout: [32m'Contact-Contact Layout'[39m,
  opCount: [33m1[39m
}
[32m[Nest] 93448  - [39m07/27/2026, 12:15:06 PM [32m    LOG[39m [38;5;3m[T2PageLayoutJsforceAdapter] [39mObject(4) {
  action: [32m'editLayoutFields'[39m,
  orgId: [32m'00D4x00000000ABC'[39m,
  layout: [32m'Contact-Contact Layout'[39m,
  opCount: [33m1[39m
}
[32m[Nest] 93448  - [39m07/27/2026, 12:15:06 PM [32m    LOG[39m [38;5;3m[T2PageLayoutJsforceAdapter] [39mObject(5) {
  action: [32m'editLayoutFields.done'[39m,
  orgId: [32m'00D4x00000000ABC'[39m,
  layout: [32m'Contact-Contact Layout'[39m,
  updated: [33mtrue[39m,
  verified: [33mtrue[39m
}
[32m[Nest] 93448  - [39m07/27/2026, 12:15:06 PM [32m    LOG[39m [38;5;3m[T2PageLayoutJsforceAdapter] [39mObject(4) {
  action: [32m'editLayoutFields'[39m,
  orgId: [32m'00D4x00000000ABC'[39m,
  layout: [32m'Contact-Contact Layout'[39m,
  opCount: [33m1[39m
}
[32m[Nest] 93448  - [39m07/27/2026, 12:15:06 PM [32m    LOG[39m [38;5;3m[T2PageLayoutJsforceAdapter] [39mObject(5) {
  action: [32m'editLayoutFields.done'[39m,
  orgId: [32m'00D4x00000000ABC'[39m,
  layout: [32m'Contact-Contact Layout'[39m,
  updated: [33mtrue[39m,
  verified: [33mfalse[39m
}
[32m[Nest] 93448  - [39m07/27/2026, 12:15:06 PM [32m    LOG[39m [38;5;3m[T2PageLayoutJsforceAdapter] [39mObject(4) {
  action: [32m'editLayoutFields'[39m,
  orgId: [32m'00D4x00000000ABC'[39m,
  layout: [32m'Contact-Contact Layout'[39m,
  opCount: [33m1[39m
}
[32m[Nest] 93448  - [39m07/27/2026, 12:15:06 PM [32m    LOG[39m [38;5;3m[T2PageLayoutJsforceAdapter] [39mObject(5) {
  action: [32m'editLayoutFields.done'[39m,
  orgId: [32m'00D4x00000000ABC'[39m,
  layout: [32m'Contact-Contact Layout'[39m,
  updated: [33mtrue[39m,
  verified: [33mtrue[39m
}
[32m[Nest] 93448  - [39m07/27/2026, 12:15:06 PM [32m    LOG[39m [38;5;3m[T2PageLayoutJsforceAdapter] [39mObject(4) {
  action: [32m'editLayoutFields'[39m,
  orgId: [32m'00D4x00000000ABC'[39m,
  layout: [32m'Contact-Contact Layout'[39m,
  opCount: [33m1[39m
}
[32m[Nest] 93448  - [39m07/27/2026, 12:15:06 PM [32m    LOG[39m [38;5;3m[T2PageLayoutJsforceAdapter] [39mObject(5) {
  action: [32m'editLayoutFields.done'[39m,
  orgId: [32m'00D4x00000000ABC'[39m,
  layout: [32m'Contact-Contact Layout'[39m,
  updated: [33mtrue[39m,
  verified: [33mfalse[39m
}
PASS src/shared/lambda/handlers/backup-infrastructure-task.handler.spec.ts
[32m[Nest] 93451  - [39m07/27/2026, 12:15:06 PM [32m    LOG[39m [38;5;3m[BackupInfrastructureTaskHandler] [39m[32mHandling async backup provisioning task for backup backup-1 client=client-1[39m
[32m[Nest] 93451  - [39m07/27/2026, 12:15:06 PM [32m    LOG[39m [38;5;3m[BackupInfrastructureTaskHandler] [39m[32mHandling async backup deletion task for backup backup-1 client=client-1[39m
[32m[Nest] 93451  - [39m07/27/2026, 12:15:06 PM [32m    LOG[39m [38;5;3m[BackupInfrastructureTaskHandler] [39m[32mHandling async backup toggle task for backup backup-1 client=client-1 target=OFF[39m
[32m[Nest] 93448  - [39m07/27/2026, 12:15:06 PM [32m    LOG[39m [38;5;3m[T2PageLayoutJsforceAdapter] [39mObject(4) {
  action: [32m'editLayoutFields'[39m,
  orgId: [32m'00D4x00000000ABC'[39m,
  layout: [32m'Contact-Contact Layout'[39m,
  opCount: [33m1[39m
}
[32m[Nest] 93448  - [39m07/27/2026, 12:15:06 PM [32m    LOG[39m [38;5;3m[T2PageLayoutJsforceAdapter] [39mObject(5) {
  action: [32m'editLayoutFields.done'[39m,
  orgId: [32m'00D4x00000000ABC'[39m,
  layout: [32m'Contact-Contact Layout'[39m,
  updated: [33mtrue[39m,
  verified: [33mtrue[39m
}
[32m[Nest] 93448  - [39m07/27/2026, 12:15:06 PM [32m    LOG[39m [38;5;3m[T2PageLayoutJsforceAdapter] [39mObject(4) {
  action: [32m'editLayoutFields'[39m,
  orgId: [32m'00D4x00000000ABC'[39m,
  layout: [32m'Contact-Contact Layout'[39m,
  opCount: [33m1[39m
}
[32m[Nest] 93448  - [39m07/27/2026, 12:15:06 PM [32m    LOG[39m [38;5;3m[T2PageLayoutJsforceAdapter] [39mObject(5) {
  action: [32m'editLayoutFields.done'[39m,
  orgId: [32m'00D4x00000000ABC'[39m,
  layout: [32m'Contact-Contact Layout'[39m,
  updated: [33mtrue[39m,
  verified: [33mtrue[39m
}
[32m[Nest] 93448  - [39m07/27/2026, 12:15:06 PM [32m    LOG[39m [38;5;3m[T2PageLayoutJsforceAdapter] [39mObject(4) {
  action: [32m'editLayoutFields'[39m,
  orgId: [32m'00D4x00000000ABC'[39m,
  layout: [32m'Contact-Contact Layout'[39m,
  opCount: [33m1[39m
}
[32m[Nest] 93448  - [39m07/27/2026, 12:15:06 PM [32m    LOG[39m [38;5;3m[T2PageLayoutJsforceAdapter] [39mObject(5) {
  action: [32m'editLayoutFields.done'[39m,
  orgId: [32m'00D4x00000000ABC'[39m,
  layout: [32m'Contact-Contact Layout'[39m,
  updated: [33mtrue[39m,
  verified: [33mtrue[39m
}
[32m[Nest] 93448  - [39m07/27/2026, 12:15:06 PM [32m    LOG[39m [38;5;3m[T2PageLayoutJsforceAdapter] [39mObject(4) {
  action: [32m'editLayoutFields'[39m,
  orgId: [32m'00D4x00000000ABC'[39m,
  layout: [32m'Contact-Contact Layout'[39m,
  opCount: [33m1[39m
}
[32m[Nest] 93448  - [39m07/27/2026, 12:15:06 PM [32m    LOG[39m [38;5;3m[T2PageLayoutJsforceAdapter] [39mObject(5) {
  action: [32m'editLayoutFields.done'[39m,
  orgId: [32m'00D4x00000000ABC'[39m,
  layout: [32m'Contact-Contact Layout'[39m,
  updated: [33mtrue[39m,
  verified: [33mtrue[39m
}
[32m[Nest] 93448  - [39m07/27/2026, 12:15:06 PM [32m    LOG[39m [38;5;3m[T2PageLayoutJsforceAdapter] [39mObject(4) {
  action: [32m'editLayoutFields'[39m,
  orgId: [32m'00D4x00000000ABC'[39m,
  layout: [32m'Contact-Contact Layout'[39m,
  opCount: [33m1[39m
}
[32m[Nest] 93448  - [39m07/27/2026, 12:15:06 PM [32m    LOG[39m [38;5;3m[T2PageLayoutJsforceAdapter] [39mObject(5) {
  action: [32m'editLayoutFields.done'[39m,
  orgId: [32m'00D4x00000000ABC'[39m,
  layout: [32m'Contact-Contact Layout'[39m,
  updated: [33mtrue[39m,
  verified: [33mfalse[39m
}
[32m[Nest] 93448  - [39m07/27/2026, 12:15:06 PM [32m    LOG[39m [38;5;3m[T2PageLayoutJsforceAdapter] [39mObject(4) {
  action: [32m'editLayoutFields'[39m,
  orgId: [32m'00D4x00000000ABC'[39m,
  layout: [32m'Contact-Contact Layout'[39m,
  opCount: [33m1[39m
}
[32m[Nest] 93448  - [39m07/27/2026, 12:15:06 PM [32m    LOG[39m [38;5;3m[T2PageLayoutJsforceAdapter] [39mObject(5) {
  action: [32m'editLayoutFields.done'[39m,
  orgId: [32m'00D4x00000000ABC'[39m,
  layout: [32m'Contact-Contact Layout'[39m,
  updated: [33mtrue[39m,
  verified: [33mtrue[39m
}
[32m[Nest] 93448  - [39m07/27/2026, 12:15:06 PM [32m    LOG[39m [38;5;3m[T2PageLayoutJsforceAdapter] [39mObject(4) {
  action: [32m'editLayoutFields'[39m,
  orgId: [32m'00D4x00000000ABC'[39m,
  layout: [32m'Contact-Contact Layout'[39m,
  opCount: [33m1[39m
}
[32m[Nest] 93448  - [39m07/27/2026, 12:15:06 PM [32m    LOG[39m [38;5;3m[T2PageLayoutJsforceAdapter] [39mObject(5) {
  action: [32m'editLayoutFields.done'[39m,
  orgId: [32m'00D4x00000000ABC'[39m,
  layout: [32m'Contact-Contact Layout'[39m,
  updated: [33mtrue[39m,
  verified: [33mfalse[39m
}
[32m[Nest] 93448  - [39m07/27/2026, 12:15:06 PM [32m    LOG[39m [38;5;3m[T2PageLayoutJsforceAdapter] [39mObject(4) {
  action: [32m'editLayoutFields'[39m,
  orgId: [32m'00D4x00000000ABC'[39m,
  layout: [32m'Contact-Contact Layout'[39m,
  opCount: [33m2[39m
}
[32m[Nest] 93448  - [39m07/27/2026, 12:15:06 PM [32m    LOG[39m [38;5;3m[T2PageLayoutJsforceAdapter] [39mObject(5) {
  action: [32m'editLayoutFields.done'[39m,
  orgId: [32m'00D4x00000000ABC'[39m,
  layout: [32m'Contact-Contact Layout'[39m,
  updated: [33mtrue[39m,
  verified: [33mtrue[39m
}
[32m[Nest] 93448  - [39m07/27/2026, 12:15:06 PM [32m    LOG[39m [38;5;3m[T2PageLayoutJsforceAdapter] [39mObject(6) {
  action: [32m'assignLayout'[39m,
  orgId: [32m'00D4x00000000ABC'[39m,
  layout: [32m'Lead-Lead Veevart V3'[39m,
  object: [32m'Lead'[39m,
  profileCount: [33m1[39m,
  recordType: [1mnull[22m
}
[32m[Nest] 93448  - [39m07/27/2026, 12:15:06 PM [32m    LOG[39m [38;5;3m[T2PageLayoutJsforceAdapter] [39mObject(6) {
  action: [32m'assignLayout.done'[39m,
  orgId: [32m'00D4x00000000ABC'[39m,
  layout: [32m'Lead-Lead Veevart V3'[39m,
  verified: [33mtrue[39m,
  assigned: [33m1[39m,
  skippedNoAccess: [33m0[39m
}
[32m[Nest] 93448  - [39m07/27/2026, 12:15:06 PM [32m    LOG[39m [38;5;3m[T2PageLayoutJsforceAdapter] [39mObject(6) {
  action: [32m'assignLayout'[39m,
  orgId: [32m'00D4x00000000ABC'[39m,
  layout: [32m'Lead-Lead Veevart V3'[39m,
  object: [32m'Lead'[39m,
  profileCount: [33m1[39m,
  recordType: [32m'Lead.Sales'[39m
}
[32m[Nest] 93448  - [39m07/27/2026, 12:15:06 PM [32m    LOG[39m [38;5;3m[T2PageLayoutJsforceAdapter] [39mObject(6) {
  action: [32m'assignLayout.done'[39m,
  orgId: [32m'00D4x00000000ABC'[39m,
  layout: [32m'Lead-Lead Veevart V3'[39m,
  verified: [33mtrue[39m,
  assigned: [33m1[39m,
  skippedNoAccess: [33m0[39m
}
[32m[Nest] 93448  - [39m07/27/2026, 12:15:06 PM [32m    LOG[39m [38;5;3m[T2PageLayoutJsforceAdapter] [39mObject(6) {
  action: [32m'assignLayout'[39m,
  orgId: [32m'00D4x00000000ABC'[39m,
  layout: [32m'Lead-Lead Veevart V3'[39m,
  object: [32m'Lead'[39m,
  profileCount: [33m1[39m,
  recordType: [32m'Lead.Sales'[39m
}
[32m[Nest] 93448  - [39m07/27/2026, 12:15:06 PM [32m    LOG[39m [38;5;3m[T2PageLayoutJsforceAdapter] [39mObject(6) {
  action: [32m'assignLayout.done'[39m,
  orgId: [32m'00D4x00000000ABC'[39m,
  layout: [32m'Lead-Lead Veevart V3'[39m,
  verified: [33mtrue[39m,
  assigned: [33m1[39m,
  skippedNoAccess: [33m0[39m
}
[32m[Nest] 93448  - [39m07/27/2026, 12:15:06 PM [32m    LOG[39m [38;5;3m[T2PageLayoutJsforceAdapter] [39mObject(6) {
  action: [32m'assignLayout'[39m,
  orgId: [32m'00D4x00000000ABC'[39m,
  layout: [32m'Lead-Lead Veevart V3'[39m,
  object: [32m'Lead'[39m,
  profileCount: [33m2[39m,
  recordType: [1mnull[22m
}
[32m[Nest] 93448  - [39m07/27/2026, 12:15:06 PM [32m    LOG[39m [38;5;3m[T2PageLayoutJsforceAdapter] [39mObject(6) {
  action: [32m'assignLayout.done'[39m,
  orgId: [32m'00D4x00000000ABC'[39m,
  layout: [32m'Lead-Lead Veevart V3'[39m,
  verified: [33mtrue[39m,
  assigned: [33m2[39m,
  skippedNoAccess: [33m0[39m
}
[32m[Nest] 93448  - [39m07/27/2026, 12:15:06 PM [32m    LOG[39m [38;5;3m[T2PageLayoutJsforceAdapter] [39mObject(6) {
  action: [32m'assignLayout'[39m,
  orgId: [32m'00D4x00000000ABC'[39m,
  layout: [32m'Lead-Lead Veevart V3'[39m,
  object: [32m'Lead'[39m,
  profileCount: [33m1[39m,
  recordType: [1mnull[22m
}
[32m[Nest] 93448  - [39m07/27/2026, 12:15:06 PM [32m    LOG[39m [38;5;3m[T2PageLayoutJsforceAdapter] [39mObject(6) {
  action: [32m'assignLayout.done'[39m,
  orgId: [32m'00D4x00000000ABC'[39m,
  layout: [32m'Lead-Lead Veevart V3'[39m,
  verified: [33mfalse[39m,
  assigned: [33m1[39m,
  skippedNoAccess: [33m0[39m
}
[32m[Nest] 93448  - [39m07/27/2026, 12:15:06 PM [32m    LOG[39m [38;5;3m[T2PageLayoutJsforceAdapter] [39mObject(6) {
  action: [32m'assignLayout'[39m,
  orgId: [32m'00D4x00000000ABC'[39m,
  layout: [32m'Lead-Lead Veevart V3'[39m,
  object: [32m'Lead'[39m,
  profileCount: [33m1[39m,
  recordType: [1mnull[22m
}
[32m[Nest] 93448  - [39m07/27/2026, 12:15:06 PM [32m    LOG[39m [38;5;3m[T2PageLayoutJsforceAdapter] [39mObject(6) {
  action: [32m'assignLayout.done'[39m,
  orgId: [32m'00D4x00000000ABC'[39m,
  layout: [32m'Lead-Lead Veevart V3'[39m,
  verified: [33mfalse[39m,
  assigned: [33m1[39m,
  skippedNoAccess: [33m0[39m
}
[32m[Nest] 93448  - [39m07/27/2026, 12:15:06 PM [32m    LOG[39m [38;5;3m[T2PageLayoutJsforceAdapter] [39mObject(6) {
  action: [32m'assignLayout'[39m,
  orgId: [32m'00D4x00000000ABC'[39m,
  layout: [32m'Lead-Lead Veevart V3'[39m,
  object: [32m'Lead'[39m,
  profileCount: [33m1[39m,
  recordType: [1mnull[22m
}
[32m[Nest] 93448  - [39m07/27/2026, 12:15:06 PM [32m    LOG[39m [38;5;3m[T2PageLayoutJsforceAdapter] [39mObject(6) {
  action: [32m'assignLayout'[39m,
  orgId: [32m'00D4x00000000ABC'[39m,
  layout: [32m'Lead-Lead Veevart V3'[39m,
  object: [32m'Lead'[39m,
  profileCount: [33m1[39m,
  recordType: [1mnull[22m
}
[32m[Nest] 93448  - [39m07/27/2026, 12:15:06 PM [32m    LOG[39m [38;5;3m[T2PageLayoutJsforceAdapter] [39mObject(6) {
  action: [32m'assignLayout'[39m,
  orgId: [32m'00D4x00000000ABC'[39m,
  layout: [32m'Lead-Lead Veevart V3'[39m,
  object: [32m'Lead'[39m,
  profileCount: [33m1[39m,
  recordType: [1mnull[22m
}
[32m[Nest] 93448  - [39m07/27/2026, 12:15:06 PM [32m    LOG[39m [38;5;3m[T2PageLayoutJsforceAdapter] [39mObject(6) {
  action: [32m'assignLayout.done'[39m,
  orgId: [32m'00D4x00000000ABC'[39m,
  layout: [32m'Lead-Lead Veevart V3'[39m,
  verified: [33mtrue[39m,
  assigned: [33m1[39m,
  skippedNoAccess: [33m0[39m
}
[32m[Nest] 93448  - [39m07/27/2026, 12:15:06 PM [32m    LOG[39m [38;5;3m[T2PageLayoutJsforceAdapter] [39mObject(6) {
  action: [32m'assignLayout'[39m,
  orgId: [32m'00D4x00000000ABC'[39m,
  layout: [32m'Lead-Lead Veevart V3'[39m,
  object: [32m'Lead'[39m,
  profileCount: [33m1[39m,
  recordType: [1mnull[22m
}
[32m[Nest] 93448  - [39m07/27/2026, 12:15:06 PM [32m    LOG[39m [38;5;3m[T2PageLayoutJsforceAdapter] [39mObject(6) {
  action: [32m'assignLayout.done'[39m,
  orgId: [32m'00D4x00000000ABC'[39m,
  layout: [32m'Lead-Lead Veevart V3'[39m,
  verified: [33mtrue[39m,
  assigned: [33m1[39m,
  skippedNoAccess: [33m0[39m
}
[32m[Nest] 93448  - [39m07/27/2026, 12:15:06 PM [32m    LOG[39m [38;5;3m[T2PageLayoutJsforceAdapter] [39mObject(6) {
  action: [32m'assignLayout'[39m,
  orgId: [32m'00D4x00000000ABC'[39m,
  layout: [32m'Lead-Lead Veevart V3'[39m,
  object: [32m'Lead'[39m,
  profileCount: [33m1[39m,
  recordType: [32m'Lead.Sales'[39m
}
[32m[Nest] 93448  - [39m07/27/2026, 12:15:06 PM [32m    LOG[39m [38;5;3m[T2PageLayoutJsforceAdapter] [39mObject(6) {
  action: [32m'assignLayout.done'[39m,
  orgId: [32m'00D4x00000000ABC'[39m,
  layout: [32m'Lead-Lead Veevart V3'[39m,
  verified: [33mtrue[39m,
  assigned: [33m1[39m,
  skippedNoAccess: [33m0[39m
}
[32m[Nest] 93448  - [39m07/27/2026, 12:15:06 PM [32m    LOG[39m [38;5;3m[T2PageLayoutJsforceAdapter] [39mObject(6) {
  action: [32m'assignLayout'[39m,
  orgId: [32m'00D4x00000000ABC'[39m,
  layout: [32m'Lead-Lead Veevart V3'[39m,
  object: [32m'Lead'[39m,
  profileCount: [33m2[39m,
  recordType: [1mnull[22m
}
[32m[Nest] 93448  - [39m07/27/2026, 12:15:06 PM [32m    LOG[39m [38;5;3m[T2PageLayoutJsforceAdapter] [39mObject(6) {
  action: [32m'assignLayout.done'[39m,
  orgId: [32m'00D4x00000000ABC'[39m,
  layout: [32m'Lead-Lead Veevart V3'[39m,
  verified: [33mtrue[39m,
  assigned: [33m2[39m,
  skippedNoAccess: [33m0[39m
}
[32m[Nest] 93448  - [39m07/27/2026, 12:15:06 PM [32m    LOG[39m [38;5;3m[T2PageLayoutJsforceAdapter] [39mObject(6) {
  action: [32m'assignLayout'[39m,
  orgId: [32m'00D4x00000000ABC'[39m,
  layout: [32m'Lead-Lead Veevart V3'[39m,
  object: [32m'Lead'[39m,
  profileCount: [33m3[39m,
  recordType: [1mnull[22m
}
[32m[Nest] 93448  - [39m07/27/2026, 12:15:06 PM [32m    LOG[39m [38;5;3m[T2PageLayoutJsforceAdapter] [39mObject(6) {
  action: [32m'assignLayout.done'[39m,
  orgId: [32m'00D4x00000000ABC'[39m,
  layout: [32m'Lead-Lead Veevart V3'[39m,
  verified: [33mfalse[39m,
  assigned: [33m3[39m,
  skippedNoAccess: [33m0[39m
}
[32m[Nest] 93448  - [39m07/27/2026, 12:15:06 PM [32m    LOG[39m [38;5;3m[T2PageLayoutJsforceAdapter] [39mObject(6) {
  action: [32m'assignLayout'[39m,
  orgId: [32m'00D4x00000000ABC'[39m,
  layout: [32m'Lead-Lead Veevart V3'[39m,
  object: [32m'Lead'[39m,
  profileCount: [33m22[39m,
  recordType: [1mnull[22m
}
[32m[Nest] 93448  - [39m07/27/2026, 12:15:06 PM [32m    LOG[39m [38;5;3m[T2PageLayoutJsforceAdapter] [39mObject(6) {
  action: [32m'assignLayout.done'[39m,
  orgId: [32m'00D4x00000000ABC'[39m,
  layout: [32m'Lead-Lead Veevart V3'[39m,
  verified: [33mtrue[39m,
  assigned: [33m22[39m,
  skippedNoAccess: [33m0[39m
}
[32m[Nest] 93448  - [39m07/27/2026, 12:15:06 PM [32m    LOG[39m [38;5;3m[T2PageLayoutJsforceAdapter] [39mObject(6) {
  action: [32m'assignLayout'[39m,
  orgId: [32m'00D4x00000000ABC'[39m,
  layout: [32m'Lead-Lead Veevart V3'[39m,
  object: [32m'Lead'[39m,
  profileCount: [33m1[39m,
  recordType: [1mnull[22m
}
[33m[Nest] 93448  - [39m07/27/2026, 12:15:06 PM [33m   WARN[39m [38;5;3m[T2PageLayoutJsforceAdapter] [39mObject(4) {
  action: [32m'throttleRetry'[39m,
  attempt: [33m1[39m,
  nextDelayMs: [33m3000[39m,
  error: [32m"REQUEST_LIMIT_EXCEEDED: The service received too many requests and doesn't have the resources to accept new requests. Try again later."[39m
}
[32m[Nest] 93448  - [39m07/27/2026, 12:15:06 PM [32m    LOG[39m [38;5;3m[T2PageLayoutJsforceAdapter] [39mObject(6) {
  action: [32m'assignLayout.done'[39m,
  orgId: [32m'00D4x00000000ABC'[39m,
  layout: [32m'Lead-Lead Veevart V3'[39m,
  verified: [33mtrue[39m,
  assigned: [33m1[39m,
  skippedNoAccess: [33m0[39m
}
[32m[Nest] 93448  - [39m07/27/2026, 12:15:06 PM [32m    LOG[39m [38;5;3m[T2PageLayoutJsforceAdapter] [39mObject(6) {
  action: [32m'assignLayout'[39m,
  orgId: [32m'00D4x00000000ABC'[39m,
  layout: [32m'Lead-Lead Veevart V3'[39m,
  object: [32m'Lead'[39m,
  profileCount: [33m1[39m,
  recordType: [1mnull[22m
}
[33m[Nest] 93448  - [39m07/27/2026, 12:15:06 PM [33m   WARN[39m [38;5;3m[T2PageLayoutJsforceAdapter] [39mObject(4) {
  action: [32m'throttleRetry'[39m,
  attempt: [33m1[39m,
  nextDelayMs: [33m3000[39m,
  error: [32m"REQUEST_LIMIT_EXCEEDED: The service received too many requests and doesn't have the resources to accept new requests. Try again later."[39m
}
[32m[Nest] 93448  - [39m07/27/2026, 12:15:06 PM [32m    LOG[39m [38;5;3m[T2PageLayoutJsforceAdapter] [39mObject(6) {
  action: [32m'assignLayout.done'[39m,
  orgId: [32m'00D4x00000000ABC'[39m,
  layout: [32m'Lead-Lead Veevart V3'[39m,
  verified: [33mtrue[39m,
  assigned: [33m1[39m,
  skippedNoAccess: [33m0[39m
}
[32m[Nest] 93448  - [39m07/27/2026, 12:15:06 PM [32m    LOG[39m [38;5;3m[T2PageLayoutJsforceAdapter] [39mObject(6) {
  action: [32m'assignLayout'[39m,
  orgId: [32m'00D4x00000000ABC'[39m,
  layout: [32m'Lead-Lead Veevart V3'[39m,
  object: [32m'Lead'[39m,
  profileCount: [33m1[39m,
  recordType: [1mnull[22m
}
[33m[Nest] 93448  - [39m07/27/2026, 12:15:06 PM [33m   WARN[39m [38;5;3m[T2PageLayoutJsforceAdapter] [39mObject(4) {
  action: [32m'throttleRetry'[39m,
  attempt: [33m1[39m,
  nextDelayMs: [33m3000[39m,
  error: [32m"REQUEST_LIMIT_EXCEEDED: The service received too many requests and doesn't have the resources to accept new requests. Try again later."[39m
}
[33m[Nest] 93448  - [39m07/27/2026, 12:15:06 PM [33m   WARN[39m [38;5;3m[T2PageLayoutJsforceAdapter] [39mObject(4) {
  action: [32m'throttleRetry'[39m,
  attempt: [33m2[39m,
  nextDelayMs: [33m9000[39m,
  error: [32m"REQUEST_LIMIT_EXCEEDED: The service received too many requests and doesn't have the resources to accept new requests. Try again later."[39m
}
[33m[Nest] 93448  - [39m07/27/2026, 12:15:06 PM [33m   WARN[39m [38;5;3m[T2PageLayoutJsforceAdapter] [39mObject(4) {
  action: [32m'throttleRetry'[39m,
  attempt: [33m3[39m,
  nextDelayMs: [33m27000[39m,
  error: [32m"REQUEST_LIMIT_EXCEEDED: The service received too many requests and doesn't have the resources to accept new requests. Try again later."[39m
}
[32m[Nest] 93448  - [39m07/27/2026, 12:15:06 PM [32m    LOG[39m [38;5;3m[T2PageLayoutJsforceAdapter] [39mObject(6) {
  action: [32m'assignLayout'[39m,
  orgId: [32m'00D4x00000000ABC'[39m,
  layout: [32m'Lead-Lead Veevart V3'[39m,
  object: [32m'Lead'[39m,
  profileCount: [33m1[39m,
  recordType: [1mnull[22m
}
[32m[Nest] 93448  - [39m07/27/2026, 12:15:06 PM [32m    LOG[39m [38;5;3m[T2PageLayoutJsforceAdapter] [39mObject(6) {
  action: [32m'assignLayout'[39m,
  orgId: [32m'00D4x00000000ABC'[39m,
  layout: [32m'Lead-Lead Veevart V3'[39m,
  object: [32m'Lead'[39m,
  profileCount: [33m22[39m,
  recordType: [1mnull[22m
}
[32m[Nest] 93448  - [39m07/27/2026, 12:15:06 PM [32m    LOG[39m [38;5;3m[T2PageLayoutJsforceAdapter] [39mObject(6) {
  action: [32m'assignLayout.done'[39m,
  orgId: [32m'00D4x00000000ABC'[39m,
  layout: [32m'Lead-Lead Veevart V3'[39m,
  verified: [33mtrue[39m,
  assigned: [33m22[39m,
  skippedNoAccess: [33m0[39m
}
[32m[Nest] 93448  - [39m07/27/2026, 12:15:06 PM [32m    LOG[39m [38;5;3m[T2PageLayoutJsforceAdapter] [39mObject(6) {
  action: [32m'assignLayout'[39m,
  orgId: [32m'00D4x00000000ABC'[39m,
  layout: [32m'Lead-Lead Veevart V3'[39m,
  object: [32m'Lead'[39m,
  profileCount: [33m2[39m,
  recordType: [1mnull[22m
}
[32m[Nest] 93448  - [39m07/27/2026, 12:15:06 PM [32m    LOG[39m [38;5;3m[T2PageLayoutJsforceAdapter] [39mObject(6) {
  action: [32m'assignLayout.done'[39m,
  orgId: [32m'00D4x00000000ABC'[39m,
  layout: [32m'Lead-Lead Veevart V3'[39m,
  verified: [33mtrue[39m,
  assigned: [33m1[39m,
  skippedNoAccess: [33m1[39m
}
[32m[Nest] 93448  - [39m07/27/2026, 12:15:06 PM [32m    LOG[39m [38;5;3m[T2PageLayoutJsforceAdapter] [39mObject(6) {
  action: [32m'assignLayout'[39m,
  orgId: [32m'00D4x00000000ABC'[39m,
  layout: [32m'Lead-Lead Veevart V3'[39m,
  object: [32m'Lead'[39m,
  profileCount: [33m1[39m,
  recordType: [1mnull[22m
}
[32m[Nest] 93448  - [39m07/27/2026, 12:15:06 PM [32m    LOG[39m [38;5;3m[T2PageLayoutJsforceAdapter] [39mObject(6) {
  action: [32m'assignLayout.done'[39m,
  orgId: [32m'00D4x00000000ABC'[39m,
  layout: [32m'Lead-Lead Veevart V3'[39m,
  verified: [33mfalse[39m,
  assigned: [33m0[39m,
  skippedNoAccess: [33m1[39m
}
[32m[Nest] 93448  - [39m07/27/2026, 12:15:06 PM [32m    LOG[39m [38;5;3m[T2PageLayoutJsforceAdapter] [39mObject(6) {
  action: [32m'assignLayout'[39m,
  orgId: [32m'00D4x00000000ABC'[39m,
  layout: [32m'Lead-Lead Veevart V3'[39m,
  object: [32m'Lead'[39m,
  profileCount: [33m1[39m,
  recordType: [1mnull[22m
}
[32m[Nest] 93448  - [39m07/27/2026, 12:15:06 PM [32m    LOG[39m [38;5;3m[T2PageLayoutJsforceAdapter] [39mObject(6) {
  action: [32m'assignLayout.done'[39m,
  orgId: [32m'00D4x00000000ABC'[39m,
  layout: [32m'Lead-Lead Veevart V3'[39m,
  verified: [33mfalse[39m,
  assigned: [33m1[39m,
  skippedNoAccess: [33m0[39m
}
[32m[Nest] 93448  - [39m07/27/2026, 12:15:06 PM [32m    LOG[39m [38;5;3m[T2PageLayoutJsforceAdapter] [39mObject(6) {
  action: [32m'assignLayout'[39m,
  orgId: [32m'00D4x00000000ABC'[39m,
  layout: [32m'Lead-Lead Veevart V3'[39m,
  object: [32m'Lead'[39m,
  profileCount: [33m1[39m,
  recordType: [1mnull[22m
}
PASS src/implementations/infrastructure/adapters/tools/t2-page-layout.adapter.spec.ts (7.027 s)
[32m[Nest] 93448  - [39m07/27/2026, 12:15:06 PM [32m    LOG[39m [38;5;3m[T2PageLayoutJsforceAdapter] [39mObject(6) {
  action: [32m'assignLayout.done'[39m,
  orgId: [32m'00D4x00000000ABC'[39m,
  layout: [32m'Lead-Lead Veevart V3'[39m,
  verified: [33mfalse[39m,
  assigned: [33m0[39m,
  skippedNoAccess: [33m1[39m
}
[32m[Nest] 93448  - [39m07/27/2026, 12:15:06 PM [32m    LOG[39m [38;5;3m[T2PageLayoutJsforceAdapter] [39mObject(5) {
  action: [32m'assignRecordTypeVisibilities'[39m,
  orgId: [32m'00D4x00000000ABC'[39m,
  object: [32m'Account'[39m,
  recordTypeCount: [33m2[39m,
  profileCount: [33m1[39m
}
[32m[Nest] 93448  - [39m07/27/2026, 12:15:06 PM [32m    LOG[39m [38;5;3m[T2PageLayoutJsforceAdapter] [39mObject(6) {
  action: [32m'assignRecordTypeVisibilities.done'[39m,
  orgId: [32m'00D4x00000000ABC'[39m,
  object: [32m'Account'[39m,
  verified: [33mtrue[39m,
  assigned: [33m1[39m,
  skippedNoAccess: [33m0[39m
}
[32m[Nest] 93448  - [39m07/27/2026, 12:15:06 PM [32m    LOG[39m [38;5;3m[T2PageLayoutJsforceAdapter] [39mObject(5) {
  action: [32m'assignRecordTypeVisibilities'[39m,
  orgId: [32m'00D4x00000000ABC'[39m,
  object: [32m'Account'[39m,
  recordTypeCount: [33m1[39m,
  profileCount: [33m2[39m
}
[32m[Nest] 93448  - [39m07/27/2026, 12:15:06 PM [32m    LOG[39m [38;5;3m[T2PageLayoutJsforceAdapter] [39mObject(6) {
  action: [32m'assignRecordTypeVisibilities.done'[39m,
  orgId: [32m'00D4x00000000ABC'[39m,
  object: [32m'Account'[39m,
  verified: [33mtrue[39m,
  assigned: [33m1[39m,
  skippedNoAccess: [33m1[39m
}
[32m[Nest] 93448  - [39m07/27/2026, 12:15:06 PM [32m    LOG[39m [38;5;3m[T2PageLayoutJsforceAdapter] [39mObject(5) {
  action: [32m'assignRecordTypeVisibilities'[39m,
  orgId: [32m'00D4x00000000ABC'[39m,
  object: [32m'Account'[39m,
  recordTypeCount: [33m1[39m,
  profileCount: [33m1[39m
}
[32m[Nest] 93448  - [39m07/27/2026, 12:15:06 PM [32m    LOG[39m [38;5;3m[T2PageLayoutJsforceAdapter] [39mObject(6) {
  action: [32m'assignRecordTypeVisibilities.done'[39m,
  orgId: [32m'00D4x00000000ABC'[39m,
  object: [32m'Account'[39m,
  verified: [33mfalse[39m,
  assigned: [33m0[39m,
  skippedNoAccess: [33m1[39m
}
[32m[Nest] 93448  - [39m07/27/2026, 12:15:06 PM [32m    LOG[39m [38;5;3m[T2PageLayoutJsforceAdapter] [39mObject(5) {
  action: [32m'assignRecordTypeVisibilities'[39m,
  orgId: [32m'00D4x00000000ABC'[39m,
  object: [32m'Account'[39m,
  recordTypeCount: [33m1[39m,
  profileCount: [33m1[39m
}
[32m[Nest] 93448  - [39m07/27/2026, 12:15:06 PM [32m    LOG[39m [38;5;3m[T2PageLayoutJsforceAdapter] [39mObject(6) {
  action: [32m'assignRecordTypeVisibilities.done'[39m,
  orgId: [32m'00D4x00000000ABC'[39m,
  object: [32m'Account'[39m,
  verified: [33mfalse[39m,
  assigned: [33m1[39m,
  skippedNoAccess: [33m0[39m
}
PASS src/implementations/infrastructure/adapters/discovery/org-metadata-discovery.jsforce.adapter.spec.ts
PASS src/implementations/implementations.module.spec.ts
[32m[Nest] 93454  - [39m07/27/2026, 12:15:06 PM [32m    LOG[39m [38;5;3m[OrgMetadataDiscoveryJsforceAdapter] [39mObject(4) {
  action: [32m'orgDiscovery.list'[39m,
  orgId: [32m'00D4x00000000ABC'[39m,
  type: [32m'Profile'[39m,
  count: [33m2[39m
}
[32m[Nest] 93454  - [39m07/27/2026, 12:15:06 PM [32m    LOG[39m [38;5;3m[OrgMetadataDiscoveryJsforceAdapter] [39mObject(4) {
  action: [32m'orgDiscovery.list'[39m,
  orgId: [32m'00D4x00000000ABC'[39m,
  type: [32m'Layout'[39m,
  count: [33m3[39m
}
[32m[Nest] 93454  - [39m07/27/2026, 12:15:06 PM [32m    LOG[39m [38;5;3m[OrgMetadataDiscoveryJsforceAdapter] [39mObject(4) {
  action: [32m'orgDiscovery.list'[39m,
  orgId: [32m'00D4x00000000ABC'[39m,
  type: [32m'Layout'[39m,
  count: [33m2[39m
}
[32m[Nest] 93454  - [39m07/27/2026, 12:15:06 PM [32m    LOG[39m [38;5;3m[OrgMetadataDiscoveryJsforceAdapter] [39mObject(4) {
  action: [32m'orgDiscovery.list'[39m,
  orgId: [32m'00D4x00000000ABC'[39m,
  type: [32m'Layout'[39m,
  count: [33m3[39m
}
[32m[Nest] 93454  - [39m07/27/2026, 12:15:06 PM [32m    LOG[39m [38;5;3m[OrgMetadataDiscoveryJsforceAdapter] [39mObject(4) {
  action: [32m'orgDiscovery.list'[39m,
  orgId: [32m'00D4x00000000ABC'[39m,
  type: [32m'Layout'[39m,
  count: [33m1[39m
}
[32m[Nest] 93454  - [39m07/27/2026, 12:15:06 PM [32m    LOG[39m [38;5;3m[OrgMetadataDiscoveryJsforceAdapter] [39mObject(4) {
  action: [32m'orgDiscovery.list'[39m,
  orgId: [32m'00D4x00000000ABC'[39m,
  type: [32m'FlexiPage'[39m,
  count: [33m1[39m
}
[32m[Nest] 93454  - [39m07/27/2026, 12:15:06 PM [32m    LOG[39m [38;5;3m[OrgMetadataDiscoveryJsforceAdapter] [39mObject(4) {
  action: [32m'orgDiscovery.list'[39m,
  orgId: [32m'00D4x00000000ABC'[39m,
  type: [32m'CustomApplication'[39m,
  count: [33m1[39m
}
[32m[Nest] 93454  - [39m07/27/2026, 12:15:06 PM [32m    LOG[39m [38;5;3m[OrgMetadataDiscoveryJsforceAdapter] [39mObject(4) {
  action: [32m'orgDiscovery.list'[39m,
  orgId: [32m'00D4x00000000ABC'[39m,
  type: [32m'Profile'[39m,
  count: [33m1[39m
}
[32m[Nest] 93454  - [39m07/27/2026, 12:15:07 PM [32m    LOG[39m [38;5;3m[OrgMetadataDiscoveryJsforceAdapter] [39mObject(5) {
  action: [32m'orgDiscovery.picklistValues'[39m,
  orgId: [32m'00D4x00000000ABC'[39m,
  object: [32m'Organization'[39m,
  field: [32m'TimeZoneSidKey'[39m,
  count: [33m2[39m
}
PASS src/implementations/infrastructure/seeds/specs/demo-company-info-mock-contact.spec.ts
PASS src/implementations/infrastructure/persistence/dynamodb/plan-run-spawn.dynamodb.adapter.spec.ts
PASS src/backups/infrastructure/entrypoints/api/backups.controller.spec.ts
PASS src/migration/infrastructure/entrypoints/documents/documents.controller.spec.ts
[31m[Nest] 93450  - [39m07/27/2026, 12:15:08 PM [31m  ERROR[39m [38;5;3m[PlanRunsController] [39mObject(4) {
  action: [32m'localExecutor.failed'[39m,
  planRunId: [32m'db07dcad-a67a-4a79-a18e-40f8e2db0a5e'[39m,
  orgId: [32m'00D4x00000000ABC'[39m,
  error: [32m'executor boom'[39m
}
PASS src/implementations/infrastructure/entrypoints/api/catalog.controller.spec.ts
[32m[Nest] 93450  - [39m07/27/2026, 12:15:08 PM [32m    LOG[39m [38;5;3m[PlanRunsController] [39mObject(8) {
  action: [32m'plan-runs.create'[39m,
  planRunId: [32m'e1c72efc-9ca8-498e-ba16-66a4af942bce'[39m,
  orgId: [32m'00D4x00000000ABC'[39m,
  clientId: [32m'client-7'[39m,
  templateId: [32m'tmpl-1'[39m,
  caseIds: [90mundefined[39m,
  startedBy: [32m'camilo@veevart.com'[39m,
  localMode: [33mfalse[39m
}
[32m[Nest] 93450  - [39m07/27/2026, 12:15:08 PM [32m    LOG[39m [38;5;3m[PlanRunsController] [39mObject(8) {
  action: [32m'plan-runs.create'[39m,
  planRunId: [32m'230b5521-27bb-4ce8-b08a-aeee4e7d4e70'[39m,
  orgId: [32m'00D4x00000000ABC'[39m,
  clientId: [32m'client-7'[39m,
  templateId: [32m'tmpl-1'[39m,
  caseIds: [90mundefined[39m,
  startedBy: [32m'camilo@veevart.com'[39m,
  localMode: [33mfalse[39m
}
[32m[Nest] 93450  - [39m07/27/2026, 12:15:08 PM [32m    LOG[39m [38;5;3m[PlanRunsController] [39mObject(8) {
  action: [32m'plan-runs.create'[39m,
  planRunId: [32m'd548497f-fbdb-47dc-bd99-9dd311dcd9f4'[39m,
  orgId: [32m'00D4x00000000ABC'[39m,
  clientId: [32m'client-7'[39m,
  templateId: [32m'tmpl-1'[39m,
  caseIds: [90mundefined[39m,
  startedBy: [32m'camilo@veevart.com'[39m,
  localMode: [33mfalse[39m
}
[32m[Nest] 93450  - [39m07/27/2026, 12:15:08 PM [32m    LOG[39m [38;5;3m[PlanRunsController] [39mObject(8) {
  action: [32m'plan-runs.create'[39m,
  planRunId: [32m'0217f33c-bec2-4d8e-9ecc-bf8bcb2fa8e5'[39m,
  orgId: [32m'00D4x00000000ABC'[39m,
  clientId: [32m'client-7'[39m,
  templateId: [32m'tmpl-1'[39m,
  caseIds: [90mundefined[39m,
  startedBy: [32m'camilo@veevart.com'[39m,
  localMode: [33mfalse[39m
}
[32m[Nest] 93450  - [39m07/27/2026, 12:15:08 PM [32m    LOG[39m [38;5;3m[PlanRunsController] [39mObject(8) {
  action: [32m'plan-runs.create'[39m,
  planRunId: [32m'ca4773f3-9595-4581-b901-8ad5f3357d9e'[39m,
  orgId: [32m'00D4x00000000ABC'[39m,
  clientId: [32m'client-7'[39m,
  templateId: [32m'tmpl-1'[39m,
  caseIds: [90mundefined[39m,
  startedBy: [32m'camilo.s'[39m,
  localMode: [33mfalse[39m
}
[32m[Nest] 93450  - [39m07/27/2026, 12:15:08 PM [32m    LOG[39m [38;5;3m[PlanRunsController] [39mObject(8) {
  action: [32m'plan-runs.create'[39m,
  planRunId: [32m'5f6523d9-f60b-40ea-9ca7-3a87757a3173'[39m,
  orgId: [32m'00D4x00000000ABC'[39m,
  clientId: [32m'client-7'[39m,
  templateId: [32m'tmpl-1'[39m,
  caseIds: [90mundefined[39m,
  startedBy: [32m'camilo-cognito'[39m,
  localMode: [33mfalse[39m
}
[32m[Nest] 93450  - [39m07/27/2026, 12:15:08 PM [32m    LOG[39m [38;5;3m[PlanRunsController] [39mObject(8) {
  action: [32m'plan-runs.create'[39m,
  planRunId: [32m'01985418-a094-431b-b3c9-118272b4fc02'[39m,
  orgId: [32m'00D4x00000000ABC'[39m,
  clientId: [32m'client-7'[39m,
  templateId: [32m'tmpl-1'[39m,
  caseIds: [90mundefined[39m,
  startedBy: [32m'sub-123'[39m,
  localMode: [33mfalse[39m
}
[32m[Nest] 93450  - [39m07/27/2026, 12:15:08 PM [32m    LOG[39m [38;5;3m[PlanRunsController] [39mObject(8) {
  action: [32m'plan-runs.create'[39m,
  planRunId: [32m'94880c56-cd0c-4b2f-ae27-f37a1a11cdf7'[39m,
  orgId: [32m'00D4x00000000ABC'[39m,
  clientId: [32m'client-7'[39m,
  templateId: [32m'tmpl-1'[39m,
  caseIds: [90mundefined[39m,
  startedBy: [32m'system'[39m,
  localMode: [33mfalse[39m
}
[32m[Nest] 93450  - [39m07/27/2026, 12:15:08 PM [32m    LOG[39m [38;5;3m[PlanRunsController] [39mObject(8) {
  action: [32m'plan-runs.create'[39m,
  planRunId: [32m'b60d4cbc-ac78-4e7c-8c73-ecbcadbd1a0a'[39m,
  orgId: [32m'00D4x00000000ABC'[39m,
  clientId: [32m'client-7'[39m,
  templateId: [32m'tmpl-1'[39m,
  caseIds: [90mundefined[39m,
  startedBy: [32m'camilo@veevart.com'[39m,
  localMode: [33mfalse[39m
}
[32m[Nest] 93450  - [39m07/27/2026, 12:15:08 PM [32m    LOG[39m [38;5;3m[PlanRunsController] [39mObject(8) {
  action: [32m'plan-runs.create'[39m,
  planRunId: [32m'cf9029f7-d18d-4cf6-a37e-bcb4f45e4176'[39m,
  orgId: [32m'00D4x00000000ABC'[39m,
  clientId: [32m'client-7'[39m,
  templateId: [32m'tmpl-1'[39m,
  caseIds: [90mundefined[39m,
  startedBy: [32m'camilo@veevart.com'[39m,
  localMode: [33mfalse[39m
}
[32m[Nest] 93450  - [39m07/27/2026, 12:15:08 PM [32m    LOG[39m [38;5;3m[PlanRunsController] [39mObject(8) {
  action: [32m'plan-runs.create'[39m,
  planRunId: [32m'9312fcee-d439-41f7-b617-4ba9c29f051b'[39m,
  orgId: [32m'00D4x00000000ABC'[39m,
  clientId: [32m'client-7'[39m,
  templateId: [32m'tmpl-1'[39m,
  caseIds: [90mundefined[39m,
  startedBy: [32m'camilo@veevart.com'[39m,
  localMode: [33mfalse[39m
}
[32m[Nest] 93450  - [39m07/27/2026, 12:15:08 PM [32m    LOG[39m [38;5;3m[PlanRunsController] [39mObject(8) {
  action: [32m'plan-runs.create'[39m,
  planRunId: [32m'5b96e2b0-1a1b-440e-8fd1-ddd129026edc'[39m,
  orgId: [32m'00D4x00000000ABC'[39m,
  clientId: [32m'client-7'[39m,
  templateId: [32m'tmpl-1'[39m,
  caseIds: [90mundefined[39m,
  startedBy: [32m'camilo@veevart.com'[39m,
  localMode: [33mtrue[39m
}
[32m[Nest] 93450  - [39m07/27/2026, 12:15:08 PM [32m    LOG[39m [38;5;3m[PlanRunsController] [39mObject(8) {
  action: [32m'plan-runs.create'[39m,
  planRunId: [32m'6686f272-c76f-45c8-b023-13acd63872c4'[39m,
  orgId: [32m'00D4x00000000ABC'[39m,
  clientId: [32m'client-7'[39m,
  templateId: [32m'tmpl-1'[39m,
  caseIds: [90mundefined[39m,
  startedBy: [32m'camilo@veevart.com'[39m,
  localMode: [33mtrue[39m
}
[32m[Nest] 93450  - [39m07/27/2026, 12:15:08 PM [32m    LOG[39m [38;5;3m[PlanRunsController] [39mObject(8) {
  action: [32m'plan-runs.create'[39m,
  planRunId: [32m'db07dcad-a67a-4a79-a18e-40f8e2db0a5e'[39m,
  orgId: [32m'00D4x00000000ABC'[39m,
  clientId: [32m'client-7'[39m,
  templateId: [32m'tmpl-1'[39m,
  caseIds: [90mundefined[39m,
  startedBy: [32m'camilo@veevart.com'[39m,
  localMode: [33mtrue[39m
}
[32m[Nest] 93450  - [39m07/27/2026, 12:15:08 PM [32m    LOG[39m [38;5;3m[PlanRunsController] [39mObject(8) {
  action: [32m'plan-runs.create'[39m,
  planRunId: [32m'31f71bd5-5b82-4271-90bb-9fd3a09c77be'[39m,
  orgId: [32m'00D4x00000000ABC'[39m,
  clientId: [32m'client-7'[39m,
  templateId: [32m'tmpl-1'[39m,
  caseIds: [90mundefined[39m,
  startedBy: [32m'camilo@veevart.com'[39m,
  localMode: [33mfalse[39m
}
[32m[Nest] 93450  - [39m07/27/2026, 12:15:08 PM [32m    LOG[39m [38;5;3m[PlanRunsController] [39mObject(8) {
  action: [32m'plan-runs.create'[39m,
  planRunId: [32m'c96b246d-8a6b-41bc-87a9-a97bfcbc8565'[39m,
  orgId: [32m'00D4x00000000ABC'[39m,
  clientId: [32m'client-7'[39m,
  templateId: [32m'tmpl-1'[39m,
  caseIds: [90mundefined[39m,
  startedBy: [32m'camilo@veevart.com'[39m,
  localMode: [33mfalse[39m
}
[32m[Nest] 93450  - [39m07/27/2026, 12:15:08 PM [32m    LOG[39m [38;5;3m[PlanRunsController] [39mObject(8) {
  action: [32m'plan-runs.create'[39m,
  planRunId: [32m'509b704f-4102-4989-9ac3-12b95b67428a'[39m,
  orgId: [32m'00D4x00000000ABC'[39m,
  clientId: [32m'client-7'[39m,
  templateId: [32m'tmpl-1'[39m,
  caseIds: [90mundefined[39m,
  startedBy: [32m'camilo@veevart.com'[39m,
  localMode: [33mfalse[39m
}
[32m[Nest] 93450  - [39m07/27/2026, 12:15:08 PM [32m    LOG[39m [38;5;3m[PlanRunsController] [39mObject(8) {
  action: [32m'plan-runs.create'[39m,
  planRunId: [32m'4434d2a8-e20d-4ae6-b3e1-4b4b8725eadc'[39m,
  orgId: [32m'00D4x00000000ABC'[39m,
  clientId: [32m'client-7'[39m,
  templateId: [32m'tmpl-1'[39m,
  caseIds: [90mundefined[39m,
  startedBy: [32m'camilo@veevart.com'[39m,
  localMode: [33mfalse[39m
}
PASS src/migration/infrastructure/entrypoints/migration-runs/migration-runs.controller.spec.ts
[32m[Nest] 93453  - [39m07/27/2026, 12:15:08 PM [32m    LOG[39m [38;5;3m[StartPlanRunUseCase] [39mObject(10) {
  action: [32m'startPlanRun.done'[39m,
  planRunId: [32m'run-1'[39m,
  orgId: [32m'00D4x00000000ABC'[39m,
  source: [32m'TEMPLATE'[39m,
  templateId: [32m'tmpl-1'[39m,
  templateVersion: [33m3[39m,
  caseRunCount: [33m2[39m,
  stepRunCount: [33m4[39m,
  status: [32m'PENDING'[39m,
  requiredInputs: []
}
[32m[Nest] 93453  - [39m07/27/2026, 12:15:08 PM [32m    LOG[39m [38;5;3m[StartPlanRunUseCase] [39mObject(10) {
  action: [32m'startPlanRun.done'[39m,
  planRunId: [32m'run-1'[39m,
  orgId: [32m'00D4x00000000ABC'[39m,
  source: [32m'TEMPLATE'[39m,
  templateId: [32m'tmpl-1'[39m,
  templateVersion: [33m3[39m,
  caseRunCount: [33m2[39m,
  stepRunCount: [33m4[39m,
  status: [32m'PENDING'[39m,
  requiredInputs: []
}
[32m[Nest] 93453  - [39m07/27/2026, 12:15:08 PM [32m    LOG[39m [38;5;3m[StartPlanRunUseCase] [39mObject(10) {
  action: [32m'startPlanRun.done'[39m,
  planRunId: [32m'run-1'[39m,
  orgId: [32m'00D4x00000000ABC'[39m,
  source: [32m'TEMPLATE'[39m,
  templateId: [32m'tmpl-1'[39m,
  templateVersion: [33m3[39m,
  caseRunCount: [33m2[39m,
  stepRunCount: [33m4[39m,
  status: [32m'PENDING'[39m,
  requiredInputs: []
}
[32m[Nest] 93453  - [39m07/27/2026, 12:15:08 PM [32m    LOG[39m [38;5;3m[StartPlanRunUseCase] [39mObject(10) {
  action: [32m'startPlanRun.done'[39m,
  planRunId: [32m'run-1'[39m,
  orgId: [32m'00D4x00000000ABC'[39m,
  source: [32m'TEMPLATE'[39m,
  templateId: [32m'tmpl-1'[39m,
  templateVersion: [33m3[39m,
  caseRunCount: [33m1[39m,
  stepRunCount: [33m1[39m,
  status: [32m'AWAITING_INPUT'[39m,
  requiredInputs: [
    [32m'companyName'[39m
  ]
}
[32m[Nest] 93453  - [39m07/27/2026, 12:15:08 PM [32m    LOG[39m [38;5;3m[StartPlanRunUseCase] [39mObject(10) {
  action: [32m'startPlanRun.done'[39m,
  planRunId: [32m'run-1'[39m,
  orgId: [32m'00D4x00000000ABC'[39m,
  source: [32m'TEMPLATE'[39m,
  templateId: [32m'tmpl-1'[39m,
  templateVersion: [33m3[39m,
  caseRunCount: [33m1[39m,
  stepRunCount: [33m3[39m,
  status: [32m'AWAITING_INPUT'[39m,
  requiredInputs: [
    [32m'companyName'[39m
  ]
}
[32m[Nest] 93453  - [39m07/27/2026, 12:15:08 PM [32m    LOG[39m [38;5;3m[StartPlanRunUseCase] [39mObject(10) {
  action: [32m'startPlanRun.done'[39m,
  planRunId: [32m'run-1'[39m,
  orgId: [32m'00D4x00000000ABC'[39m,
  source: [32m'TEMPLATE'[39m,
  templateId: [32m'tmpl-1'[39m,
  templateVersion: [33m3[39m,
  caseRunCount: [33m2[39m,
  stepRunCount: [33m2[39m,
  status: [32m'PENDING'[39m,
  requiredInputs: [
    [32m'companyName'[39m
  ]
}
[32m[Nest] 93453  - [39m07/27/2026, 12:15:08 PM [32m    LOG[39m [38;5;3m[StartPlanRunUseCase] [39mObject(10) {
  action: [32m'startPlanRun.done'[39m,
  planRunId: [32m'run-1'[39m,
  orgId: [32m'00D4x00000000ABC'[39m,
  source: [32m'TEMPLATE'[39m,
  templateId: [32m'tmpl-1'[39m,
  templateVersion: [33m3[39m,
  caseRunCount: [33m2[39m,
  stepRunCount: [33m2[39m,
  status: [32m'AWAITING_INPUT'[39m,
  requiredInputs: [
    [32m'companyName'[39m
  ]
}
[32m[Nest] 93453  - [39m07/27/2026, 12:15:08 PM [32m    LOG[39m [38;5;3m[StartPlanRunUseCase] [39mObject(10) {
  action: [32m'startPlanRun.done'[39m,
  planRunId: [32m'run-1'[39m,
  orgId: [32m'00D4x00000000ABC'[39m,
  source: [32m'TEMPLATE'[39m,
  templateId: [32m'tmpl-1'[39m,
  templateVersion: [33m3[39m,
  caseRunCount: [33m1[39m,
  stepRunCount: [33m1[39m,
  status: [32m'AWAITING_INPUT'[39m,
  requiredInputs: [
    [32m'veevartFileLayout'[39m
  ]
}
[32m[Nest] 93453  - [39m07/27/2026, 12:15:08 PM [32m    LOG[39m [38;5;3m[StartPlanRunUseCase] [39mObject(10) {
  action: [32m'startPlanRun.done'[39m,
  planRunId: [32m'run-1'[39m,
  orgId: [32m'00D4x00000000ABC'[39m,
  source: [32m'TEMPLATE'[39m,
  templateId: [32m'tmpl-1'[39m,
  templateVersion: [33m3[39m,
  caseRunCount: [33m1[39m,
  stepRunCount: [33m1[39m,
  status: [32m'AWAITING_INPUT'[39m,
  requiredInputs: [
    [32m'timezone'[39m
  ]
}
[32m[Nest] 93453  - [39m07/27/2026, 12:15:08 PM [32m    LOG[39m [38;5;3m[StartPlanRunUseCase] [39mObject(10) {
  action: [32m'startPlanRun.done'[39m,
  planRunId: [32m'run-1'[39m,
  orgId: [32m'00D4x00000000ABC'[39m,
  source: [32m'TEMPLATE'[39m,
  templateId: [32m'tmpl-1'[39m,
  templateVersion: [33m3[39m,
  caseRunCount: [33m1[39m,
  stepRunCount: [33m2[39m,
  status: [32m'AWAITING_INPUT'[39m,
  requiredInputs: [
    [32m'companyName'[39m,
    [32m'fiscalStartMonth'[39m
  ]
}
[32m[Nest] 93453  - [39m07/27/2026, 12:15:08 PM [32m    LOG[39m [38;5;3m[StartPlanRunUseCase] [39mObject(10) {
  action: [32m'startPlanRun.done'[39m,
  planRunId: [32m'run-1'[39m,
  orgId: [32m'00D4x00000000ABC'[39m,
  source: [32m'TEMPLATE'[39m,
  templateId: [32m'tmpl-1'[39m,
  templateVersion: [33m3[39m,
  caseRunCount: [33m1[39m,
  stepRunCount: [33m1[39m,
  status: [32m'PENDING'[39m,
  requiredInputs: []
}
[32m[Nest] 93453  - [39m07/27/2026, 12:15:08 PM [32m    LOG[39m [38;5;3m[StartPlanRunUseCase] [39mObject(10) {
  action: [32m'startPlanRun.done'[39m,
  planRunId: [32m'run-1'[39m,
  orgId: [32m'00D4x00000000ABC'[39m,
  source: [32m'TEMPLATE'[39m,
  templateId: [32m'tmpl-1'[39m,
  templateVersion: [33m3[39m,
  caseRunCount: [33m1[39m,
  stepRunCount: [33m1[39m,
  status: [32m'PENDING'[39m,
  requiredInputs: []
}
[32m[Nest] 93453  - [39m07/27/2026, 12:15:08 PM [32m    LOG[39m [38;5;3m[StartPlanRunUseCase] [39mObject(10) {
  action: [32m'startPlanRun.done'[39m,
  planRunId: [32m'run-1'[39m,
  orgId: [32m'00D4x00000000ABC'[39m,
  source: [32m'TEMPLATE'[39m,
  templateId: [32m'tmpl-1'[39m,
  templateVersion: [33m3[39m,
  caseRunCount: [33m1[39m,
  stepRunCount: [33m1[39m,
  status: [32m'PENDING'[39m,
  requiredInputs: []
}
[32m[Nest] 93453  - [39m07/27/2026, 12:15:08 PM [32m    LOG[39m [38;5;3m[StartPlanRunUseCase] [39mObject(10) {
  action: [32m'startPlanRun.done'[39m,
  planRunId: [32m'run-1'[39m,
  orgId: [32m'00D4x00000000ABC'[39m,
  source: [32m'TEMPLATE'[39m,
  templateId: [32m'tmpl-1'[39m,
  templateVersion: [33m3[39m,
  caseRunCount: [33m1[39m,
  stepRunCount: [33m1[39m,
  status: [32m'PENDING'[39m,
  requiredInputs: []
}
[32m[Nest] 93453  - [39m07/27/2026, 12:15:08 PM [32m    LOG[39m [38;5;3m[StartPlanRunUseCase] [39mObject(10) {
  action: [32m'startPlanRun.done'[39m,
  planRunId: [32m'run-1'[39m,
  orgId: [32m'00D4x00000000ABC'[39m,
  source: [32m'TEMPLATE'[39m,
  templateId: [32m'tmpl-1'[39m,
  templateVersion: [33m3[39m,
  caseRunCount: [33m2[39m,
  stepRunCount: [33m4[39m,
  status: [32m'PENDING'[39m,
  requiredInputs: []
}
[32m[Nest] 93453  - [39m07/27/2026, 12:15:08 PM [32m    LOG[39m [38;5;3m[StartPlanRunUseCase] [39mObject(10) {
  action: [32m'startPlanRun.done'[39m,
  planRunId: [32m'run-1'[39m,
  orgId: [32m'00D4x00000000ABC'[39m,
  source: [32m'TEMPLATE'[39m,
  templateId: [32m'tmpl-1'[39m,
  templateVersion: [33m3[39m,
  caseRunCount: [33m1[39m,
  stepRunCount: [33m1[39m,
  status: [32m'PENDING'[39m,
  requiredInputs: []
}
[32m[Nest] 93453  - [39m07/27/2026, 12:15:08 PM [32m    LOG[39m [38;5;3m[StartPlanRunUseCase] [39mObject(9) {
  action: [32m'startPlanRun.done'[39m,
  planRunId: [32m'run-1'[39m,
  orgId: [32m'00D4x00000000ABC'[39m,
  source: [32m'AD_HOC'[39m,
  caseIds: [
    [32m'caseA'[39m
  ],
  caseRunCount: [33m1[39m,
  stepRunCount: [33m2[39m,
  status: [32m'PENDING'[39m,
  requiredInputs: []
}
[32m[Nest] 93453  - [39m07/27/2026, 12:15:08 PM [32m    LOG[39m [38;5;3m[StartPlanRunUseCase] [39mObject(9) {
  action: [32m'startPlanRun.done'[39m,
  planRunId: [32m'run-1'[39m,
  orgId: [32m'00D4x00000000ABC'[39m,
  source: [32m'AD_HOC'[39m,
  caseIds: [
    [32m'caseA'[39m,
    [32m'caseB'[39m
  ],
  caseRunCount: [33m2[39m,
  stepRunCount: [33m4[39m,
  status: [32m'PENDING'[39m,
  requiredInputs: []
}
[32m[Nest] 93453  - [39m07/27/2026, 12:15:08 PM [32m    LOG[39m [38;5;3m[StartPlanRunUseCase] [39mObject(9) {
  action: [32m'startPlanRun.done'[39m,
  planRunId: [32m'run-1'[39m,
  orgId: [32m'00D4x00000000ABC'[39m,
  source: [32m'AD_HOC'[39m,
  caseIds: [
    [32m'caseA'[39m
  ],
  caseRunCount: [33m1[39m,
  stepRunCount: [33m1[39m,
  status: [32m'PENDING'[39m,
  requiredInputs: []
}
[32m[Nest] 93453  - [39m07/27/2026, 12:15:08 PM [32m    LOG[39m [38;5;3m[StartPlanRunUseCase] [39mObject(10) {
  action: [32m'startPlanRun.done'[39m,
  planRunId: [32m'run-1'[39m,
  orgId: [32m'00D4x00000000ABC'[39m,
  source: [32m'TEMPLATE'[39m,
  templateId: [32m'tmpl-1'[39m,
  templateVersion: [33m3[39m,
  caseRunCount: [33m2[39m,
  stepRunCount: [33m4[39m,
  status: [32m'PENDING'[39m,
  requiredInputs: []
}
[32m[Nest] 93453  - [39m07/27/2026, 12:15:08 PM [32m    LOG[39m [38;5;3m[StartPlanRunUseCase] [39mObject(10) {
  action: [32m'startPlanRun.done'[39m,
  planRunId: [32m'run-1'[39m,
  orgId: [32m'00D4x00000000ABC'[39m,
  source: [32m'TEMPLATE'[39m,
  templateId: [32m'tmpl-1'[39m,
  templateVersion: [33m3[39m,
  caseRunCount: [33m2[39m,
  stepRunCount: [33m4[39m,
  status: [32m'PENDING'[39m,
  requiredInputs: []
}
[32m[Nest] 93454  - [39m07/27/2026, 12:15:08 PM [32m    LOG[39m [38;5;3m[LocalPlanRunExecutor] [39mObject(3) {
  action: [32m'local-executor.start'[39m,
  planRunId: [32m'run-1'[39m,
  orgId: [32m'00D4x00000000ABC'[39m
}
[32m[Nest] 93454  - [39m07/27/2026, 12:15:08 PM [32m    LOG[39m [38;5;3m[LocalPlanRunExecutor] [39mObject(3) {
  action: [32m'local-executor.done'[39m,
  planRunId: [32m'run-1'[39m,
  terminalStatus: [32m'COMPLETED'[39m
}
[32m[Nest] 93454  - [39m07/27/2026, 12:15:08 PM [32m    LOG[39m [38;5;3m[LocalPlanRunExecutor] [39mObject(3) {
  action: [32m'local-executor.start'[39m,
  planRunId: [32m'run-1'[39m,
  orgId: [32m'00D4x00000000ABC'[39m
}
[33m[Nest] 93454  - [39m07/27/2026, 12:15:08 PM [33m   WARN[39m [38;5;3m[LocalPlanRunExecutor] [39mObject(5) {
  action: [32m'local-executor.stepFailed'[39m,
  planRunId: [32m'run-1'[39m,
  caseRunId: [32m'case-1'[39m,
  stepRunId: [32m'step-1'[39m,
  error: [32m'Salesforce unreachable'[39m
}
[32m[Nest] 93454  - [39m07/27/2026, 12:15:08 PM [32m    LOG[39m [38;5;3m[LocalPlanRunExecutor] [39mObject(3) {
  action: [32m'local-executor.done'[39m,
  planRunId: [32m'run-1'[39m,
  terminalStatus: [32m'FAILED'[39m
}
[32m[Nest] 93454  - [39m07/27/2026, 12:15:08 PM [32m    LOG[39m [38;5;3m[LocalPlanRunExecutor] [39mObject(3) {
  action: [32m'local-executor.start'[39m,
  planRunId: [32m'run-1'[39m,
  orgId: [32m'00D4x00000000ABC'[39m
}
[33m[Nest] 93454  - [39m07/27/2026, 12:15:08 PM [33m   WARN[39m [38;5;3m[LocalPlanRunExecutor] [39mObject(6) {
  action: [32m'local-executor.stepToolFailed'[39m,
  planRunId: [32m'run-1'[39m,
  caseRunId: [32m'case-1'[39m,
  stepRunId: [32m'step-1'[39m,
  tool: [32m'T6'[39m,
  cause: [32m'Apex execution reported success=false'[39m
}
[32m[Nest] 93454  - [39m07/27/2026, 12:15:08 PM [32m    LOG[39m [38;5;3m[LocalPlanRunExecutor] [39mObject(3) {
  action: [32m'local-executor.done'[39m,
  planRunId: [32m'run-1'[39m,
  terminalStatus: [32m'FAILED'[39m
}
[32m[Nest] 93454  - [39m07/27/2026, 12:15:08 PM [32m    LOG[39m [38;5;3m[LocalPlanRunExecutor] [39mObject(3) {
  action: [32m'local-executor.start'[39m,
  planRunId: [32m'run-1'[39m,
  orgId: [32m'00D4x00000000ABC'[39m
}
[33m[Nest] 93454  - [39m07/27/2026, 12:15:08 PM [33m   WARN[39m [38;5;3m[LocalPlanRunExecutor] [39mObject(5) {
  action: [32m'local-executor.stepFailed'[39m,
  planRunId: [32m'run-1'[39m,
  caseRunId: [32m'case-1'[39m,
  stepRunId: [32m'step-1'[39m,
  error: [32m'LocalPlanRunExecutor cannot dispatch tool "T8". Only T6 + T2 + T3 + T1 (AUTOMATED) are wired locally today.'[39m
}
[32m[Nest] 93454  - [39m07/27/2026, 12:15:08 PM [32m    LOG[39m [38;5;3m[LocalPlanRunExecutor] [39mObject(3) {
  action: [32m'local-executor.done'[39m,
  planRunId: [32m'run-1'[39m,
  terminalStatus: [32m'FAILED'[39m
}
[32m[Nest] 93454  - [39m07/27/2026, 12:15:08 PM [32m    LOG[39m [38;5;3m[LocalPlanRunExecutor] [39mObject(3) {
  action: [32m'local-executor.start'[39m,
  planRunId: [32m'run-1'[39m,
  orgId: [32m'00D4x00000000ABC'[39m
}
[32m[Nest] 93454  - [39m07/27/2026, 12:15:08 PM [32m    LOG[39m [38;5;3m[LocalPlanRunExecutor] [39mObject(3) {
  action: [32m'local-executor.done'[39m,
  planRunId: [32m'run-1'[39m,
  terminalStatus: [32m'COMPLETED'[39m
}
[32m[Nest] 93454  - [39m07/27/2026, 12:15:08 PM [32m    LOG[39m [38;5;3m[LocalPlanRunExecutor] [39mObject(3) {
  action: [32m'local-executor.start'[39m,
  planRunId: [32m'run-1'[39m,
  orgId: [32m'00D4x00000000ABC'[39m
}
[33m[Nest] 93454  - [39m07/27/2026, 12:15:08 PM [33m   WARN[39m [38;5;3m[LocalPlanRunExecutor] [39mObject(6) {
  action: [32m'local-executor.stepToolFailed'[39m,
  planRunId: [32m'run-1'[39m,
  caseRunId: [32m'case-1'[39m,
  stepRunId: [32m'step-1'[39m,
  tool: [32m'T2'[39m,
  cause: [32m'field still present after removal'[39m
}
[32m[Nest] 93454  - [39m07/27/2026, 12:15:08 PM [32m    LOG[39m [38;5;3m[LocalPlanRunExecutor] [39mObject(3) {
  action: [32m'local-executor.done'[39m,
  planRunId: [32m'run-1'[39m,
  terminalStatus: [32m'FAILED'[39m
}
[32m[Nest] 93454  - [39m07/27/2026, 12:15:08 PM [32m    LOG[39m [38;5;3m[LocalPlanRunExecutor] [39mObject(3) {
  action: [32m'local-executor.start'[39m,
  planRunId: [32m'run-1'[39m,
  orgId: [32m'00D4x00000000ABC'[39m
}
[32m[Nest] 93454  - [39m07/27/2026, 12:15:08 PM [32m    LOG[39m [38;5;3m[LocalPlanRunExecutor] [39mObject(3) {
  action: [32m'local-executor.done'[39m,
  planRunId: [32m'run-1'[39m,
  terminalStatus: [32m'COMPLETED'[39m
}
[32m[Nest] 93454  - [39m07/27/2026, 12:15:08 PM [32m    LOG[39m [38;5;3m[LocalPlanRunExecutor] [39mObject(3) {
  action: [32m'local-executor.start'[39m,
  planRunId: [32m'run-1'[39m,
  orgId: [32m'00D4x00000000ABC'[39m
}
[33m[Nest] 93454  - [39m07/27/2026, 12:15:08 PM [33m   WARN[39m [38;5;3m[LocalPlanRunExecutor] [39mObject(6) {
  action: [32m'local-executor.stepToolFailed'[39m,
  planRunId: [32m'run-1'[39m,
  caseRunId: [32m'case-1'[39m,
  stepRunId: [32m'step-1'[39m,
  tool: [32m'T3'[39m,
  cause: [32m'url mismatch after update'[39m
}
[32m[Nest] 93454  - [39m07/27/2026, 12:15:08 PM [32m    LOG[39m [38;5;3m[LocalPlanRunExecutor] [39mObject(3) {
  action: [32m'local-executor.done'[39m,
  planRunId: [32m'run-1'[39m,
  terminalStatus: [32m'FAILED'[39m
}
[32m[Nest] 93454  - [39m07/27/2026, 12:15:08 PM [32m    LOG[39m [38;5;3m[LocalPlanRunExecutor] [39mObject(3) {
  action: [32m'local-executor.start'[39m,
  planRunId: [32m'run-1'[39m,
  orgId: [32m'00D4x00000000ABC'[39m
}
[32m[Nest] 93454  - [39m07/27/2026, 12:15:08 PM [32m    LOG[39m [38;5;3m[LocalPlanRunExecutor] [39mObject(3) {
  action: [32m'local-executor.done'[39m,
  planRunId: [32m'run-1'[39m,
  terminalStatus: [32m'COMPLETED'[39m
}
[32m[Nest] 93454  - [39m07/27/2026, 12:15:08 PM [32m    LOG[39m [38;5;3m[LocalPlanRunExecutor] [39mObject(3) {
  action: [32m'local-executor.start'[39m,
  planRunId: [32m'run-1'[39m,
  orgId: [32m'00D4x00000000ABC'[39m
}
[33m[Nest] 93454  - [39m07/27/2026, 12:15:08 PM [33m   WARN[39m [38;5;3m[LocalPlanRunExecutor] [39mObject(6) {
  action: [32m'local-executor.stepToolFailed'[39m,
  planRunId: [32m'run-1'[39m,
  caseRunId: [32m'case-1'[39m,
  stepRunId: [32m'step-1'[39m,
  tool: [32m'T1'[39m,
  cause: [32m'NPSP: install did not complete'[39m
}
[32m[Nest] 93454  - [39m07/27/2026, 12:15:08 PM [32m    LOG[39m [38;5;3m[LocalPlanRunExecutor] [39mObject(3) {
  action: [32m'local-executor.done'[39m,
  planRunId: [32m'run-1'[39m,
  terminalStatus: [32m'FAILED'[39m
}
[32m[Nest] 93454  - [39m07/27/2026, 12:15:08 PM [32m    LOG[39m [38;5;3m[LocalPlanRunExecutor] [39mObject(3) {
  action: [32m'local-executor.start'[39m,
  planRunId: [32m'run-1'[39m,
  orgId: [32m'00D4x00000000ABC'[39m
}
[32m[Nest] 93454  - [39m07/27/2026, 12:15:08 PM [32m    LOG[39m [38;5;3m[LocalPlanRunExecutor] [39mObject(3) {
  action: [32m'local-executor.planRunAlreadyFinalized'[39m,
  planRunId: [32m'run-1'[39m,
  note: [32m'resolver already transitioned the PlanRun to a terminal state; final report is a benign no-op'[39m
}
[32m[Nest] 93454  - [39m07/27/2026, 12:15:08 PM [32m    LOG[39m [38;5;3m[LocalPlanRunExecutor] [39mObject(3) {
  action: [32m'local-executor.done'[39m,
  planRunId: [32m'run-1'[39m,
  terminalStatus: [32m'COMPLETED'[39m
}
[32m[Nest] 93454  - [39m07/27/2026, 12:15:08 PM [32m    LOG[39m [38;5;3m[LocalPlanRunExecutor] [39mObject(3) {
  action: [32m'local-executor.start'[39m,
  planRunId: [32m'run-1'[39m,
  orgId: [32m'00D4x00000000ABC'[39m
}
[32m[Nest] 93450  - [39m07/27/2026, 12:15:08 PM [32m    LOG[39m [38;5;3m[PlanRunsController] [39mObject(8) {
  action: [32m'plan-runs.create'[39m,
  planRunId: [32m'becd29ff-0807-422f-a47e-549caebb0f64'[39m,
  orgId: [32m'00D4x00000000ABC'[39m,
  clientId: [32m'client-7'[39m,
  templateId: [32m'tmpl-1'[39m,
  caseIds: [90mundefined[39m,
  startedBy: [32m'camilo@veevart.com'[39m,
  localMode: [33mtrue[39m
}
PASS src/implementations/infrastructure/local/local-plan-run-executor.service.spec.ts
PASS src/implementations/infrastructure/entrypoints/api/plan-runs.controller.spec.ts
[32m[Nest] 93454  - [39m07/27/2026, 12:15:08 PM [32m    LOG[39m [38;5;3m[LocalPlanRunExecutor] [39mObject(3) {
  action: [32m'local-executor.start'[39m,
  planRunId: [32m'run-1'[39m,
  orgId: [32m'00D4x00000000ABC'[39m
}
[32m[Nest] 93454  - [39m07/27/2026, 12:15:08 PM [32m    LOG[39m [38;5;3m[LocalPlanRunExecutor] [39mObject(3) {
  action: [32m'local-executor.done'[39m,
  planRunId: [32m'run-1'[39m,
  terminalStatus: [32m'COMPLETED'[39m
}
[32m[Nest] 93452  - [39m07/27/2026, 12:15:08 PM [32m    LOG[39m [38;5;3m[ProvidePlanRunInputsUseCase] [39mObject(6) {
  action: [32m'providePlanRunInputs.done'[39m,
  planRunId: [32m'run-1'[39m,
  orgId: [32m'00D4x00000000ABC'[39m,
  submittedKeys: [
    [32m'companyName'[39m
  ],
  complete: [33mtrue[39m,
  remainingInputs: []
}
[32m[Nest] 93452  - [39m07/27/2026, 12:15:08 PM [32m    LOG[39m [38;5;3m[ProvidePlanRunInputsUseCase] [39mObject(6) {
  action: [32m'providePlanRunInputs.done'[39m,
  planRunId: [32m'run-1'[39m,
  orgId: [32m'00D4x00000000ABC'[39m,
  submittedKeys: [
    [32m'companyName'[39m
  ],
  complete: [33mfalse[39m,
  remainingInputs: [
    [32m'fiscalStartMonth'[39m
  ]
}
[32m[Nest] 93452  - [39m07/27/2026, 12:15:08 PM [32m    LOG[39m [38;5;3m[ProvidePlanRunInputsUseCase] [39mObject(6) {
  action: [32m'providePlanRunInputs.done'[39m,
  planRunId: [32m'run-1'[39m,
  orgId: [32m'00D4x00000000ABC'[39m,
  submittedKeys: [
    [32m'fiscalStartMonth'[39m
  ],
  complete: [33mtrue[39m,
  remainingInputs: []
}
PASS src/implementations/application/use-cases/start-plan-run.use-case.spec.ts
PASS src/implementations/application/use-cases/provide-plan-run-inputs.use-case.spec.ts
[32m[Nest] 93453  - [39m07/27/2026, 12:15:08 PM [32m    LOG[39m [38;5;3m[StartPlanRunUseCase] [39mObject(10) {
  action: [32m'startPlanRun.done'[39m,
  planRunId: [32m'run-1'[39m,
  orgId: [32m'00D4x00000000ABC'[39m,
  source: [32m'TEMPLATE'[39m,
  templateId: [32m'tmpl-1'[39m,
  templateVersion: [33m3[39m,
  caseRunCount: [33m2[39m,
  stepRunCount: [33m2[39m,
  status: [32m'PENDING'[39m,
  requiredInputs: [
    [32m'companyName'[39m
  ]
}
[32m[Nest] 93452  - [39m07/27/2026, 12:15:08 PM [32m    LOG[39m [38;5;3m[ProvidePlanRunInputsUseCase] [39mObject(6) {
  action: [32m'providePlanRunInputs.done'[39m,
  planRunId: [32m'run-1'[39m,
  orgId: [32m'00D4x00000000ABC'[39m,
  submittedKeys: [
    [32m'recordPage'[39m
  ],
  complete: [33mtrue[39m,
  remainingInputs: []
}
[32m[Nest] 93453  - [39m07/27/2026, 12:15:08 PM [32m    LOG[39m [38;5;3m[StartPlanRunUseCase] [39mObject(10) {
  action: [32m'startPlanRun.done'[39m,
  planRunId: [32m'run-1'[39m,
  orgId: [32m'00D4x00000000ABC'[39m,
  source: [32m'TEMPLATE'[39m,
  templateId: [32m'tmpl-1'[39m,
  templateVersion: [33m3[39m,
  caseRunCount: [33m2[39m,
  stepRunCount: [33m3[39m,
  status: [32m'PENDING'[39m,
  requiredInputs: [
    [32m'accountName'[39m
  ]
}
[32m[Nest] 93452  - [39m07/27/2026, 12:15:08 PM [32m    LOG[39m [38;5;3m[ProvidePlanRunInputsUseCase] [39mObject(6) {
  action: [32m'providePlanRunInputs.done'[39m,
  planRunId: [32m'run-1'[39m,
  orgId: [32m'00D4x00000000ABC'[39m,
  submittedKeys: [
    [32m'companyName'[39m,
    [32m'website'[39m
  ],
  complete: [33mtrue[39m,
  remainingInputs: []
}
[32m[Nest] 93452  - [39m07/27/2026, 12:15:08 PM [32m    LOG[39m [38;5;3m[ProvidePlanRunInputsUseCase] [39mObject(6) {
  action: [32m'providePlanRunInputs.done'[39m,
  planRunId: [32m'run-1'[39m,
  orgId: [32m'00D4x00000000ABC'[39m,
  submittedKeys: [
    [32m'companyName'[39m,
    [32m'website'[39m
  ],
  complete: [33mtrue[39m,
  remainingInputs: []
}
[32m[Nest] 93452  - [39m07/27/2026, 12:15:08 PM [32m    LOG[39m [38;5;3m[ProvidePlanRunInputsUseCase] [39mObject(6) {
  action: [32m'providePlanRunInputs.done'[39m,
  planRunId: [32m'run-1'[39m,
  orgId: [32m'00D4x00000000ABC'[39m,
  submittedKeys: [
    [32m'companyName'[39m,
    [32m'recordPage'[39m
  ],
  complete: [33mtrue[39m,
  remainingInputs: []
}
PASS src/implementations/infrastructure/implementations-infrastructure.module.spec.ts
PASS src/implementations/infrastructure/entrypoints/api/dtos/plan-run-detail.dto.spec.ts
PASS src/backups/application/use-cases/abort-multipart-upload.use-case.spec.ts
PASS src/implementations/application/use-cases/import-implementation-cases-from-csv.use-case.spec.ts
PASS src/csm/avoma-ingestion/infrastructure/adapters/avoma-http-client.adapter.spec.ts
[33m[Nest] 93450  - [39m07/27/2026, 12:15:09 PM [33m   WARN[39m [38;5;3m[AvomaHttpClientAdapter] [39m[33mAvoma GET /meetings/mtg-1/ returned 429; retrying in 500ms (attempt 1/3)[39m
[33m[Nest] 93450  - [39m07/27/2026, 12:15:09 PM [33m   WARN[39m [38;5;3m[AvomaHttpClientAdapter] [39m[33mAvoma GET /meetings/mtg-1/ returned 429; retrying in 1000ms (attempt 2/3)[39m
[33m[Nest] 93450  - [39m07/27/2026, 12:15:09 PM [33m   WARN[39m [38;5;3m[AvomaHttpClientAdapter] [39m[33mAvoma GET /meetings/mtg-x/ returned 429; retrying in 500ms (attempt 1/3)[39m
[33m[Nest] 93450  - [39m07/27/2026, 12:15:09 PM [33m   WARN[39m [38;5;3m[AvomaHttpClientAdapter] [39m[33mAvoma GET /meetings/mtg-x/ returned 429; retrying in 1000ms (attempt 2/3)[39m
[33m[Nest] 93450  - [39m07/27/2026, 12:15:09 PM [33m   WARN[39m [38;5;3m[AvomaHttpClientAdapter] [39m[33mAvoma GET /meetings/mtg-x/ returned 429; retrying in 2000ms (attempt 3/3)[39m
[32m[Nest] 93454  - [39m07/27/2026, 12:15:09 PM [32m    LOG[39m [38;5;3m[ImportImplementationCasesFromCsvUseCase] [39m[32mImported caseId=a18-dkim as order=1 category=FOUNDATION feasibility=auto (source Order__c=1).[39m
[32m[Nest] 93454  - [39m07/27/2026, 12:15:09 PM [32m    LOG[39m [38;5;3m[ImportImplementationCasesFromCsvUseCase] [39m[32mImported caseId=a18-kickoff as order=2 category=FOUNDATION feasibility=auto (source Order__c=1).[39m
[32m[Nest] 93454  - [39m07/27/2026, 12:15:09 PM [32m    LOG[39m [38;5;3m[ImportImplementationCasesFromCsvUseCase] [39m[32mImported caseId=a18-auctifera as order=3 category=CORE_SETUP feasibility=auto (source Order__c=3.01).[39m
[32m[Nest] 93454  - [39m07/27/2026, 12:15:09 PM [32m    LOG[39m [38;5;3m[ImportImplementationCasesFromCsvUseCase] [39m[32mImported caseId=a18-mailbox as order=4 category=CORE_SETUP feasibility=auto (source Order__c=3.16).[39m
[32m[Nest] 93454  - [39m07/27/2026, 12:15:09 PM [32m    LOG[39m [38;5;3m[ImportImplementationCasesFromCsvUseCase] [39m[32mImported caseId=a18-qbo as order=5 category=ACCOUNTING feasibility=auto (source Order__c=4.06).[39m
[32m[Nest] 93454  - [39m07/27/2026, 12:15:09 PM [32m    LOG[39m [38;5;3m[ImportImplementationCasesFromCsvUseCase] [39m[32mCSV import complete: 5 new, 0 reconciled (already present), 0 warnings.[39m
[33m[Nest] 93454  - [39m07/27/2026, 12:15:09 PM [33m   WARN[39m [38;5;3m[ImportImplementationCasesFromCsvUseCase] [39m[33m5 new ImplementationCase rows landed with feasibility='auto'. Review each in the catalog admin and switch to 'hybrid' / 'manual' before activation.[39m
[32m[Nest] 93454  - [39m07/27/2026, 12:15:09 PM [32m    LOG[39m [38;5;3m[ImportImplementationCasesFromCsvUseCase] [39m[32mImported caseId=a18-dkim as order=1 category=FOUNDATION feasibility=auto (source Order__c=1).[39m
[32m[Nest] 93454  - [39m07/27/2026, 12:15:09 PM [32m    LOG[39m [38;5;3m[ImportImplementationCasesFromCsvUseCase] [39m[32mImported caseId=a18-kickoff as order=2 category=FOUNDATION feasibility=auto (source Order__c=1).[39m
[32m[Nest] 93454  - [39m07/27/2026, 12:15:09 PM [32m    LOG[39m [38;5;3m[ImportImplementationCasesFromCsvUseCase] [39m[32mImported caseId=a18-auctifera as order=3 category=CORE_SETUP feasibility=auto (source Order__c=3.01).[39m
[32m[Nest] 93454  - [39m07/27/2026, 12:15:09 PM [32m    LOG[39m [38;5;3m[ImportImplementationCasesFromCsvUseCase] [39m[32mImported caseId=a18-mailbox as order=4 category=CORE_SETUP feasibility=auto (source Order__c=3.16).[39m
[32m[Nest] 93454  - [39m07/27/2026, 12:15:09 PM [32m    LOG[39m [38;5;3m[ImportImplementationCasesFromCsvUseCase] [39m[32mImported caseId=a18-qbo as order=5 category=ACCOUNTING feasibility=auto (source Order__c=4.06).[39m
[32m[Nest] 93454  - [39m07/27/2026, 12:15:09 PM [32m    LOG[39m [38;5;3m[ImportImplementationCasesFromCsvUseCase] [39m[32mCSV import complete: 5 new, 0 reconciled (already present), 0 warnings.[39m
[33m[Nest] 93454  - [39m07/27/2026, 12:15:09 PM [33m   WARN[39m [38;5;3m[ImportImplementationCasesFromCsvUseCase] [39m[33m5 new ImplementationCase rows landed with feasibility='auto'. Review each in the catalog admin and switch to 'hybrid' / 'manual' before activation.[39m
[32m[Nest] 93454  - [39m07/27/2026, 12:15:09 PM [32m    LOG[39m [38;5;3m[ImportImplementationCasesFromCsvUseCase] [39m[32mImported caseId=a18-dkim as order=1 category=FOUNDATION feasibility=auto (source Order__c=1).[39m
[32m[Nest] 93454  - [39m07/27/2026, 12:15:09 PM [32m    LOG[39m [38;5;3m[ImportImplementationCasesFromCsvUseCase] [39m[32mImported caseId=a18-kickoff as order=2 category=FOUNDATION feasibility=auto (source Order__c=1).[39m
[32m[Nest] 93454  - [39m07/27/2026, 12:15:09 PM [32m    LOG[39m [38;5;3m[ImportImplementationCasesFromCsvUseCase] [39m[32mImported caseId=a18-auctifera as order=3 category=CORE_SETUP feasibility=auto (source Order__c=3.01).[39m
[32m[Nest] 93454  - [39m07/27/2026, 12:15:09 PM [32m    LOG[39m [38;5;3m[ImportImplementationCasesFromCsvUseCase] [39m[32mImported caseId=a18-mailbox as order=4 category=CORE_SETUP feasibility=auto (source Order__c=3.16).[39m
[32m[Nest] 93454  - [39m07/27/2026, 12:15:09 PM [32m    LOG[39m [38;5;3m[ImportImplementationCasesFromCsvUseCase] [39m[32mImported caseId=a18-qbo as order=5 category=ACCOUNTING feasibility=auto (source Order__c=4.06).[39m
[32m[Nest] 93454  - [39m07/27/2026, 12:15:09 PM [32m    LOG[39m [38;5;3m[ImportImplementationCasesFromCsvUseCase] [39m[32mCSV import complete: 5 new, 0 reconciled (already present), 0 warnings.[39m
[33m[Nest] 93454  - [39m07/27/2026, 12:15:09 PM [33m   WARN[39m [38;5;3m[ImportImplementationCasesFromCsvUseCase] [39m[33m5 new ImplementationCase rows landed with feasibility='auto'. Review each in the catalog admin and switch to 'hybrid' / 'manual' before activation.[39m
[32m[Nest] 93454  - [39m07/27/2026, 12:15:09 PM [32m    LOG[39m [38;5;3m[ImportImplementationCasesFromCsvUseCase] [39m[32mCSV import complete: 0 new, 5 reconciled (already present), 0 warnings.[39m
[32m[Nest] 93454  - [39m07/27/2026, 12:15:09 PM [32m    LOG[39m [38;5;3m[ImportImplementationCasesFromCsvUseCase] [39m[32mImported caseId=a18-dkim as order=1 category=FOUNDATION feasibility=auto (source Order__c=1).[39m
[32m[Nest] 93454  - [39m07/27/2026, 12:15:09 PM [32m    LOG[39m [38;5;3m[ImportImplementationCasesFromCsvUseCase] [39m[32mImported caseId=a18-kickoff as order=2 category=FOUNDATION feasibility=auto (source Order__c=1).[39m
[32m[Nest] 93454  - [39m07/27/2026, 12:15:09 PM [32m    LOG[39m [38;5;3m[ImportImplementationCasesFromCsvUseCase] [39m[32mImported caseId=a18-auctifera as order=3 category=CORE_SETUP feasibility=auto (source Order__c=3.01).[39m
[32m[Nest] 93454  - [39m07/27/2026, 12:15:09 PM [32m    LOG[39m [38;5;3m[ImportImplementationCasesFromCsvUseCase] [39m[32mImported caseId=a18-mailbox as order=4 category=CORE_SETUP feasibility=auto (source Order__c=3.16).[39m
[32m[Nest] 93454  - [39m07/27/2026, 12:15:09 PM [32m    LOG[39m [38;5;3m[ImportImplementationCasesFromCsvUseCase] [39m[32mImported caseId=a18-qbo as order=5 category=ACCOUNTING feasibility=auto (source Order__c=4.06).[39m
[32m[Nest] 93454  - [39m07/27/2026, 12:15:09 PM [32m    LOG[39m [38;5;3m[ImportImplementationCasesFromCsvUseCase] [39m[32mCSV import complete: 5 new, 0 reconciled (already present), 0 warnings.[39m
[33m[Nest] 93454  - [39m07/27/2026, 12:15:09 PM [33m   WARN[39m [38;5;3m[ImportImplementationCasesFromCsvUseCase] [39m[33m5 new ImplementationCase rows landed with feasibility='auto'. Review each in the catalog admin and switch to 'hybrid' / 'manual' before activation.[39m
[32m[Nest] 93454  - [39m07/27/2026, 12:15:09 PM [32m    LOG[39m [38;5;3m[ImportImplementationCasesFromCsvUseCase] [39m[32mImported caseId=a18-future as order=1 category=UNKNOWN feasibility=auto (source Order__c=99.5).[39m
[32m[Nest] 93454  - [39m07/27/2026, 12:15:09 PM [32m    LOG[39m [38;5;3m[ImportImplementationCasesFromCsvUseCase] [39m[32mCSV import complete: 1 new, 0 reconciled (already present), 1 warnings.[39m
[33m[Nest] 93454  - [39m07/27/2026, 12:15:09 PM [33m   WARN[39m [38;5;3m[ImportImplementationCasesFromCsvUseCase] [39m[33m1 new ImplementationCase rows landed with feasibility='auto'. Review each in the catalog admin and switch to 'hybrid' / 'manual' before activation.[39m
[32m[Nest] 93454  - [39m07/27/2026, 12:15:09 PM [32m    LOG[39m [38;5;3m[ImportImplementationCasesFromCsvUseCase] [39m[32mImported caseId=a18-dkim as order=1 category=FOUNDATION feasibility=auto (source Order__c=1).[39m
[32m[Nest] 93454  - [39m07/27/2026, 12:15:09 PM [32m    LOG[39m [38;5;3m[ImportImplementationCasesFromCsvUseCase] [39m[32mImported caseId=a18-kickoff as order=2 category=FOUNDATION feasibility=auto (source Order__c=1).[39m
[32m[Nest] 93454  - [39m07/27/2026, 12:15:09 PM [32m    LOG[39m [38;5;3m[ImportImplementationCasesFromCsvUseCase] [39m[32mImported caseId=a18-auctifera as order=3 category=CORE_SETUP feasibility=auto (source Order__c=3.01).[39m
[32m[Nest] 93454  - [39m07/27/2026, 12:15:09 PM [32m    LOG[39m [38;5;3m[ImportImplementationCasesFromCsvUseCase] [39m[32mImported caseId=a18-mailbox as order=4 category=CORE_SETUP feasibility=auto (source Order__c=3.16).[39m
[32m[Nest] 93454  - [39m07/27/2026, 12:15:09 PM [32m    LOG[39m [38;5;3m[ImportImplementationCasesFromCsvUseCase] [39m[32mImported caseId=a18-qbo as order=5 category=ACCOUNTING feasibility=auto (source Order__c=4.06).[39m
[32m[Nest] 93454  - [39m07/27/2026, 12:15:09 PM [32m    LOG[39m [38;5;3m[ImportImplementationCasesFromCsvUseCase] [39m[32mCSV import complete: 5 new, 0 reconciled (already present), 0 warnings.[39m
[33m[Nest] 93454  - [39m07/27/2026, 12:15:09 PM [33m   WARN[39m [38;5;3m[ImportImplementationCasesFromCsvUseCase] [39m[33m5 new ImplementationCase rows landed with feasibility='auto'. Review each in the catalog admin and switch to 'hybrid' / 'manual' before activation.[39m
PASS src/csm/account-health/infrastructure/entrypoints/api/account-health.controller.spec.ts
PASS src/implementations/application/services/operator-input-templating.spec.ts
PASS src/implementations/infrastructure/adapters/tools/t1-installer.stub-adapter.spec.ts
[31m[Nest] 93453  - [39m07/27/2026, 12:15:09 PM [31m  ERROR[39m [38;5;3m[TasksController] [39m[31mBlocking JIT upsert failed for sub sub-1: db down[39m
PASS src/csm/tasks/infrastructure/entrypoints/api/tasks.controller.spec.ts
[33m[Nest] 93448  - [39m07/27/2026, 12:15:09 PM [33m   WARN[39m [38;5;3m[T1InstallerStubAdapter] [39mObject(6) {
  action: [32m'installPackages.STUBBED'[39m,
  stubbed: [33mtrue[39m,
  orgId: [32m'00D4x00000000ABC'[39m,
  idempotencyKey: [32m'run-1#case-run-1#step-run-1#1'[39m,
  packages: [
    [32m'NPSP'[39m,
    [32m'Auctifera Core'[39m
  ],
  note: [32m'T1 LOCAL STUB — no DevOps installer call was made (TAMERS-807 not deployed). Every package is reported already-installed. Set T1_INSTALLER_BASE_URL and unset T1_INSTALLER_STUB to use the real service.'[39m
}
[33m[Nest] 93448  - [39m07/27/2026, 12:15:09 PM [33m   WARN[39m [38;5;3m[T1InstallerStubAdapter] [39mObject(6) {
  action: [32m'installPackages.STUBBED'[39m,
  stubbed: [33mtrue[39m,
  orgId: [32m'00D4x00000000ABC'[39m,
  idempotencyKey: [32m'run-1#case-run-1#step-run-1#1'[39m,
  packages: [
    [32m'NPSP'[39m,
    [32m'Auctifera Core'[39m
  ],
  note: [32m'T1 LOCAL STUB — no DevOps installer call was made (TAMERS-807 not deployed). Every package is reported already-installed. Set T1_INSTALLER_BASE_URL and unset T1_INSTALLER_STUB to use the real service.'[39m
}
[33m[Nest] 93448  - [39m07/27/2026, 12:15:09 PM [33m   WARN[39m [38;5;3m[T1InstallerStubAdapter] [39mObject(6) {
  action: [32m'installPackages.STUBBED'[39m,
  stubbed: [33mtrue[39m,
  orgId: [32m'00D4x00000000ABC'[39m,
  idempotencyKey: [32m'run-1#case-run-1#step-run-1#1'[39m,
  packages: [
    [32m'NPSP'[39m,
    [32m'Auctifera Core'[39m
  ],
  note: [32m'T1 LOCAL STUB — no DevOps installer call was made (TAMERS-807 not deployed). Every package is reported already-installed. Set T1_INSTALLER_BASE_URL and unset T1_INSTALLER_STUB to use the real service.'[39m
}
[33m[Nest] 93448  - [39m07/27/2026, 12:15:09 PM [33m   WARN[39m [38;5;3m[T1InstallerStubAdapter] [39mObject(6) {
  action: [32m'installPackages.STUBBED'[39m,
  stubbed: [33mtrue[39m,
  orgId: [32m'00D4x00000000ABC'[39m,
  idempotencyKey: [32m'run-1#case-run-1#step-run-1#1'[39m,
  packages: [
    [32m'NPSP'[39m,
    [32m'Auctifera Core'[39m
  ],
  note: [32m'T1 LOCAL STUB — no DevOps installer call was made (TAMERS-807 not deployed). Every package is reported already-installed. Set T1_INSTALLER_BASE_URL and unset T1_INSTALLER_STUB to use the real service.'[39m
}
PASS src/migration/infrastructure/entrypoints/etl/etl-migration.controller.spec.ts
[32m[Nest] 93454  - [39m07/27/2026, 12:15:09 PM [32m    LOG[39m [38;5;3m[EtlMigrationController] [39mObject(8) {
  event: [32m'migration.etl.files.callback.received'[39m,
  clientId: [32m'client-1'[39m,
  migrationRunId: [32m'run-1'[39m,
  objectName: [32m'ACCOUNT'[39m,
  fileCount: [33m1[39m,
  totalSize: [33m0[39m,
  sampleFiles: [
    {
      id: [32m'f1'[39m,
      part: [32m'1'[39m,
      name: [32m'file.csv'[39m,
      status: [32m'PENDING'[39m,
      size: [90mundefined[39m,
      contentType: [90mundefined[39m,
      hasLocation: [33mtrue[39m,
      hasEtag: [33mfalse[39m
    }
  ],
  omittedFileCount: [33m0[39m
}
[32m[Nest] 93454  - [39m07/27/2026, 12:15:09 PM [32m    LOG[39m [38;5;3m[EtlMigrationController] [39mObject(8) {
  event: [32m'migration.etl.files.callback.received'[39m,
  clientId: [32m'client-1'[39m,
  migrationRunId: [32m'run-1'[39m,
  objectName: [32m'CONTACT'[39m,
  fileCount: [33m1[39m,
  totalSize: [33m0[39m,
  sampleFiles: [
    {
      id: [32m''[39m,
      part: [32m'1'[39m,
      name: [32m'file.csv'[39m,
      status: [32m'PENDING'[39m,
      size: [90mundefined[39m,
      contentType: [90mundefined[39m,
      hasLocation: [33mtrue[39m,
      hasEtag: [33mfalse[39m
    }
  ],
  omittedFileCount: [33m0[39m
}
[32m[Nest] 93454  - [39m07/27/2026, 12:15:09 PM [32m    LOG[39m [38;5;3m[EtlMigrationController] [39mObject(5) {
  event: [32m'migration.etl.status.callback.received'[39m,
  clientId: [32m'client-1'[39m,
  migrationRunId: [32m'run-1'[39m,
  status: [32m'COMPLETED'[39m,
  summary: {
    totalObjects: [33m2[39m,
    completed: [33m2[39m,
    failed: [33m0[39m
  }
}
PASS src/implementations/infrastructure/entrypoints/api/client-plan-runs.controller.spec.ts
PASS src/implementations/infrastructure/adapters/tools/t6-apex-anonymous.adapter.spec.ts
PASS src/csm/workspace/infrastructure/adapters/s3-email-body.adapter.spec.ts
[31m[Nest] 93450  - [39m07/27/2026, 12:15:09 PM [31m  ERROR[39m [38;5;3m[WorkspaceService] [39m[31mgetCaseDetail(500Kj000001caseIAS) failed against Salesforce: INVALID_SESSION_ID: secret token abc123[39m
[32m[Nest] 93456  - [39m07/27/2026, 12:15:09 PM [32m    LOG[39m [38;5;3m[T6ApexAnonymousJsforceAdapter] [39mObject(3) {
  action: [32m'executeAnonymous'[39m,
  orgId: [32m'00D4x00000000ABC'[39m,
  apexLength: [33m16[39m
}
[32m[Nest] 93456  - [39m07/27/2026, 12:15:09 PM [32m    LOG[39m [38;5;3m[T6ApexAnonymousJsforceAdapter] [39mObject(3) {
  action: [32m'executeAnonymous'[39m,
  orgId: [32m'00D4x00000000ABC'[39m,
  apexLength: [33m16[39m
}
[32m[Nest] 93456  - [39m07/27/2026, 12:15:09 PM [32m    LOG[39m [38;5;3m[T6ApexAnonymousJsforceAdapter] [39mObject(3) {
  action: [32m'executeAnonymous'[39m,
  orgId: [32m'00D4x00000000ABC'[39m,
  apexLength: [33m35[39m
}
[32m[Nest] 93456  - [39m07/27/2026, 12:15:09 PM [32m    LOG[39m [38;5;3m[T6ApexAnonymousJsforceAdapter] [39mObject(3) {
  action: [32m'executeAnonymous'[39m,
  orgId: [32m'00D4x00000000ABC'[39m,
  apexLength: [33m30[39m
}
[32m[Nest] 93456  - [39m07/27/2026, 12:15:09 PM [32m    LOG[39m [38;5;3m[T6ApexAnonymousJsforceAdapter] [39mObject(3) {
  action: [32m'executeAnonymous'[39m,
  orgId: [32m'00D4x00000000ABC'[39m,
  apexLength: [33m4[39m
}
[32m[Nest] 93456  - [39m07/27/2026, 12:15:09 PM [32m    LOG[39m [38;5;3m[T6ApexAnonymousJsforceAdapter] [39mObject(3) {
  action: [32m'executeAnonymous'[39m,
  orgId: [32m'00D4x00000000ABC'[39m,
  apexLength: [33m4[39m
}
[32m[Nest] 93456  - [39m07/27/2026, 12:15:09 PM [32m    LOG[39m [38;5;3m[T6ApexAnonymousJsforceAdapter] [39mObject(3) {
  action: [32m'executeAnonymous'[39m,
  orgId: [32m'00D4x00000000ABC'[39m,
  apexLength: [33m4[39m
}
[32m[Nest] 93456  - [39m07/27/2026, 12:15:09 PM [32m    LOG[39m [38;5;3m[T6ApexAnonymousJsforceAdapter] [39mObject(3) {
  action: [32m'executeAnonymous'[39m,
  orgId: [32m'00D4x00000000ABC'[39m,
  apexLength: [33m4[39m
}
[32m[Nest] 93456  - [39m07/27/2026, 12:15:09 PM [32m    LOG[39m [38;5;3m[T6ApexAnonymousJsforceAdapter] [39mObject(3) {
  action: [32m'executeAnonymous'[39m,
  orgId: [32m'00D4x00000000ABC'[39m,
  apexLength: [33m4[39m
}
[32m[Nest] 93456  - [39m07/27/2026, 12:15:09 PM [32m    LOG[39m [38;5;3m[T6ApexAnonymousJsforceAdapter] [39mObject(3) {
  action: [32m'executeAnonymous'[39m,
  orgId: [32m'00D4x00000000ABC'[39m,
  apexLength: [33m4[39m
}
[32m[Nest] 93456  - [39m07/27/2026, 12:15:09 PM [32m    LOG[39m [38;5;3m[T6ApexAnonymousJsforceAdapter] [39mObject(3) {
  action: [32m'executeAnonymous'[39m,
  orgId: [32m'00D4x00000000ABC'[39m,
  apexLength: [33m4[39m
}
[33m[Nest] 93450  - [39m07/27/2026, 12:15:09 PM [33m   WARN[39m [38;5;3m[WorkspaceService] [39m[33mCould not resolve CSM users from Salesforce; degrading to raw ids: SF down[39m
PASS src/csm/workspace/application/workspace.service.spec.ts
[31m[Nest] 93452  - [39m07/27/2026, 12:15:09 PM [31m  ERROR[39m [38;5;3m[LambdaHealthAgentInvoker] [39m[31mhealth worker csm-os-test-sync-health-status-worker returned FunctionError=Unhandled: {"errorMessage":"boom"}[39m
PASS src/backups/infrastructure/services/backup-infrastructure-dispatcher.adapter.spec.ts
[33m[Nest] 93450  - [39m07/27/2026, 12:15:09 PM [33m   WARN[39m [38;5;3m[WorkspaceService] [39m[33mfailed to read call analysis for s3Key=avoma/2026/06/24/527cb1b6-call.txt: s3 down[39m
[33m[Nest] 93450  - [39m07/27/2026, 12:15:09 PM [33m   WARN[39m [38;5;3m[WorkspaceService] [39m[33mfailed to read email body for s3Key=gmail/2026/06/24/email-1.eml: s3 down[39m
[32m[Nest] 93451  - [39m07/27/2026, 12:15:09 PM [32m    LOG[39m [38;5;3m[BackupInfrastructureDispatcherAdapter] [39m[32mDispatched async backup provisioning for backup backup-1[39m
[33m[Nest] 93451  - [39m07/27/2026, 12:15:09 PM [33m   WARN[39m [38;5;3m[BackupInfrastructureDispatcherAdapter] [39m[33mAWS_LAMBDA_FUNCTION_NAME is not configured; using local async fallback for backup provisioning[39m
[32m[Nest] 93451  - [39m07/27/2026, 12:15:09 PM [32m    LOG[39m [38;5;3m[BackupInfrastructureDispatcherAdapter] [39m[32mDispatched async backup deletion for backup backup-1[39m
[33m[Nest] 93451  - [39m07/27/2026, 12:15:09 PM [33m   WARN[39m [38;5;3m[BackupInfrastructureDispatcherAdapter] [39m[33mAWS_LAMBDA_FUNCTION_NAME is not configured; using local async fallback for backup deletion[39m
[32m[Nest] 93451  - [39m07/27/2026, 12:15:09 PM [32m    LOG[39m [38;5;3m[BackupInfrastructureDispatcherAdapter] [39m[32mDispatching async backup toggle for backup backup-1 client=client-1 target=ON function=migration-app-backend[39m
[32m[Nest] 93451  - [39m07/27/2026, 12:15:09 PM [32m    LOG[39m [38;5;3m[BackupInfrastructureDispatcherAdapter] [39m[32mDispatched async backup toggle for backup backup-1 to lambda migration-app-backend[39m
[32m[Nest] 93451  - [39m07/27/2026, 12:15:09 PM [32m    LOG[39m [38;5;3m[BackupInfrastructureDispatcherAdapter] [39m[32mDispatching async backup toggle for backup backup-1 client=client-1 target=OFF function=<local-fallback>[39m
[33m[Nest] 93451  - [39m07/27/2026, 12:15:09 PM [33m   WARN[39m [38;5;3m[BackupInfrastructureDispatcherAdapter] [39m[33mAWS_LAMBDA_FUNCTION_NAME is not configured; using local async fallback for backup toggle[39m
PASS src/migration/application/use-cases/delete-migration-run.use-case.spec.ts
PASS src/csm/account-health/infrastructure/adapters/lambda-health-agent.invoker.spec.ts
PASS src/implementations/infrastructure/persistence/dynamodb/plan-run-transitions.dynamodb.adapter.spec.ts
PASS src/implementations/application/use-cases/list-plan-runs-for-client.use-case.spec.ts
PASS src/implementations/application/use-cases/complete-plan-run-handoff.use-case.spec.ts
[32m[Nest] 93455  - [39m07/27/2026, 12:15:10 PM [32m    LOG[39m [38;5;3m[CompletePlanRunHandoffUseCase] [39mObject(5) {
  action: [32m'completePlanRunHandoff.done'[39m,
  planRunId: [32m'run-1'[39m,
  orgId: [32m'00D4x00000000ABC'[39m,
  caseRunId: [32m'cr-1'[39m,
  stepRunId: [32m'sr-2'[39m
}
[32m[Nest] 93455  - [39m07/27/2026, 12:15:10 PM [32m    LOG[39m [38;5;3m[CompletePlanRunHandoffUseCase] [39mObject(5) {
  action: [32m'completePlanRunHandoff.done'[39m,
  planRunId: [32m'run-1'[39m,
  orgId: [32m'00D4x00000000ABC'[39m,
  caseRunId: [32m'cr-1'[39m,
  stepRunId: [32m'sr-2'[39m
}
[32m[Nest] 93455  - [39m07/27/2026, 12:15:10 PM [32m    LOG[39m [38;5;3m[CompletePlanRunHandoffUseCase] [39mObject(5) {
  action: [32m'completePlanRunHandoff.done'[39m,
  planRunId: [32m'run-1'[39m,
  orgId: [32m'00D4x00000000ABC'[39m,
  caseRunId: [32m'cr-1'[39m,
  stepRunId: [32m'sr-2'[39m
}
PASS src/implementations/application/use-cases/list-catalog.use-case.spec.ts
PASS src/csm/agent-registry/infrastructure/entrypoints/api/agent-registry.controller.spec.ts
PASS src/shared/auth/cognito-groups.guard.spec.ts
PASS src/backups/application/use-cases/delete-backup-files.use-case.spec.ts
PASS src/csm/workspace/infrastructure/entrypoints/api/dtos/workspace-query.dto.spec.ts
PASS src/implementations/application/use-cases/get-plan-run-detail.use-case.spec.ts
PASS src/migration/application/use-cases/execute-migration.use-case.spec.ts
[32m[Nest] 93452  - [39m07/27/2026, 12:15:10 PM [32m    LOG[39m [38;5;3m[DeleteBackupFilesUseCase] [39m[32mDeleting 4 backup object(s) from S3 for backup backup-1[39m
[33m[Nest] 93452  - [39m07/27/2026, 12:15:10 PM [33m   WARN[39m [38;5;3m[DeleteBackupFilesUseCase] [39m[33mSkipping deletion of out-of-scope backup object: client-1/backups/other-backup/backup.bak[39m
[33m[Nest] 93452  - [39m07/27/2026, 12:15:10 PM [33m   WARN[39m [38;5;3m[DeleteBackupFilesUseCase] [39m[33mSkipping deletion of out-of-scope backup object: shared/customer-a/certificate.cer[39m
[33m[Nest] 93452  - [39m07/27/2026, 12:15:10 PM [33m   WARN[39m [38;5;3m[DeleteBackupFilesUseCase] [39m[33mSkipping deletion of out-of-scope backup object: shared/customer-a/export.csv[39m
[32m[Nest] 93452  - [39m07/27/2026, 12:15:10 PM [32m    LOG[39m [38;5;3m[DeleteBackupFilesUseCase] [39m[32mDeleting 2 backup object(s) from S3 for backup backup-1[39m
PASS src/migration/infrastructure/persistence/dynamodb/migration-runs.dynamodb.repository.spec.ts
PASS src/migration/application/use-cases/create-migration-object.use-case.spec.ts
PASS src/csm/health/application/use-cases/get-csm-health-check.use-case.spec.ts
PASS src/csm/shared/salesforce/infrastructure/auth/resolve-connection-config.spec.ts
PASS src/backups/infrastructure/persistence/dynamodb/backups.dynamodb.repository.spec.ts
PASS src/csm/shared/secrets/load-secret-string.spec.ts
PASS src/csm/users/infrastructure/adapters/aurora-users.repository.spec.ts
[32m[Nest] 93449  - [39m07/27/2026, 12:15:10 PM [32m    LOG[39m [38;5;3m[T3MetadataJsforceAdapter] [39mObject(6) {
  action: [32m't3.historyTracking'[39m,
  orgId: [32m'00D4x00000000ABC'[39m,
  object: [32m'Contact'[39m,
  enableObjectHistory: [33mtrue[39m,
  fieldRefCount: [33m2[39m,
  exclusive: [33mfalse[39m
}
[32m[Nest] 93449  - [39m07/27/2026, 12:15:10 PM [32m    LOG[39m [38;5;3m[T3MetadataJsforceAdapter] [39mObject(4) {
  action: [32m't3.historyTracking.done'[39m,
  orgId: [32m'00D4x00000000ABC'[39m,
  target: [32m'Contact'[39m,
  verified: [33mtrue[39m
}
[32m[Nest] 93449  - [39m07/27/2026, 12:15:10 PM [32m    LOG[39m [38;5;3m[T3MetadataJsforceAdapter] [39mObject(6) {
  action: [32m't3.historyTracking'[39m,
  orgId: [32m'00D4x00000000ABC'[39m,
  object: [32m'Contact'[39m,
  enableObjectHistory: [33mtrue[39m,
  fieldRefCount: [33m2[39m,
  exclusive: [33mfalse[39m
}
[32m[Nest] 93449  - [39m07/27/2026, 12:15:10 PM [32m    LOG[39m [38;5;3m[T3MetadataJsforceAdapter] [39mObject(4) {
  action: [32m't3.historyTracking.done'[39m,
  orgId: [32m'00D4x00000000ABC'[39m,
  target: [32m'Contact'[39m,
  verified: [33mtrue[39m
}
[32m[Nest] 93449  - [39m07/27/2026, 12:15:10 PM [32m    LOG[39m [38;5;3m[T3MetadataJsforceAdapter] [39mObject(6) {
  action: [32m't3.historyTracking'[39m,
  orgId: [32m'00D4x00000000ABC'[39m,
  object: [32m'Contact'[39m,
  enableObjectHistory: [33mtrue[39m,
  fieldRefCount: [33m2[39m,
  exclusive: [33mfalse[39m
}
[33m[Nest] 93449  - [39m07/27/2026, 12:15:10 PM [33m   WARN[39m [38;5;3m[T3MetadataJsforceAdapter] [39mObject(6) {
  action: [32m't3.throttleRetry'[39m,
  op: [32m'read'[39m,
  type: [32m'CustomObject'[39m,
  attempt: [33m1[39m,
  nextDelayMs: [33m3000[39m,
  error: [32m'REQUEST_LIMIT_EXCEEDED: too many requests'[39m
}
[32m[Nest] 93449  - [39m07/27/2026, 12:15:10 PM [32m    LOG[39m [38;5;3m[T3MetadataJsforceAdapter] [39mObject(4) {
  action: [32m't3.historyTracking.done'[39m,
  orgId: [32m'00D4x00000000ABC'[39m,
  target: [32m'Contact'[39m,
  verified: [33mtrue[39m
}
[32m[Nest] 93449  - [39m07/27/2026, 12:15:10 PM [32m    LOG[39m [38;5;3m[T3MetadataJsforceAdapter] [39mObject(6) {
  action: [32m't3.historyTracking'[39m,
  orgId: [32m'00D4x00000000ABC'[39m,
  object: [32m'Contact'[39m,
  enableObjectHistory: [1mnull[22m,
  fieldRefCount: [33m1[39m,
  exclusive: [33mfalse[39m
}
[32m[Nest] 93449  - [39m07/27/2026, 12:15:10 PM [32m    LOG[39m [38;5;3m[T3MetadataJsforceAdapter] [39mObject(4) {
  action: [32m't3.historyTracking.done'[39m,
  orgId: [32m'00D4x00000000ABC'[39m,
  target: [32m'Contact'[39m,
  verified: [33mtrue[39m
}
[32m[Nest] 93449  - [39m07/27/2026, 12:15:10 PM [32m    LOG[39m [38;5;3m[T3MetadataJsforceAdapter] [39mObject(6) {
  action: [32m't3.historyTracking'[39m,
  orgId: [32m'00D4x00000000ABC'[39m,
  object: [32m'Contact'[39m,
  enableObjectHistory: [33mtrue[39m,
  fieldRefCount: [33m2[39m,
  exclusive: [33mfalse[39m
}
[32m[Nest] 93449  - [39m07/27/2026, 12:15:10 PM [32m    LOG[39m [38;5;3m[T3MetadataJsforceAdapter] [39mObject(6) {
  action: [32m't3.historyTracking'[39m,
  orgId: [32m'00D4x00000000ABC'[39m,
  object: [32m'Contact'[39m,
  enableObjectHistory: [33mfalse[39m,
  fieldRefCount: [33m2[39m,
  exclusive: [33mfalse[39m
}
[32m[Nest] 93449  - [39m07/27/2026, 12:15:10 PM [32m    LOG[39m [38;5;3m[T3MetadataJsforceAdapter] [39mObject(5) {
  action: [32m't3.historyTracking.done'[39m,
  orgId: [32m'00D4x00000000ABC'[39m,
  noop: [33mtrue[39m,
  target: [32m'Contact'[39m,
  verified: [33mtrue[39m
}
[32m[Nest] 93449  - [39m07/27/2026, 12:15:10 PM [32m    LOG[39m [38;5;3m[T3MetadataJsforceAdapter] [39mObject(6) {
  action: [32m't3.historyTracking'[39m,
  orgId: [32m'00D4x00000000ABC'[39m,
  object: [32m'Contact'[39m,
  enableObjectHistory: [1mnull[22m,
  fieldRefCount: [33m1[39m,
  exclusive: [33mfalse[39m
}
[32m[Nest] 93449  - [39m07/27/2026, 12:15:10 PM [32m    LOG[39m [38;5;3m[T3MetadataJsforceAdapter] [39mObject(4) {
  action: [32m't3.historyTracking.done'[39m,
  orgId: [32m'00D4x00000000ABC'[39m,
  target: [32m'Contact'[39m,
  verified: [33mfalse[39m
}
[32m[Nest] 93449  - [39m07/27/2026, 12:15:10 PM [32m    LOG[39m [38;5;3m[T3MetadataJsforceAdapter] [39mObject(6) {
  action: [32m't3.historyTracking'[39m,
  orgId: [32m'00D4x00000000ABC'[39m,
  object: [32m'Contact'[39m,
  enableObjectHistory: [1mnull[22m,
  fieldRefCount: [33m2[39m,
  exclusive: [33mfalse[39m
}
[32m[Nest] 93449  - [39m07/27/2026, 12:15:10 PM [32m    LOG[39m [38;5;3m[T3MetadataJsforceAdapter] [39mObject(4) {
  action: [32m't3.historyTracking.done'[39m,
  orgId: [32m'00D4x00000000ABC'[39m,
  target: [32m'Contact'[39m,
  verified: [33mfalse[39m
}
[32m[Nest] 93449  - [39m07/27/2026, 12:15:10 PM [32m    LOG[39m [38;5;3m[T3MetadataJsforceAdapter] [39mObject(6) {
  action: [32m't3.historyTracking'[39m,
  orgId: [32m'00D4x00000000ABC'[39m,
  object: [32m'Contact'[39m,
  enableObjectHistory: [33mtrue[39m,
  fieldRefCount: [33m2[39m,
  exclusive: [33mfalse[39m
}
[32m[Nest] 93449  - [39m07/27/2026, 12:15:10 PM [32m    LOG[39m [38;5;3m[T3MetadataJsforceAdapter] [39mObject(4) {
  action: [32m't3.historyTracking.done'[39m,
  orgId: [32m'00D4x00000000ABC'[39m,
  target: [32m'Contact'[39m,
  verified: [33mfalse[39m
}
[32m[Nest] 93449  - [39m07/27/2026, 12:15:10 PM [32m    LOG[39m [38;5;3m[T3MetadataJsforceAdapter] [39mObject(6) {
  action: [32m't3.historyTracking'[39m,
  orgId: [32m'00D4x00000000ABC'[39m,
  object: [32m'Contact'[39m,
  enableObjectHistory: [33mtrue[39m,
  fieldRefCount: [33m2[39m,
  exclusive: [33mfalse[39m
}
[32m[Nest] 93449  - [39m07/27/2026, 12:15:10 PM [32m    LOG[39m [38;5;3m[T3MetadataJsforceAdapter] [39mObject(4) {
  action: [32m't3.historyTracking.done'[39m,
  orgId: [32m'00D4x00000000ABC'[39m,
  target: [32m'Contact'[39m,
  verified: [33mtrue[39m
}
[32m[Nest] 93449  - [39m07/27/2026, 12:15:10 PM [32m    LOG[39m [38;5;3m[T3MetadataJsforceAdapter] [39mObject(6) {
  action: [32m't3.historyTracking'[39m,
  orgId: [32m'00D4x00000000ABC'[39m,
  object: [32m'Contact'[39m,
  enableObjectHistory: [33mtrue[39m,
  fieldRefCount: [33m2[39m,
  exclusive: [33mfalse[39m
}
[32m[Nest] 93449  - [39m07/27/2026, 12:15:10 PM [32m    LOG[39m [38;5;3m[T3MetadataJsforceAdapter] [39mObject(4) {
  action: [32m't3.historyTracking.done'[39m,
  orgId: [32m'00D4x00000000ABC'[39m,
  target: [32m'Contact'[39m,
  verified: [33mtrue[39m
}
[32m[Nest] 93449  - [39m07/27/2026, 12:15:10 PM [32m    LOG[39m [38;5;3m[T3MetadataJsforceAdapter] [39mObject(6) {
  action: [32m't3.historyTracking'[39m,
  orgId: [32m'00D4x00000000ABC'[39m,
  object: [32m'Contact'[39m,
  enableObjectHistory: [33mtrue[39m,
  fieldRefCount: [33m2[39m,
  exclusive: [33mfalse[39m
}
[32m[Nest] 93449  - [39m07/27/2026, 12:15:10 PM [32m    LOG[39m [38;5;3m[T3MetadataJsforceAdapter] [39mObject(6) {
  action: [32m't3.historyTracking'[39m,
  orgId: [32m'00D4x00000000ABC'[39m,
  object: [32m'Contact'[39m,
  enableObjectHistory: [33mtrue[39m,
  fieldRefCount: [33m2[39m,
  exclusive: [33mfalse[39m
}
[32m[Nest] 93449  - [39m07/27/2026, 12:15:10 PM [32m    LOG[39m [38;5;3m[T3MetadataJsforceAdapter] [39mObject(6) {
  action: [32m't3.historyTracking'[39m,
  orgId: [32m'00D4x00000000ABC'[39m,
  object: [32m'Contact'[39m,
  enableObjectHistory: [33mtrue[39m,
  fieldRefCount: [33m2[39m,
  exclusive: [33mfalse[39m
}
[32m[Nest] 93449  - [39m07/27/2026, 12:15:10 PM [32m    LOG[39m [38;5;3m[T3MetadataJsforceAdapter] [39mObject(6) {
  action: [32m't3.historyTracking'[39m,
  orgId: [32m'00D4x00000000ABC'[39m,
  object: [32m'Contact'[39m,
  enableObjectHistory: [33mtrue[39m,
  fieldRefCount: [33m2[39m,
  exclusive: [33mfalse[39m
}
[32m[Nest] 93449  - [39m07/27/2026, 12:15:10 PM [32m    LOG[39m [38;5;3m[T3MetadataJsforceAdapter] [39mObject(6) {
  action: [32m't3.historyTracking'[39m,
  orgId: [32m'00D4x00000000ABC'[39m,
  object: [32m'Contact'[39m,
  enableObjectHistory: [1mnull[22m,
  fieldRefCount: [33m2[39m,
  exclusive: [33mfalse[39m
}
[32m[Nest] 93449  - [39m07/27/2026, 12:15:10 PM [32m    LOG[39m [38;5;3m[T3MetadataJsforceAdapter] [39mObject(4) {
  action: [32m't3.historyTracking.done'[39m,
  orgId: [32m'00D4x00000000ABC'[39m,
  target: [32m'Contact'[39m,
  verified: [33mfalse[39m
}
[32m[Nest] 93449  - [39m07/27/2026, 12:15:10 PM [32m    LOG[39m [38;5;3m[T3MetadataJsforceAdapter] [39mObject(6) {
  action: [32m't3.historyTracking'[39m,
  orgId: [32m'00D4x00000000ABC'[39m,
  object: [32m'Contact'[39m,
  enableObjectHistory: [1mnull[22m,
  fieldRefCount: [33m2[39m,
  exclusive: [33mfalse[39m
}
[32m[Nest] 93449  - [39m07/27/2026, 12:15:10 PM [32m    LOG[39m [38;5;3m[T3MetadataJsforceAdapter] [39mObject(5) {
  action: [32m't3.historyTracking.done'[39m,
  orgId: [32m'00D4x00000000ABC'[39m,
  allSkipped: [33mtrue[39m,
  target: [32m'Contact'[39m,
  verified: [33mfalse[39m
}
[32m[Nest] 93449  - [39m07/27/2026, 12:15:10 PM [32m    LOG[39m [38;5;3m[T3MetadataJsforceAdapter] [39mObject(6) {
  action: [32m't3.historyTracking'[39m,
  orgId: [32m'00D4x00000000ABC'[39m,
  object: [32m'Contact'[39m,
  enableObjectHistory: [1mnull[22m,
  fieldRefCount: [33m1[39m,
  exclusive: [33mfalse[39m
}
[32m[Nest] 93449  - [39m07/27/2026, 12:15:10 PM [32m    LOG[39m [38;5;3m[T3MetadataJsforceAdapter] [39mObject(4) {
  action: [32m't3.historyTracking.done'[39m,
  orgId: [32m'00D4x00000000ABC'[39m,
  target: [32m'Contact'[39m,
  verified: [33mfalse[39m
}
[32m[Nest] 93449  - [39m07/27/2026, 12:15:10 PM [32m    LOG[39m [38;5;3m[T3MetadataJsforceAdapter] [39mObject(5) {
  action: [32m't3.remoteSite'[39m,
  orgId: [32m'00D4x00000000ABC'[39m,
  fullName: [32m'Veevart_API'[39m,
  active: [33mtrue[39m,
  url: [32m'https://api.veevart.com'[39m
}
[32m[Nest] 93449  - [39m07/27/2026, 12:15:10 PM [32m    LOG[39m [38;5;3m[T3MetadataJsforceAdapter] [39mObject(4) {
  action: [32m't3.remoteSite.done'[39m,
  orgId: [32m'00D4x00000000ABC'[39m,
  target: [32m'Veevart_API'[39m,
  verified: [33mtrue[39m
}
[32m[Nest] 93449  - [39m07/27/2026, 12:15:10 PM [32m    LOG[39m [38;5;3m[T3MetadataJsforceAdapter] [39mObject(5) {
  action: [32m't3.remoteSite'[39m,
  orgId: [32m'00D4x00000000ABC'[39m,
  fullName: [32m'Veevart_API'[39m,
  active: [33mtrue[39m,
  url: [32m'https://api.veevart.com'[39m
}
[32m[Nest] 93449  - [39m07/27/2026, 12:15:10 PM [32m    LOG[39m [38;5;3m[T3MetadataJsforceAdapter] [39mObject(4) {
  action: [32m't3.remoteSite.done'[39m,
  orgId: [32m'00D4x00000000ABC'[39m,
  target: [32m'Veevart_API'[39m,
  verified: [33mtrue[39m
}
[32m[Nest] 93449  - [39m07/27/2026, 12:15:10 PM [32m    LOG[39m [38;5;3m[T3MetadataJsforceAdapter] [39mObject(5) {
  action: [32m't3.remoteSite'[39m,
  orgId: [32m'00D4x00000000ABC'[39m,
  fullName: [32m'Veevart_API'[39m,
  active: [33mfalse[39m,
  url: [32m'https://api.veevart.com'[39m
}
[32m[Nest] 93449  - [39m07/27/2026, 12:15:10 PM [32m    LOG[39m [38;5;3m[T3MetadataJsforceAdapter] [39mObject(4) {
  action: [32m't3.remoteSite.done'[39m,
  orgId: [32m'00D4x00000000ABC'[39m,
  target: [32m'Veevart_API'[39m,
  verified: [33mtrue[39m
}
[32m[Nest] 93449  - [39m07/27/2026, 12:15:10 PM [32m    LOG[39m [38;5;3m[T3MetadataJsforceAdapter] [39mObject(5) {
  action: [32m't3.remoteSite'[39m,
  orgId: [32m'00D4x00000000ABC'[39m,
  fullName: [32m'Veevart_API'[39m,
  active: [33mtrue[39m,
  url: [32m'https://api.veevart.com'[39m
}
[32m[Nest] 93449  - [39m07/27/2026, 12:15:10 PM [32m    LOG[39m [38;5;3m[T3MetadataJsforceAdapter] [39mObject(4) {
  action: [32m't3.remoteSite.done'[39m,
  orgId: [32m'00D4x00000000ABC'[39m,
  target: [32m'Veevart_API'[39m,
  verified: [33mfalse[39m
}
[32m[Nest] 93449  - [39m07/27/2026, 12:15:10 PM [32m    LOG[39m [38;5;3m[T3MetadataJsforceAdapter] [39mObject(5) {
  action: [32m't3.remoteSite'[39m,
  orgId: [32m'00D4x00000000ABC'[39m,
  fullName: [32m'Veevart_API'[39m,
  active: [33mtrue[39m,
  url: [32m'https://api.veevart.com'[39m
}
[32m[Nest] 93449  - [39m07/27/2026, 12:15:10 PM [32m    LOG[39m [38;5;3m[T3MetadataJsforceAdapter] [39mObject(5) {
  action: [32m't3.remoteSite'[39m,
  orgId: [32m'00D4x00000000ABC'[39m,
  fullName: [32m'Veevart_API'[39m,
  active: [33mtrue[39m,
  url: [32m'(activate-only)'[39m
}
[32m[Nest] 93449  - [39m07/27/2026, 12:15:10 PM [32m    LOG[39m [38;5;3m[T3MetadataJsforceAdapter] [39mObject(4) {
  action: [32m't3.remoteSite.done'[39m,
  orgId: [32m'00D4x00000000ABC'[39m,
  target: [32m'Veevart_API'[39m,
  verified: [33mtrue[39m
}
[32m[Nest] 93449  - [39m07/27/2026, 12:15:10 PM [32m    LOG[39m [38;5;3m[T3MetadataJsforceAdapter] [39mObject(5) {
  action: [32m't3.remoteSite'[39m,
  orgId: [32m'00D4x00000000ABC'[39m,
  fullName: [32m'Veevart_API'[39m,
  active: [33mtrue[39m,
  url: [32m'(activate-only)'[39m
}
[32m[Nest] 93449  - [39m07/27/2026, 12:15:10 PM [32m    LOG[39m [38;5;3m[T3MetadataJsforceAdapter] [39mObject(4) {
  action: [32m't3.remoteSite.done'[39m,
  orgId: [32m'00D4x00000000ABC'[39m,
  target: [32m'Veevart_API'[39m,
  verified: [33mtrue[39m
}
[32m[Nest] 93449  - [39m07/27/2026, 12:15:10 PM [32m    LOG[39m [38;5;3m[T3MetadataJsforceAdapter] [39mObject(5) {
  action: [32m't3.remoteSite'[39m,
  orgId: [32m'00D4x00000000ABC'[39m,
  fullName: [32m'Veevart_API'[39m,
  active: [33mtrue[39m,
  url: [32m'(activate-only)'[39m
}
[32m[Nest] 93449  - [39m07/27/2026, 12:15:10 PM [32m    LOG[39m [38;5;3m[T3MetadataJsforceAdapter] [39mObject(6) {
  action: [32m't3.picklistValues'[39m,
  orgId: [32m'00D4x00000000ABC'[39m,
  field: [32m'Opportunity.Auctifera__Channel__c'[39m,
  addCount: [33m1[39m,
  deactivateCount: [33m0[39m,
  ensureOnly: [33mfalse[39m
}
[32m[Nest] 93449  - [39m07/27/2026, 12:15:10 PM [32m    LOG[39m [38;5;3m[T3MetadataJsforceAdapter] [39mObject(4) {
  action: [32m't3.picklistValues.done'[39m,
  orgId: [32m'00D4x00000000ABC'[39m,
  target: [32m'Opportunity.Auctifera__Channel__c'[39m,
  verified: [33mtrue[39m
}
[32m[Nest] 93449  - [39m07/27/2026, 12:15:10 PM [32m    LOG[39m [38;5;3m[T3MetadataJsforceAdapter] [39mObject(6) {
  action: [32m't3.picklistValues'[39m,
  orgId: [32m'00D4x00000000ABC'[39m,
  field: [32m'Opportunity.Auctifera__Channel__c'[39m,
  addCount: [33m1[39m,
  deactivateCount: [33m0[39m,
  ensureOnly: [33mfalse[39m
}
[32m[Nest] 93449  - [39m07/27/2026, 12:15:10 PM [32m    LOG[39m [38;5;3m[T3MetadataJsforceAdapter] [39mObject(5) {
  action: [32m't3.picklistValues.done'[39m,
  orgId: [32m'00D4x00000000ABC'[39m,
  noop: [33mtrue[39m,
  target: [32m'Opportunity.Auctifera__Channel__c'[39m,
  verified: [33mtrue[39m
}
[32m[Nest] 93449  - [39m07/27/2026, 12:15:10 PM [32m    LOG[39m [38;5;3m[T3MetadataJsforceAdapter] [39mObject(6) {
  action: [32m't3.picklistValues'[39m,
  orgId: [32m'00D4x00000000ABC'[39m,
  field: [32m'Opportunity.Auctifera__Channel__c'[39m,
  addCount: [33m1[39m,
  deactivateCount: [33m0[39m,
  ensureOnly: [33mfalse[39m
}
[32m[Nest] 93449  - [39m07/27/2026, 12:15:10 PM [32m    LOG[39m [38;5;3m[T3MetadataJsforceAdapter] [39mObject(6) {
  action: [32m't3.picklistValues'[39m,
  orgId: [32m'00D4x00000000ABC'[39m,
  field: [32m'Opportunity.Auctifera__Channel__c'[39m,
  addCount: [33m1[39m,
  deactivateCount: [33m0[39m,
  ensureOnly: [33mfalse[39m
}
[32m[Nest] 93449  - [39m07/27/2026, 12:15:10 PM [32m    LOG[39m [38;5;3m[T3MetadataJsforceAdapter] [39mObject(6) {
  action: [32m't3.picklistValues'[39m,
  orgId: [32m'00D4x00000000ABC'[39m,
  field: [32m'Opportunity.Auctifera__Channel__c'[39m,
  addCount: [33m2[39m,
  deactivateCount: [33m0[39m,
  ensureOnly: [33mtrue[39m
}
[32m[Nest] 93449  - [39m07/27/2026, 12:15:10 PM [32m    LOG[39m [38;5;3m[T3MetadataJsforceAdapter] [39mObject(5) {
  action: [32m't3.picklistValues.done'[39m,
  orgId: [32m'00D4x00000000ABC'[39m,
  ensureOnly: [33mtrue[39m,
  target: [32m'Opportunity.Auctifera__Channel__c'[39m,
  verified: [33mfalse[39m
}
[32m[Nest] 93449  - [39m07/27/2026, 12:15:10 PM [32m    LOG[39m [38;5;3m[T3MetadataJsforceAdapter] [39mObject(6) {
  action: [32m't3.picklistValues'[39m,
  orgId: [32m'00D4x00000000ABC'[39m,
  field: [32m'Opportunity.Auctifera__Channel__c'[39m,
  addCount: [33m1[39m,
  deactivateCount: [33m0[39m,
  ensureOnly: [33mtrue[39m
}
[32m[Nest] 93449  - [39m07/27/2026, 12:15:10 PM [32m    LOG[39m [38;5;3m[T3MetadataJsforceAdapter] [39mObject(5) {
  action: [32m't3.picklistValues.done'[39m,
  orgId: [32m'00D4x00000000ABC'[39m,
  ensureOnly: [33mtrue[39m,
  target: [32m'Opportunity.Auctifera__Channel__c'[39m,
  verified: [33mtrue[39m
}
[32m[Nest] 93449  - [39m07/27/2026, 12:15:10 PM [32m    LOG[39m [38;5;3m[T3MetadataJsforceAdapter] [39mObject(6) {
  action: [32m't3.picklistValues'[39m,
  orgId: [32m'00D4x00000000ABC'[39m,
  field: [32m'Opportunity.Auctifera__Channel__c'[39m,
  addCount: [33m1[39m,
  deactivateCount: [33m0[39m,
  ensureOnly: [33mfalse[39m
}
[32m[Nest] 93449  - [39m07/27/2026, 12:15:10 PM [32m    LOG[39m [38;5;3m[T3MetadataJsforceAdapter] [39mObject(4) {
  action: [32m't3.picklistValues.done'[39m,
  orgId: [32m'00D4x00000000ABC'[39m,
  target: [32m'Opportunity.Auctifera__Channel__c'[39m,
  verified: [33mtrue[39m
}
[32m[Nest] 93449  - [39m07/27/2026, 12:15:10 PM [32m    LOG[39m [38;5;3m[T3MetadataJsforceAdapter] [39mObject(6) {
  action: [32m't3.picklistValues'[39m,
  orgId: [32m'00D4x00000000ABC'[39m,
  field: [32m'Opportunity.Auctifera__Channel__c'[39m,
  addCount: [33m1[39m,
  deactivateCount: [33m0[39m,
  ensureOnly: [33mfalse[39m
}
[32m[Nest] 93449  - [39m07/27/2026, 12:15:10 PM [32m    LOG[39m [38;5;3m[T3MetadataJsforceAdapter] [39mObject(4) {
  action: [32m't3.picklistValues.done'[39m,
  orgId: [32m'00D4x00000000ABC'[39m,
  target: [32m'Opportunity.Auctifera__Channel__c'[39m,
  verified: [33mtrue[39m
}
[32m[Nest] 93449  - [39m07/27/2026, 12:15:10 PM [32m    LOG[39m [38;5;3m[T3MetadataJsforceAdapter] [39mObject(6) {
  action: [32m't3.picklistValues'[39m,
  orgId: [32m'00D4x00000000ABC'[39m,
  field: [32m'Opportunity.Auctifera__Channel__c'[39m,
  addCount: [33m1[39m,
  deactivateCount: [33m0[39m,
  ensureOnly: [33mfalse[39m
}
[32m[Nest] 93449  - [39m07/27/2026, 12:15:10 PM [32m    LOG[39m [38;5;3m[T3MetadataJsforceAdapter] [39mObject(5) {
  action: [32m't3.picklistValues.done'[39m,
  orgId: [32m'00D4x00000000ABC'[39m,
  noop: [33mtrue[39m,
  target: [32m'Opportunity.Auctifera__Channel__c'[39m,
  verified: [33mtrue[39m
}
[32m[Nest] 93449  - [39m07/27/2026, 12:15:10 PM [32m    LOG[39m [38;5;3m[T3MetadataJsforceAdapter] [39mObject(6) {
  action: [32m't3.picklistValues'[39m,
  orgId: [32m'00D4x00000000ABC'[39m,
  field: [32m'Opportunity.Auctifera__Channel__c'[39m,
  addCount: [33m1[39m,
  deactivateCount: [33m0[39m,
  ensureOnly: [33mtrue[39m
}
[32m[Nest] 93449  - [39m07/27/2026, 12:15:10 PM [32m    LOG[39m [38;5;3m[T3MetadataJsforceAdapter] [39mObject(5) {
  action: [32m't3.picklistValues.done'[39m,
  orgId: [32m'00D4x00000000ABC'[39m,
  ensureOnly: [33mtrue[39m,
  target: [32m'Opportunity.Auctifera__Channel__c'[39m,
  verified: [33mfalse[39m
}
[32m[Nest] 93449  - [39m07/27/2026, 12:15:10 PM [32m    LOG[39m [38;5;3m[T3MetadataJsforceAdapter] [39mObject(6) {
  action: [32m't3.picklistValues'[39m,
  orgId: [32m'00D4x00000000ABC'[39m,
  field: [32m'Opportunity.Auctifera__Channel__c'[39m,
  addCount: [33m1[39m,
  deactivateCount: [33m0[39m,
  ensureOnly: [33mfalse[39m
}
[32m[Nest] 93449  - [39m07/27/2026, 12:15:10 PM [32m    LOG[39m [38;5;3m[T3MetadataJsforceAdapter] [39mObject(4) {
  action: [32m't3.picklistValues.done'[39m,
  orgId: [32m'00D4x00000000ABC'[39m,
  target: [32m'Opportunity.Auctifera__Channel__c'[39m,
  verified: [33mfalse[39m
}
[32m[Nest] 93449  - [39m07/27/2026, 12:15:10 PM [32m    LOG[39m [38;5;3m[T3MetadataJsforceAdapter] [39mObject(6) {
  action: [32m't3.picklistValues'[39m,
  orgId: [32m'00D4x00000000ABC'[39m,
  field: [32m'Opportunity.Auctifera__Channel__c'[39m,
  addCount: [33m1[39m,
  deactivateCount: [33m0[39m,
  ensureOnly: [33mfalse[39m
}
[32m[Nest] 93449  - [39m07/27/2026, 12:15:10 PM [32m    LOG[39m [38;5;3m[T3MetadataJsforceAdapter] [39mObject(4) {
  action: [32m't3.picklistValues.done'[39m,
  orgId: [32m'00D4x00000000ABC'[39m,
  target: [32m'Opportunity.Auctifera__Channel__c'[39m,
  verified: [33mfalse[39m
}
[32m[Nest] 93449  - [39m07/27/2026, 12:15:10 PM [32m    LOG[39m [38;5;3m[T3MetadataJsforceAdapter] [39mObject(6) {
  action: [32m't3.picklistValues'[39m,
  orgId: [32m'00D4x00000000ABC'[39m,
  field: [32m'Opportunity.Auctifera__Channel__c'[39m,
  addCount: [33m1[39m,
  deactivateCount: [33m0[39m,
  ensureOnly: [33mfalse[39m
}
PASS src/csm/users/application/user-sync.service.spec.ts
PASS src/implementations/infrastructure/persistence/dynamodb/step-runs.dynamodb.repository.spec.ts
[32m[Nest] 93449  - [39m07/27/2026, 12:15:10 PM [32m    LOG[39m [38;5;3m[T3MetadataJsforceAdapter] [39mObject(6) {
  action: [32m't3.picklistValues'[39m,
  orgId: [32m'00D4x00000000ABC'[39m,
  field: [32m'npe03__Recurring_Donation__c.npe03__Installment_Period__c'[39m,
  addCount: [33m0[39m,
  deactivateCount: [33m1[39m,
  ensureOnly: [33mfalse[39m
}
[32m[Nest] 93449  - [39m07/27/2026, 12:15:10 PM [32m    LOG[39m [38;5;3m[T3MetadataJsforceAdapter] [39mObject(4) {
  action: [32m't3.picklistValues.done'[39m,
  orgId: [32m'00D4x00000000ABC'[39m,
  target: [32m'npe03__Recurring_Donation__c.npe03__Installment_Period__c'[39m,
  verified: [33mtrue[39m
}
[32m[Nest] 93449  - [39m07/27/2026, 12:15:10 PM [32m    LOG[39m [38;5;3m[T3MetadataJsforceAdapter] [39mObject(6) {
  action: [32m't3.picklistValues'[39m,
  orgId: [32m'00D4x00000000ABC'[39m,
  field: [32m'npe03__Recurring_Donation__c.npe03__Installment_Period__c'[39m,
  addCount: [33m0[39m,
  deactivateCount: [33m1[39m,
  ensureOnly: [33mfalse[39m
}
[32m[Nest] 93449  - [39m07/27/2026, 12:15:10 PM [32m    LOG[39m [38;5;3m[T3MetadataJsforceAdapter] [39mObject(5) {
  action: [32m't3.picklistValues.done'[39m,
  orgId: [32m'00D4x00000000ABC'[39m,
  noop: [33mtrue[39m,
  target: [32m'npe03__Recurring_Donation__c.npe03__Installment_Period__c'[39m,
  verified: [33mtrue[39m
}
[32m[Nest] 93449  - [39m07/27/2026, 12:15:10 PM [32m    LOG[39m [38;5;3m[T3MetadataJsforceAdapter] [39mObject(6) {
  action: [32m't3.picklistValues'[39m,
  orgId: [32m'00D4x00000000ABC'[39m,
  field: [32m'npe03__Recurring_Donation__c.npe03__Installment_Period__c'[39m,
  addCount: [33m0[39m,
  deactivateCount: [33m1[39m,
  ensureOnly: [33mfalse[39m
}
[32m[Nest] 93449  - [39m07/27/2026, 12:15:10 PM [32m    LOG[39m [38;5;3m[T3MetadataJsforceAdapter] [39mObject(5) {
  action: [32m't3.picklistValues.done'[39m,
  orgId: [32m'00D4x00000000ABC'[39m,
  noop: [33mtrue[39m,
  target: [32m'npe03__Recurring_Donation__c.npe03__Installment_Period__c'[39m,
  verified: [33mtrue[39m
}
[32m[Nest] 93449  - [39m07/27/2026, 12:15:10 PM [32m    LOG[39m [38;5;3m[T3MetadataJsforceAdapter] [39mObject(6) {
  action: [32m't3.picklistValues'[39m,
  orgId: [32m'00D4x00000000ABC'[39m,
  field: [32m'npe03__Recurring_Donation__c.npe03__Installment_Period__c'[39m,
  addCount: [33m0[39m,
  deactivateCount: [33m1[39m,
  ensureOnly: [33mfalse[39m
}
[32m[Nest] 93449  - [39m07/27/2026, 12:15:10 PM [32m    LOG[39m [38;5;3m[T3MetadataJsforceAdapter] [39mObject(4) {
  action: [32m't3.picklistValues.done'[39m,
  orgId: [32m'00D4x00000000ABC'[39m,
  target: [32m'npe03__Recurring_Donation__c.npe03__Installment_Period__c'[39m,
  verified: [33mfalse[39m
}
[32m[Nest] 93449  - [39m07/27/2026, 12:15:10 PM [32m    LOG[39m [38;5;3m[T3MetadataJsforceAdapter] [39mObject(6) {
  action: [32m't3.picklistValues'[39m,
  orgId: [32m'00D4x00000000ABC'[39m,
  field: [32m'npe03__Recurring_Donation__c.npe03__Installment_Period__c'[39m,
  addCount: [33m1[39m,
  deactivateCount: [33m1[39m,
  ensureOnly: [33mfalse[39m
}
[32m[Nest] 93449  - [39m07/27/2026, 12:15:10 PM [32m    LOG[39m [38;5;3m[T3MetadataJsforceAdapter] [39mObject(4) {
  action: [32m't3.picklistValues.done'[39m,
  orgId: [32m'00D4x00000000ABC'[39m,
  target: [32m'npe03__Recurring_Donation__c.npe03__Installment_Period__c'[39m,
  verified: [33mtrue[39m
}
[32m[Nest] 93449  - [39m07/27/2026, 12:15:10 PM [32m    LOG[39m [38;5;3m[T3MetadataJsforceAdapter] [39mObject(6) {
  action: [32m't3.picklistValues'[39m,
  orgId: [32m'00D4x00000000ABC'[39m,
  field: [32m'npe03__Recurring_Donation__c.npe03__Installment_Period__c'[39m,
  addCount: [33m0[39m,
  deactivateCount: [33m1[39m,
  ensureOnly: [33mtrue[39m
}
[32m[Nest] 93449  - [39m07/27/2026, 12:15:10 PM [32m    LOG[39m [38;5;3m[T3MetadataJsforceAdapter] [39mObject(5) {
  action: [32m't3.picklistValues.done'[39m,
  orgId: [32m'00D4x00000000ABC'[39m,
  ensureOnly: [33mtrue[39m,
  target: [32m'npe03__Recurring_Donation__c.npe03__Installment_Period__c'[39m,
  verified: [33mfalse[39m
}
[32m[Nest] 93449  - [39m07/27/2026, 12:15:10 PM [32m    LOG[39m [38;5;3m[T3MetadataJsforceAdapter] [39mObject(6) {
  action: [32m't3.picklistValues'[39m,
  orgId: [32m'00D4x00000000ABC'[39m,
  field: [32m'npe03__Recurring_Donation__c.npe03__Installment_Period__c'[39m,
  addCount: [33m0[39m,
  deactivateCount: [33m1[39m,
  ensureOnly: [33mtrue[39m
}
[32m[Nest] 93449  - [39m07/27/2026, 12:15:10 PM [32m    LOG[39m [38;5;3m[T3MetadataJsforceAdapter] [39mObject(5) {
  action: [32m't3.picklistValues.done'[39m,
  orgId: [32m'00D4x00000000ABC'[39m,
  ensureOnly: [33mtrue[39m,
  target: [32m'npe03__Recurring_Donation__c.npe03__Installment_Period__c'[39m,
  verified: [33mtrue[39m
}
[32m[Nest] 93449  - [39m07/27/2026, 12:15:10 PM [32m    LOG[39m [38;5;3m[T3MetadataJsforceAdapter] [39mObject(4) {
  action: [32m't3.recordTypes'[39m,
  orgId: [32m'00D4x00000000ABC'[39m,
  object: [32m'Opportunity'[39m,
  ensureCount: [33m2[39m
}
[32m[Nest] 93449  - [39m07/27/2026, 12:15:10 PM [32m    LOG[39m [38;5;3m[T3MetadataJsforceAdapter] [39mObject(4) {
  action: [32m't3.recordTypes.done'[39m,
  orgId: [32m'00D4x00000000ABC'[39m,
  target: [32m'Opportunity'[39m,
  verified: [33mtrue[39m
}
[32m[Nest] 93449  - [39m07/27/2026, 12:15:10 PM [32m    LOG[39m [38;5;3m[T3MetadataJsforceAdapter] [39mObject(4) {
  action: [32m't3.recordTypes'[39m,
  orgId: [32m'00D4x00000000ABC'[39m,
  object: [32m'Opportunity'[39m,
  ensureCount: [33m2[39m
}
[32m[Nest] 93449  - [39m07/27/2026, 12:15:10 PM [32m    LOG[39m [38;5;3m[T3MetadataJsforceAdapter] [39mObject(4) {
  action: [32m't3.recordTypes.done'[39m,
  orgId: [32m'00D4x00000000ABC'[39m,
  target: [32m'Opportunity'[39m,
  verified: [33mtrue[39m
}
[32m[Nest] 93449  - [39m07/27/2026, 12:15:10 PM [32m    LOG[39m [38;5;3m[T3MetadataJsforceAdapter] [39mObject(4) {
  action: [32m't3.recordTypes'[39m,
  orgId: [32m'00D4x00000000ABC'[39m,
  object: [32m'Opportunity'[39m,
  ensureCount: [33m2[39m
}
[32m[Nest] 93449  - [39m07/27/2026, 12:15:10 PM [32m    LOG[39m [38;5;3m[T3MetadataJsforceAdapter] [39mObject(4) {
  action: [32m't3.recordTypes.done'[39m,
  orgId: [32m'00D4x00000000ABC'[39m,
  target: [32m'Opportunity'[39m,
  verified: [33mtrue[39m
}
[32m[Nest] 93449  - [39m07/27/2026, 12:15:10 PM [32m    LOG[39m [38;5;3m[T3MetadataJsforceAdapter] [39mObject(4) {
  action: [32m't3.recordTypes'[39m,
  orgId: [32m'00D4x00000000ABC'[39m,
  object: [32m'Opportunity'[39m,
  ensureCount: [33m1[39m
}
[32m[Nest] 93449  - [39m07/27/2026, 12:15:10 PM [32m    LOG[39m [38;5;3m[T3MetadataJsforceAdapter] [39mObject(4) {
  action: [32m't3.recordTypes.done'[39m,
  orgId: [32m'00D4x00000000ABC'[39m,
  target: [32m'Opportunity'[39m,
  verified: [33mtrue[39m
}
[32m[Nest] 93449  - [39m07/27/2026, 12:15:10 PM [32m    LOG[39m [38;5;3m[T3MetadataJsforceAdapter] [39mObject(4) {
  action: [32m't3.recordTypes'[39m,
  orgId: [32m'00D4x00000000ABC'[39m,
  object: [32m'Opportunity'[39m,
  ensureCount: [33m1[39m
}
[32m[Nest] 93449  - [39m07/27/2026, 12:15:10 PM [32m    LOG[39m [38;5;3m[T3MetadataJsforceAdapter] [39mObject(4) {
  action: [32m't3.recordTypes.done'[39m,
  orgId: [32m'00D4x00000000ABC'[39m,
  target: [32m'Opportunity'[39m,
  verified: [33mtrue[39m
}
[32m[Nest] 93449  - [39m07/27/2026, 12:15:10 PM [32m    LOG[39m [38;5;3m[T3MetadataJsforceAdapter] [39mObject(4) {
  action: [32m't3.recordTypes'[39m,
  orgId: [32m'00D4x00000000ABC'[39m,
  object: [32m'Opportunity'[39m,
  ensureCount: [33m1[39m
}
[32m[Nest] 93449  - [39m07/27/2026, 12:15:10 PM [32m    LOG[39m [38;5;3m[T3MetadataJsforceAdapter] [39mObject(4) {
  action: [32m't3.recordTypes.done'[39m,
  orgId: [32m'00D4x00000000ABC'[39m,
  target: [32m'Opportunity'[39m,
  verified: [33mtrue[39m
}
[32m[Nest] 93449  - [39m07/27/2026, 12:15:10 PM [32m    LOG[39m [38;5;3m[T3MetadataJsforceAdapter] [39mObject(4) {
  action: [32m't3.recordTypes'[39m,
  orgId: [32m'00D4x00000000ABC'[39m,
  object: [32m'Opportunity'[39m,
  ensureCount: [33m1[39m
}
[32m[Nest] 93449  - [39m07/27/2026, 12:15:10 PM [32m    LOG[39m [38;5;3m[T3MetadataJsforceAdapter] [39mObject(4) {
  action: [32m't3.recordTypes'[39m,
  orgId: [32m'00D4x00000000ABC'[39m,
  object: [32m'Opportunity'[39m,
  ensureCount: [33m1[39m
}
[32m[Nest] 93449  - [39m07/27/2026, 12:15:10 PM [32m    LOG[39m [38;5;3m[T3MetadataJsforceAdapter] [39mObject(4) {
  action: [32m't3.recordTypes.done'[39m,
  orgId: [32m'00D4x00000000ABC'[39m,
  target: [32m'Opportunity'[39m,
  verified: [33mtrue[39m
}
[32m[Nest] 93449  - [39m07/27/2026, 12:15:10 PM [32m    LOG[39m [38;5;3m[T3MetadataJsforceAdapter] [39mObject(4) {
  action: [32m't3.recordTypes'[39m,
  orgId: [32m'00D4x00000000ABC'[39m,
  object: [32m'Opportunity'[39m,
  ensureCount: [33m1[39m
}
[32m[Nest] 93449  - [39m07/27/2026, 12:15:10 PM [32m    LOG[39m [38;5;3m[T3MetadataJsforceAdapter] [39mObject(4) {
  action: [32m't3.recordTypes'[39m,
  orgId: [32m'00D4x00000000ABC'[39m,
  object: [32m'Opportunity'[39m,
  ensureCount: [33m1[39m
}
[32m[Nest] 93449  - [39m07/27/2026, 12:15:10 PM [32m    LOG[39m [38;5;3m[T3MetadataJsforceAdapter] [39mObject(4) {
  action: [32m't3.recordTypes.done'[39m,
  orgId: [32m'00D4x00000000ABC'[39m,
  target: [32m'Opportunity'[39m,
  verified: [33mtrue[39m
}
[32m[Nest] 93449  - [39m07/27/2026, 12:15:10 PM [32m    LOG[39m [38;5;3m[T3MetadataJsforceAdapter] [39mObject(4) {
  action: [32m't3.recordTypes'[39m,
  orgId: [32m'00D4x00000000ABC'[39m,
  object: [32m'Opportunity'[39m,
  ensureCount: [33m1[39m
}
[32m[Nest] 93449  - [39m07/27/2026, 12:15:10 PM [32m    LOG[39m [38;5;3m[T3MetadataJsforceAdapter] [39mObject(4) {
  action: [32m't3.recordTypes.done'[39m,
  orgId: [32m'00D4x00000000ABC'[39m,
  target: [32m'Opportunity'[39m,
  verified: [33mtrue[39m
}
[32m[Nest] 93449  - [39m07/27/2026, 12:15:10 PM [32m    LOG[39m [38;5;3m[T3MetadataJsforceAdapter] [39mObject(4) {
  action: [32m't3.recordTypes'[39m,
  orgId: [32m'00D4x00000000ABC'[39m,
  object: [32m'Auctifera__Document_Center__c'[39m,
  ensureCount: [33m1[39m
}
[32m[Nest] 93449  - [39m07/27/2026, 12:15:10 PM [32m    LOG[39m [38;5;3m[T3MetadataJsforceAdapter] [39mObject(4) {
  action: [32m't3.recordTypes.done'[39m,
  orgId: [32m'00D4x00000000ABC'[39m,
  target: [32m'Auctifera__Document_Center__c'[39m,
  verified: [33mtrue[39m
}
[32m[Nest] 93449  - [39m07/27/2026, 12:15:10 PM [32m    LOG[39m [38;5;3m[T3MetadataJsforceAdapter] [39mObject(4) {
  action: [32m't3.recordTypes'[39m,
  orgId: [32m'00D4x00000000ABC'[39m,
  object: [32m'Opportunity'[39m,
  ensureCount: [33m1[39m
}
[32m[Nest] 93449  - [39m07/27/2026, 12:15:10 PM [32m    LOG[39m [38;5;3m[T3MetadataJsforceAdapter] [39mObject(4) {
  action: [32m't3.recordTypes.done'[39m,
  orgId: [32m'00D4x00000000ABC'[39m,
  target: [32m'Opportunity'[39m,
  verified: [33mfalse[39m
}
[32m[Nest] 93449  - [39m07/27/2026, 12:15:10 PM [32m    LOG[39m [38;5;3m[T3MetadataJsforceAdapter] [39mObject(4) {
  action: [32m't3.recordTypes'[39m,
  orgId: [32m'00D4x00000000ABC'[39m,
  object: [32m'Opportunity'[39m,
  ensureCount: [33m1[39m
}
[32m[Nest] 93449  - [39m07/27/2026, 12:15:10 PM [32m    LOG[39m [38;5;3m[T3MetadataJsforceAdapter] [39mObject(4) {
  action: [32m't3.recordTypes.done'[39m,
  orgId: [32m'00D4x00000000ABC'[39m,
  target: [32m'Opportunity'[39m,
  verified: [33mfalse[39m
}
[32m[Nest] 93449  - [39m07/27/2026, 12:15:10 PM [32m    LOG[39m [38;5;3m[T3MetadataJsforceAdapter] [39mObject(4) {
  action: [32m't3.recordTypes'[39m,
  orgId: [32m'00D4x00000000ABC'[39m,
  object: [32m'Opportunity'[39m,
  ensureCount: [33m1[39m
}
[32m[Nest] 93449  - [39m07/27/2026, 12:15:10 PM [32m    LOG[39m [38;5;3m[T3MetadataJsforceAdapter] [39mObject(4) {
  action: [32m't3.customField'[39m,
  orgId: [32m'00D4x00000000ABC'[39m,
  object: [32m'Opportunity'[39m,
  ensureCount: [33m1[39m
}
[32m[Nest] 93449  - [39m07/27/2026, 12:15:10 PM [32m    LOG[39m [38;5;3m[T3MetadataJsforceAdapter] [39mObject(4) {
  action: [32m't3.customField.done'[39m,
  orgId: [32m'00D4x00000000ABC'[39m,
  target: [32m'Opportunity'[39m,
  verified: [33mtrue[39m
}
[32m[Nest] 93449  - [39m07/27/2026, 12:15:10 PM [32m    LOG[39m [38;5;3m[T3MetadataJsforceAdapter] [39mObject(4) {
  action: [32m't3.customField'[39m,
  orgId: [32m'00D4x00000000ABC'[39m,
  object: [32m'Opportunity'[39m,
  ensureCount: [33m1[39m
}
[32m[Nest] 93449  - [39m07/27/2026, 12:15:10 PM [32m    LOG[39m [38;5;3m[T3MetadataJsforceAdapter] [39mObject(4) {
  action: [32m't3.customField.done'[39m,
  orgId: [32m'00D4x00000000ABC'[39m,
  target: [32m'Opportunity'[39m,
  verified: [33mtrue[39m
}
[32m[Nest] 93449  - [39m07/27/2026, 12:15:10 PM [32m    LOG[39m [38;5;3m[T3MetadataJsforceAdapter] [39mObject(4) {
  action: [32m't3.customField'[39m,
  orgId: [32m'00D4x00000000ABC'[39m,
  object: [32m'Opportunity'[39m,
  ensureCount: [33m1[39m
}
[32m[Nest] 93449  - [39m07/27/2026, 12:15:10 PM [32m    LOG[39m [38;5;3m[T3MetadataJsforceAdapter] [39mObject(4) {
  action: [32m't3.customField.done'[39m,
  orgId: [32m'00D4x00000000ABC'[39m,
  target: [32m'Opportunity'[39m,
  verified: [33mtrue[39m
}
[32m[Nest] 93449  - [39m07/27/2026, 12:15:10 PM [32m    LOG[39m [38;5;3m[T3MetadataJsforceAdapter] [39mObject(4) {
  action: [32m't3.customField'[39m,
  orgId: [32m'00D4x00000000ABC'[39m,
  object: [32m'Opportunity'[39m,
  ensureCount: [33m1[39m
}
[32m[Nest] 93449  - [39m07/27/2026, 12:15:10 PM [32m    LOG[39m [38;5;3m[T3MetadataJsforceAdapter] [39mObject(4) {
  action: [32m't3.customField.done'[39m,
  orgId: [32m'00D4x00000000ABC'[39m,
  target: [32m'Opportunity'[39m,
  verified: [33mfalse[39m
}
[32m[Nest] 93449  - [39m07/27/2026, 12:15:10 PM [32m    LOG[39m [38;5;3m[T3MetadataJsforceAdapter] [39mObject(4) {
  action: [32m't3.customField'[39m,
  orgId: [32m'00D4x00000000ABC'[39m,
  object: [32m'Opportunity'[39m,
  ensureCount: [33m1[39m
}
[32m[Nest] 93449  - [39m07/27/2026, 12:15:10 PM [32m    LOG[39m [38;5;3m[T3MetadataJsforceAdapter] [39mObject(4) {
  action: [32m't3.customField.done'[39m,
  orgId: [32m'00D4x00000000ABC'[39m,
  target: [32m'Opportunity'[39m,
  verified: [33mfalse[39m
}
[32m[Nest] 93449  - [39m07/27/2026, 12:15:10 PM [32m    LOG[39m [38;5;3m[T3MetadataJsforceAdapter] [39mObject(4) {
  action: [32m't3.customField'[39m,
  orgId: [32m'00D4x00000000ABC'[39m,
  object: [32m'Opportunity'[39m,
  ensureCount: [33m1[39m
}
[32m[Nest] 93449  - [39m07/27/2026, 12:15:10 PM [32m    LOG[39m [38;5;3m[T3MetadataJsforceAdapter] [39mObject(4) {
  action: [32m't3.customField.done'[39m,
  orgId: [32m'00D4x00000000ABC'[39m,
  target: [32m'Opportunity'[39m,
  verified: [33mfalse[39m
}
[32m[Nest] 93449  - [39m07/27/2026, 12:15:10 PM [32m    LOG[39m [38;5;3m[T3MetadataJsforceAdapter] [39mObject(7) {
  action: [32m't3.customMetadata'[39m,
  orgId: [32m'00D4x00000000ABC'[39m,
  type: [32m'vnfp__Fundraising_Settings__mdt'[39m,
  record: [32m'Default'[39m,
  allRecords: [33mfalse[39m,
  recordPattern: [1mnull[22m,
  fieldCount: [33m1[39m
}
[32m[Nest] 93449  - [39m07/27/2026, 12:15:10 PM [32m    LOG[39m [38;5;3m[T3MetadataJsforceAdapter] [39mObject(7) {
  action: [32m't3.customMetadata.done'[39m,
  orgId: [32m'00D4x00000000ABC'[39m,
  allRecords: [33mfalse[39m,
  recordPattern: [1mnull[22m,
  recordCount: [33m1[39m,
  target: [32m'vnfp__Fundraising_Settings.Default'[39m,
  verified: [33mtrue[39m
}
[32m[Nest] 93449  - [39m07/27/2026, 12:15:10 PM [32m    LOG[39m [38;5;3m[T3MetadataJsforceAdapter] [39mObject(7) {
  action: [32m't3.customMetadata'[39m,
  orgId: [32m'00D4x00000000ABC'[39m,
  type: [32m'vnfp__Fundraising_Settings__mdt'[39m,
  record: [32m'Default'[39m,
  allRecords: [33mfalse[39m,
  recordPattern: [1mnull[22m,
  fieldCount: [33m1[39m
}
[32m[Nest] 93449  - [39m07/27/2026, 12:15:10 PM [32m    LOG[39m [38;5;3m[T3MetadataJsforceAdapter] [39mObject(7) {
  action: [32m't3.customMetadata.done'[39m,
  orgId: [32m'00D4x00000000ABC'[39m,
  allRecords: [33mfalse[39m,
  recordPattern: [1mnull[22m,
  recordCount: [33m1[39m,
  target: [32m'vnfp__Fundraising_Settings.Default'[39m,
  verified: [33mtrue[39m
}
[32m[Nest] 93449  - [39m07/27/2026, 12:15:10 PM [32m    LOG[39m [38;5;3m[T3MetadataJsforceAdapter] [39mObject(7) {
  action: [32m't3.customMetadata'[39m,
  orgId: [32m'00D4x00000000ABC'[39m,
  type: [32m'vnfp__Fundraising_Settings__mdt'[39m,
  record: [32m'Default'[39m,
  allRecords: [33mfalse[39m,
  recordPattern: [1mnull[22m,
  fieldCount: [33m1[39m
}
[32m[Nest] 93449  - [39m07/27/2026, 12:15:10 PM [32m    LOG[39m [38;5;3m[T3MetadataJsforceAdapter] [39mObject(7) {
  action: [32m't3.customMetadata.done'[39m,
  orgId: [32m'00D4x00000000ABC'[39m,
  allRecords: [33mfalse[39m,
  recordPattern: [1mnull[22m,
  recordCount: [33m1[39m,
  target: [32m'vnfp__Fundraising_Settings.Default'[39m,
  verified: [33mfalse[39m
}
[32m[Nest] 93449  - [39m07/27/2026, 12:15:10 PM [32m    LOG[39m [38;5;3m[T3MetadataJsforceAdapter] [39mObject(7) {
  action: [32m't3.customMetadata'[39m,
  orgId: [32m'00D4x00000000ABC'[39m,
  type: [32m'vnfp__Fundraising_Settings__mdt'[39m,
  record: [32m"Default\\' OR Name != '"[39m,
  allRecords: [33mfalse[39m,
  recordPattern: [1mnull[22m,
  fieldCount: [33m1[39m
}
[32m[Nest] 93449  - [39m07/27/2026, 12:15:10 PM [32m    LOG[39m [38;5;3m[T3MetadataJsforceAdapter] [39mObject(7) {
  action: [32m't3.customMetadata.done'[39m,
  orgId: [32m'00D4x00000000ABC'[39m,
  allRecords: [33mfalse[39m,
  recordPattern: [1mnull[22m,
  recordCount: [33m1[39m,
  target: [32m"vnfp__Fundraising_Settings.Default\\' OR Name != '"[39m,
  verified: [33mfalse[39m
}
[32m[Nest] 93449  - [39m07/27/2026, 12:15:10 PM [32m    LOG[39m [38;5;3m[T3MetadataJsforceAdapter] [39mObject(7) {
  action: [32m't3.customMetadata'[39m,
  orgId: [32m'00D4x00000000ABC'[39m,
  type: [32m'Auctifera__Online_Apps_Setting__mdt'[39m,
  record: [32m'Default'[39m,
  allRecords: [33mfalse[39m,
  recordPattern: [1mnull[22m,
  fieldCount: [33m2[39m
}
[32m[Nest] 93449  - [39m07/27/2026, 12:15:10 PM [32m    LOG[39m [38;5;3m[T3MetadataJsforceAdapter] [39mObject(7) {
  action: [32m't3.customMetadata.done'[39m,
  orgId: [32m'00D4x00000000ABC'[39m,
  allRecords: [33mfalse[39m,
  recordPattern: [1mnull[22m,
  recordCount: [33m1[39m,
  target: [32m'Auctifera__Online_Apps_Setting.Auctifera__Default'[39m,
  verified: [33mtrue[39m
}
[32m[Nest] 93449  - [39m07/27/2026, 12:15:10 PM [32m    LOG[39m [38;5;3m[T3MetadataJsforceAdapter] [39mObject(7) {
  action: [32m't3.customMetadata'[39m,
  orgId: [32m'00D4x00000000ABC'[39m,
  type: [32m'Auctifera__Online_Apps_Setting__mdt'[39m,
  record: [32m'Default'[39m,
  allRecords: [33mfalse[39m,
  recordPattern: [1mnull[22m,
  fieldCount: [33m2[39m
}
[32m[Nest] 93449  - [39m07/27/2026, 12:15:10 PM [32m    LOG[39m [38;5;3m[T3MetadataJsforceAdapter] [39mObject(7) {
  action: [32m't3.customMetadata.done'[39m,
  orgId: [32m'00D4x00000000ABC'[39m,
  allRecords: [33mfalse[39m,
  recordPattern: [1mnull[22m,
  recordCount: [33m1[39m,
  target: [32m'Auctifera__Online_Apps_Setting.Auctifera__Default'[39m,
  verified: [33mtrue[39m
}
[32m[Nest] 93449  - [39m07/27/2026, 12:15:10 PM [32m    LOG[39m [38;5;3m[T3MetadataJsforceAdapter] [39mObject(7) {
  action: [32m't3.customMetadata'[39m,
  orgId: [32m'00D4x00000000ABC'[39m,
  type: [32m'Auctifera__Online_Apps_Setting__mdt'[39m,
  record: [32m'Default'[39m,
  allRecords: [33mfalse[39m,
  recordPattern: [1mnull[22m,
  fieldCount: [33m2[39m
}
[32m[Nest] 93449  - [39m07/27/2026, 12:15:10 PM [32m    LOG[39m [38;5;3m[T3MetadataJsforceAdapter] [39mObject(7) {
  action: [32m't3.customMetadata.done'[39m,
  orgId: [32m'00D4x00000000ABC'[39m,
  allRecords: [33mfalse[39m,
  recordPattern: [1mnull[22m,
  recordCount: [33m1[39m,
  target: [32m'Auctifera__Online_Apps_Setting.Auctifera__Default'[39m,
  verified: [33mtrue[39m
}
[32m[Nest] 93449  - [39m07/27/2026, 12:15:10 PM [32m    LOG[39m [38;5;3m[T3MetadataJsforceAdapter] [39mObject(7) {
  action: [32m't3.customMetadata'[39m,
  orgId: [32m'00D4x00000000ABC'[39m,
  type: [32m'vnfp__Fundraising_Settings__mdt'[39m,
  record: [32m'Default'[39m,
  allRecords: [33mfalse[39m,
  recordPattern: [1mnull[22m,
  fieldCount: [33m1[39m
}
[32m[Nest] 93449  - [39m07/27/2026, 12:15:10 PM [32m    LOG[39m [38;5;3m[T3MetadataJsforceAdapter] [39mObject(7) {
  action: [32m't3.customMetadata.done'[39m,
  orgId: [32m'00D4x00000000ABC'[39m,
  allRecords: [33mfalse[39m,
  recordPattern: [1mnull[22m,
  recordCount: [33m1[39m,
  target: [32m'vnfp__Fundraising_Settings.Default'[39m,
  verified: [33mtrue[39m
}
[32m[Nest] 93449  - [39m07/27/2026, 12:15:10 PM [32m    LOG[39m [38;5;3m[T3MetadataJsforceAdapter] [39mObject(7) {
  action: [32m't3.customMetadata'[39m,
  orgId: [32m'00D4x00000000ABC'[39m,
  type: [32m'vnfp__Fundraising_Settings__mdt'[39m,
  record: [32m'Default'[39m,
  allRecords: [33mfalse[39m,
  recordPattern: [1mnull[22m,
  fieldCount: [33m1[39m
}
PASS src/implementations/infrastructure/persistence/dynamodb/step-run-transitions.dynamodb.adapter.spec.ts
[32m[Nest] 93449  - [39m07/27/2026, 12:15:10 PM [32m    LOG[39m [38;5;3m[T3MetadataJsforceAdapter] [39mObject(7) {
  action: [32m't3.customMetadata'[39m,
  orgId: [32m'00D4x00000000ABC'[39m,
  type: [32m'vnfp__Fundraising_Settings__mdt'[39m,
  record: [32m'Default'[39m,
  allRecords: [33mfalse[39m,
  recordPattern: [1mnull[22m,
  fieldCount: [33m1[39m
}
[32m[Nest] 93449  - [39m07/27/2026, 12:15:10 PM [32m    LOG[39m [38;5;3m[T3MetadataJsforceAdapter] [39mObject(7) {
  action: [32m't3.customMetadata'[39m,
  orgId: [32m'00D4x00000000ABC'[39m,
  type: [32m'Auctifera__Online_Apps_Setting__mdt'[39m,
  record: [32m'*'[39m,
  allRecords: [33mtrue[39m,
  recordPattern: [1mnull[22m,
  fieldCount: [33m2[39m
}
[32m[Nest] 93449  - [39m07/27/2026, 12:15:10 PM [32m    LOG[39m [38;5;3m[T3MetadataJsforceAdapter] [39mObject(7) {
  action: [32m't3.customMetadata.done'[39m,
  orgId: [32m'00D4x00000000ABC'[39m,
  allRecords: [33mtrue[39m,
  recordPattern: [1mnull[22m,
  recordCount: [33m3[39m,
  target: [32m'Auctifera__Online_Apps_Setting.*'[39m,
  verified: [33mtrue[39m
}
[32m[Nest] 93449  - [39m07/27/2026, 12:15:10 PM [32m    LOG[39m [38;5;3m[T3MetadataJsforceAdapter] [39mObject(7) {
  action: [32m't3.customMetadata'[39m,
  orgId: [32m'00D4x00000000ABC'[39m,
  type: [32m'Auctifera__Online_Apps_Setting__mdt'[39m,
  record: [32m'*'[39m,
  allRecords: [33mtrue[39m,
  recordPattern: [1mnull[22m,
  fieldCount: [33m2[39m
}
[32m[Nest] 93449  - [39m07/27/2026, 12:15:10 PM [32m    LOG[39m [38;5;3m[T3MetadataJsforceAdapter] [39mObject(7) {
  action: [32m't3.customMetadata.done'[39m,
  orgId: [32m'00D4x00000000ABC'[39m,
  allRecords: [33mtrue[39m,
  recordPattern: [1mnull[22m,
  recordCount: [33m3[39m,
  target: [32m'Auctifera__Online_Apps_Setting.*'[39m,
  verified: [33mfalse[39m
}
[32m[Nest] 93449  - [39m07/27/2026, 12:15:10 PM [32m    LOG[39m [38;5;3m[T3MetadataJsforceAdapter] [39mObject(7) {
  action: [32m't3.customMetadata'[39m,
  orgId: [32m'00D4x00000000ABC'[39m,
  type: [32m'Auctifera__Online_Apps_Setting__mdt'[39m,
  record: [32m'*'[39m,
  allRecords: [33mtrue[39m,
  recordPattern: [1mnull[22m,
  fieldCount: [33m1[39m
}
[32m[Nest] 93449  - [39m07/27/2026, 12:15:10 PM [32m    LOG[39m [38;5;3m[T3MetadataJsforceAdapter] [39mObject(7) {
  action: [32m't3.customMetadata'[39m,
  orgId: [32m'00D4x00000000ABC'[39m,
  type: [32m'npsp__Rollup__mdt'[39m,
  record: [32m'*'[39m,
  allRecords: [33mfalse[39m,
  recordPattern: [32m'LastMembership'[39m,
  fieldCount: [33m1[39m
}
[32m[Nest] 93449  - [39m07/27/2026, 12:15:10 PM [32m    LOG[39m [38;5;3m[T3MetadataJsforceAdapter] [39mObject(7) {
  action: [32m't3.customMetadata.done'[39m,
  orgId: [32m'00D4x00000000ABC'[39m,
  allRecords: [33mfalse[39m,
  recordPattern: [32m'LastMembership'[39m,
  recordCount: [33m3[39m,
  target: [32m"npsp__Rollup.* (pattern 'LastMembership')"[39m,
  verified: [33mtrue[39m
}
[32m[Nest] 93449  - [39m07/27/2026, 12:15:10 PM [32m    LOG[39m [38;5;3m[T3MetadataJsforceAdapter] [39mObject(7) {
  action: [32m't3.customMetadata'[39m,
  orgId: [32m'00D4x00000000ABC'[39m,
  type: [32m'npsp__Rollup__mdt'[39m,
  record: [32m'*'[39m,
  allRecords: [33mfalse[39m,
  recordPattern: [32m'NoSuchRollupFamily'[39m,
  fieldCount: [33m1[39m
}
[32m[Nest] 93449  - [39m07/27/2026, 12:15:10 PM [32m    LOG[39m [38;5;3m[T3MetadataJsforceAdapter] [39mObject(6) {
  action: [32m't3.customMetadata.done'[39m,
  orgId: [32m'00D4x00000000ABC'[39m,
  recordPattern: [32m'NoSuchRollupFamily'[39m,
  recordCount: [33m0[39m,
  target: [32m"npsp__Rollup.* (pattern 'NoSuchRollupFamily')"[39m,
  verified: [33mtrue[39m
}
[32m[Nest] 93449  - [39m07/27/2026, 12:15:10 PM [32m    LOG[39m [38;5;3m[T3MetadataJsforceAdapter] [39mObject(7) {
  action: [32m't3.customMetadata'[39m,
  orgId: [32m'00D4x00000000ABC'[39m,
  type: [32m'npsp__Rollup__mdt'[39m,
  record: [32m'*'[39m,
  allRecords: [33mfalse[39m,
  recordPattern: [32m'Foo_Bar'[39m,
  fieldCount: [33m1[39m
}
[32m[Nest] 93449  - [39m07/27/2026, 12:15:10 PM [32m    LOG[39m [38;5;3m[T3MetadataJsforceAdapter] [39mObject(7) {
  action: [32m't3.customMetadata.done'[39m,
  orgId: [32m'00D4x00000000ABC'[39m,
  allRecords: [33mfalse[39m,
  recordPattern: [32m'Foo_Bar'[39m,
  recordCount: [33m1[39m,
  target: [32m"npsp__Rollup.* (pattern 'Foo_Bar')"[39m,
  verified: [33mtrue[39m
}
[32m[Nest] 93449  - [39m07/27/2026, 12:15:10 PM [32m    LOG[39m [38;5;3m[T3MetadataJsforceAdapter] [39mObject(4) {
  action: [32m't3.clonePermissionSet'[39m,
  orgId: [32m'00D4x00000000ABC'[39m,
  source: [32m'Auctifera__Veevart'[39m,
  target: [32m'Veevart2'[39m
}
[32m[Nest] 93449  - [39m07/27/2026, 12:15:10 PM [32m    LOG[39m [38;5;3m[T3MetadataJsforceAdapter] [39mObject(4) {
  action: [32m't3.clonePermissionSet.done'[39m,
  orgId: [32m'00D4x00000000ABC'[39m,
  target: [32m'Veevart2'[39m,
  verified: [33mtrue[39m
}
[32m[Nest] 93449  - [39m07/27/2026, 12:15:10 PM [32m    LOG[39m [38;5;3m[T3MetadataJsforceAdapter] [39mObject(4) {
  action: [32m't3.clonePermissionSet'[39m,
  orgId: [32m'00D4x00000000ABC'[39m,
  source: [32m'Auctifera__Veevart'[39m,
  target: [32m'Veevart2'[39m
}
[32m[Nest] 93449  - [39m07/27/2026, 12:15:10 PM [32m    LOG[39m [38;5;3m[T3MetadataJsforceAdapter] [39mObject(4) {
  action: [32m't3.clonePermissionSet.done'[39m,
  orgId: [32m'00D4x00000000ABC'[39m,
  target: [32m'Veevart2'[39m,
  verified: [33mtrue[39m
}
[32m[Nest] 93449  - [39m07/27/2026, 12:15:10 PM [32m    LOG[39m [38;5;3m[T3MetadataJsforceAdapter] [39mObject(4) {
  action: [32m't3.clonePermissionSet'[39m,
  orgId: [32m'00D4x00000000ABC'[39m,
  source: [32m'Auctifera__Veevart'[39m,
  target: [32m'Veevart2'[39m
}
[32m[Nest] 93449  - [39m07/27/2026, 12:15:10 PM [32m    LOG[39m [38;5;3m[T3MetadataJsforceAdapter] [39mObject(3) {
  action: [32m't3.workflowRule'[39m,
  orgId: [32m'00D4x00000000ABC'[39m,
  count: [33m2[39m
}
[32m[Nest] 93449  - [39m07/27/2026, 12:15:10 PM [32m    LOG[39m [38;5;3m[T3MetadataJsforceAdapter] [39mObject(4) {
  action: [32m't3.workflowRule.done'[39m,
  orgId: [32m'00D4x00000000ABC'[39m,
  target: [32m'Auctifera__Cashier_Drawer_Journal__c.Auctifera__Cashier Is Open, Contact.npe01__Contact%2EPreferred_Email%5F%5Fc'[39m,
  verified: [33mtrue[39m
}
[32m[Nest] 93449  - [39m07/27/2026, 12:15:10 PM [32m    LOG[39m [38;5;3m[T3MetadataJsforceAdapter] [39mObject(3) {
  action: [32m't3.workflowRule'[39m,
  orgId: [32m'00D4x00000000ABC'[39m,
  count: [33m1[39m
}
[32m[Nest] 93449  - [39m07/27/2026, 12:15:10 PM [32m    LOG[39m [38;5;3m[T3MetadataJsforceAdapter] [39mObject(4) {
  action: [32m't3.workflowRule.done'[39m,
  orgId: [32m'00D4x00000000ABC'[39m,
  target: [32m'Contact.Missing_Rule'[39m,
  verified: [33mfalse[39m
}
[32m[Nest] 93449  - [39m07/27/2026, 12:15:10 PM [32m    LOG[39m [38;5;3m[T3MetadataJsforceAdapter] [39mObject(3) {
  action: [32m't3.workflowRule'[39m,
  orgId: [32m'00D4x00000000ABC'[39m,
  count: [33m1[39m
}
[32m[Nest] 93449  - [39m07/27/2026, 12:15:10 PM [32m    LOG[39m [38;5;3m[T3MetadataJsforceAdapter] [39mObject(4) {
  action: [32m't3.workflowRule.done'[39m,
  orgId: [32m'00D4x00000000ABC'[39m,
  target: [32m'Contact.npe01__Contact%2EPreferred_Email%5F%5Fc'[39m,
  verified: [33mfalse[39m
}
[32m[Nest] 93449  - [39m07/27/2026, 12:15:10 PM [32m    LOG[39m [38;5;3m[T3MetadataJsforceAdapter] [39mObject(3) {
  action: [32m't3.workflowRule'[39m,
  orgId: [32m'00D4x00000000ABC'[39m,
  count: [33m1[39m
}
[32m[Nest] 93449  - [39m07/27/2026, 12:15:10 PM [32m    LOG[39m [38;5;3m[T3MetadataJsforceAdapter] [39mObject(4) {
  action: [32m't3.workflowRule.done'[39m,
  orgId: [32m'00D4x00000000ABC'[39m,
  target: [32m'Contact.Some_Rule'[39m,
  verified: [33mtrue[39m
}
[32m[Nest] 93449  - [39m07/27/2026, 12:15:10 PM [32m    LOG[39m [38;5;3m[T3MetadataJsforceAdapter] [39mObject(3) {
  action: [32m't3.workflowRule'[39m,
  orgId: [32m'00D4x00000000ABC'[39m,
  count: [33m1[39m
}
[32m[Nest] 93449  - [39m07/27/2026, 12:15:10 PM [32m    LOG[39m [38;5;3m[T3MetadataJsforceAdapter] [39mObject(4) {
  action: [32m't3.workflowRule.done'[39m,
  orgId: [32m'00D4x00000000ABC'[39m,
  target: [32m'Auctifera__Cashier_Drawer_Journal__c.Auctifera__Cashier Is Open'[39m,
  verified: [33mfalse[39m
}
[32m[Nest] 93449  - [39m07/27/2026, 12:15:10 PM [32m    LOG[39m [38;5;3m[T3MetadataJsforceAdapter] [39mObject(4) {
  action: [32m't3.workflowAlert'[39m,
  orgId: [32m'00D4x00000000ABC'[39m,
  count: [33m2[39m,
  withSender: [33mtrue[39m
}
[32m[Nest] 93449  - [39m07/27/2026, 12:15:10 PM [32m    LOG[39m [38;5;3m[T3MetadataJsforceAdapter] [39mObject(4) {
  action: [32m't3.workflowAlert.done'[39m,
  orgId: [32m'00D4x00000000ABC'[39m,
  target: [32m'Auctifera__Log__c.Auctifera__Error_Log_Email_Alert, Opportunity.npsp__Opportunity_Email_Acknowledgment'[39m,
  verified: [33mtrue[39m
}
[32m[Nest] 93449  - [39m07/27/2026, 12:15:10 PM [32m    LOG[39m [38;5;3m[T3MetadataJsforceAdapter] [39mObject(4) {
  action: [32m't3.workflowAlert'[39m,
  orgId: [32m'00D4x00000000ABC'[39m,
  count: [33m1[39m,
  withSender: [33mtrue[39m
}
[32m[Nest] 93449  - [39m07/27/2026, 12:15:10 PM [32m    LOG[39m [38;5;3m[T3MetadataJsforceAdapter] [39mObject(4) {
  action: [32m't3.workflowAlert.done'[39m,
  orgId: [32m'00D4x00000000ABC'[39m,
  target: [32m'Auctifera__Log__c.Auctifera__Error_Log_Email_Alert'[39m,
  verified: [33mtrue[39m
}
[32m[Nest] 93449  - [39m07/27/2026, 12:15:10 PM [32m    LOG[39m [38;5;3m[T3MetadataJsforceAdapter] [39mObject(4) {
  action: [32m't3.workflowAlert'[39m,
  orgId: [32m'00D4x00000000ABC'[39m,
  count: [33m1[39m,
  withSender: [33mtrue[39m
}
[32m[Nest] 93449  - [39m07/27/2026, 12:15:10 PM [32m    LOG[39m [38;5;3m[T3MetadataJsforceAdapter] [39mObject(4) {
  action: [32m't3.workflowAlert.done'[39m,
  orgId: [32m'00D4x00000000ABC'[39m,
  target: [32m'Auctifera__Log__c.Auctifera__Error_Log_Email_Alert'[39m,
  verified: [33mfalse[39m
}
[32m[Nest] 93449  - [39m07/27/2026, 12:15:10 PM [32m    LOG[39m [38;5;3m[T3MetadataJsforceAdapter] [39mObject(4) {
  action: [32m't3.workflowAlert'[39m,
  orgId: [32m'00D4x00000000ABC'[39m,
  count: [33m1[39m,
  withSender: [33mtrue[39m
}
[32m[Nest] 93449  - [39m07/27/2026, 12:15:10 PM [32m    LOG[39m [38;5;3m[T3MetadataJsforceAdapter] [39mObject(4) {
  action: [32m't3.workflowAlert.done'[39m,
  orgId: [32m'00D4x00000000ABC'[39m,
  target: [32m'Auctifera__Log__c.Auctifera__Error_Log_Email_Alert'[39m,
  verified: [33mfalse[39m
}
[32m[Nest] 93449  - [39m07/27/2026, 12:15:10 PM [32m    LOG[39m [38;5;3m[T3MetadataJsforceAdapter] [39mObject(4) {
  action: [32m't3.workflowAlert'[39m,
  orgId: [32m'00D4x00000000ABC'[39m,
  count: [33m2[39m,
  withSender: [33mtrue[39m
}
[32m[Nest] 93449  - [39m07/27/2026, 12:15:10 PM [32m    LOG[39m [38;5;3m[T3MetadataJsforceAdapter] [39mObject(4) {
  action: [32m't3.workflowAlert.done'[39m,
  orgId: [32m'00D4x00000000ABC'[39m,
  target: [32m'Widget__c.Gone_Alert, Auctifera__Log__c.Auctifera__Error_Log_Email_Alert'[39m,
  verified: [33mtrue[39m
}
[32m[Nest] 93449  - [39m07/27/2026, 12:15:10 PM [32m    LOG[39m [38;5;3m[T3MetadataJsforceAdapter] [39mObject(4) {
  action: [32m't3.workflowAlert'[39m,
  orgId: [32m'00D4x00000000ABC'[39m,
  count: [33m1[39m,
  withSender: [33mtrue[39m
}
[32m[Nest] 93449  - [39m07/27/2026, 12:15:10 PM [32m    LOG[39m [38;5;3m[T3MetadataJsforceAdapter] [39mObject(4) {
  action: [32m't3.workflowAlert.done'[39m,
  orgId: [32m'00D4x00000000ABC'[39m,
  target: [32m'Auctifera__Log__c.Auctifera__Error_Log_Email_Alert'[39m,
  verified: [33mtrue[39m
}
[32m[Nest] 93449  - [39m07/27/2026, 12:15:10 PM [32m    LOG[39m [38;5;3m[T3MetadataJsforceAdapter] [39mObject(4) {
  action: [32m't3.workflowAlert'[39m,
  orgId: [32m'00D4x00000000ABC'[39m,
  count: [33m1[39m,
  withSender: [33mtrue[39m
}
[32m[Nest] 93449  - [39m07/27/2026, 12:15:10 PM [32m    LOG[39m [38;5;3m[T3MetadataJsforceAdapter] [39mObject(4) {
  action: [32m't3.workflowAlert.done'[39m,
  orgId: [32m'00D4x00000000ABC'[39m,
  target: [32m'Auctifera__Log__c.Auctifera__Error_Log_Email_Alert'[39m,
  verified: [33mtrue[39m
}
[32m[Nest] 93449  - [39m07/27/2026, 12:15:10 PM [32m    LOG[39m [38;5;3m[T3MetadataJsforceAdapter] [39mObject(4) {
  action: [32m't3.workflowAlert'[39m,
  orgId: [32m'00D4x00000000ABC'[39m,
  count: [33m1[39m,
  withSender: [33mtrue[39m
}
[32m[Nest] 93449  - [39m07/27/2026, 12:15:10 PM [32m    LOG[39m [38;5;3m[T3MetadataJsforceAdapter] [39mObject(4) {
  action: [32m't3.workflowAlert.done'[39m,
  orgId: [32m'00D4x00000000ABC'[39m,
  target: [32m'Widget__c.Gone_Alert'[39m,
  verified: [33mtrue[39m
}
[32m[Nest] 93449  - [39m07/27/2026, 12:15:10 PM [32m    LOG[39m [38;5;3m[T3MetadataJsforceAdapter] [39mObject(4) {
  action: [32m't3.workflowAlert'[39m,
  orgId: [32m'00D4x00000000ABC'[39m,
  count: [33m1[39m,
  withSender: [33mfalse[39m
}
[32m[Nest] 93449  - [39m07/27/2026, 12:15:10 PM [32m    LOG[39m [38;5;3m[T3MetadataJsforceAdapter] [39mObject(4) {
  action: [32m't3.workflowAlert.done'[39m,
  orgId: [32m'00D4x00000000ABC'[39m,
  target: [32m'Auctifera__Log__c.Auctifera__Error_Log_Email_Alert'[39m,
  verified: [33mtrue[39m
}
[32m[Nest] 93449  - [39m07/27/2026, 12:15:10 PM [32m    LOG[39m [38;5;3m[T3MetadataJsforceAdapter] [39mObject(4) {
  action: [32m't3.workflowAlert'[39m,
  orgId: [32m'00D4x00000000ABC'[39m,
  count: [33m1[39m,
  withSender: [33mfalse[39m
}
[32m[Nest] 93449  - [39m07/27/2026, 12:15:10 PM [32m    LOG[39m [38;5;3m[T3MetadataJsforceAdapter] [39mObject(4) {
  action: [32m't3.workflowAlert.done'[39m,
  orgId: [32m'00D4x00000000ABC'[39m,
  target: [32m'Auctifera__Log__c.Auctifera__Error_Log_Email_Alert'[39m,
  verified: [33mtrue[39m
}
[32m[Nest] 93449  - [39m07/27/2026, 12:15:10 PM [32m    LOG[39m [38;5;3m[T3MetadataJsforceAdapter] [39mObject(4) {
  action: [32m't3.workflowAlert'[39m,
  orgId: [32m'00D4x00000000ABC'[39m,
  count: [33m1[39m,
  withSender: [33mfalse[39m
}
[32m[Nest] 93449  - [39m07/27/2026, 12:15:10 PM [32m    LOG[39m [38;5;3m[T3MetadataJsforceAdapter] [39mObject(4) {
  action: [32m't3.workflowAlert.done'[39m,
  orgId: [32m'00D4x00000000ABC'[39m,
  target: [32m'Auctifera__Log__c.Auctifera__Error_Log_Email_Alert'[39m,
  verified: [33mtrue[39m
}
[32m[Nest] 93449  - [39m07/27/2026, 12:15:11 PM [32m    LOG[39m [38;5;3m[T3MetadataJsforceAdapter] [39mObject(4) {
  action: [32m't3.workflowAlert'[39m,
  orgId: [32m'00D4x00000000ABC'[39m,
  count: [33m1[39m,
  withSender: [33mfalse[39m
}
[32m[Nest] 93449  - [39m07/27/2026, 12:15:11 PM [32m    LOG[39m [38;5;3m[T3MetadataJsforceAdapter] [39mObject(4) {
  action: [32m't3.workflowAlert.done'[39m,
  orgId: [32m'00D4x00000000ABC'[39m,
  target: [32m'Auctifera__Log__c.Auctifera__Error_Log_Email_Alert'[39m,
  verified: [33mfalse[39m
}
[32m[Nest] 93449  - [39m07/27/2026, 12:15:11 PM [32m    LOG[39m [38;5;3m[T3MetadataJsforceAdapter] [39mObject(4) {
  action: [32m't3.workflowAlert'[39m,
  orgId: [32m'00D4x00000000ABC'[39m,
  count: [33m1[39m,
  withSender: [33mfalse[39m
}
[32m[Nest] 93449  - [39m07/27/2026, 12:15:11 PM [32m    LOG[39m [38;5;3m[T3MetadataJsforceAdapter] [39mObject(4) {
  action: [32m't3.workflowAlert.done'[39m,
  orgId: [32m'00D4x00000000ABC'[39m,
  target: [32m'Auctifera__Log__c.Auctifera__Error_Log_Email_Alert'[39m,
  verified: [33mtrue[39m
}
[32m[Nest] 93449  - [39m07/27/2026, 12:15:11 PM [32m    LOG[39m [38;5;3m[T3MetadataJsforceAdapter] [39mObject(3) {
  action: [32m't3.validationRule'[39m,
  orgId: [32m'00D4x00000000ABC'[39m,
  count: [33m1[39m
}
[32m[Nest] 93449  - [39m07/27/2026, 12:15:11 PM [32m    LOG[39m [38;5;3m[T3MetadataJsforceAdapter] [39mObject(4) {
  action: [32m't3.validationRule.done'[39m,
  orgId: [32m'00D4x00000000ABC'[39m,
  target: [32m'Auctifera__CatalogItem__c.Total_stock_validation'[39m,
  verified: [33mtrue[39m
}
[32m[Nest] 93449  - [39m07/27/2026, 12:15:11 PM [32m    LOG[39m [38;5;3m[T3MetadataJsforceAdapter] [39mObject(3) {
  action: [32m't3.validationRule'[39m,
  orgId: [32m'00D4x00000000ABC'[39m,
  count: [33m1[39m
}
[32m[Nest] 93449  - [39m07/27/2026, 12:15:11 PM [32m    LOG[39m [38;5;3m[T3MetadataJsforceAdapter] [39mObject(4) {
  action: [32m't3.validationRule.done'[39m,
  orgId: [32m'00D4x00000000ABC'[39m,
  target: [32m'Auctifera__CatalogItem__c.Restrict_Misc_Gift_Card'[39m,
  verified: [33mtrue[39m
}
[32m[Nest] 93449  - [39m07/27/2026, 12:15:11 PM [32m    LOG[39m [38;5;3m[T3MetadataJsforceAdapter] [39mObject(3) {
  action: [32m't3.validationRule'[39m,
  orgId: [32m'00D4x00000000ABC'[39m,
  count: [33m1[39m
}
[32m[Nest] 93449  - [39m07/27/2026, 12:15:11 PM [32m    LOG[39m [38;5;3m[T3MetadataJsforceAdapter] [39mObject(4) {
  action: [32m't3.validationRule.done'[39m,
  orgId: [32m'00D4x00000000ABC'[39m,
  target: [32m'Auctifera__CatalogItem__c.Missing_Name'[39m,
  verified: [33mtrue[39m
}
[32m[Nest] 93449  - [39m07/27/2026, 12:15:11 PM [32m    LOG[39m [38;5;3m[T3MetadataJsforceAdapter] [39mObject(3) {
  action: [32m't3.validationRule'[39m,
  orgId: [32m'00D4x00000000ABC'[39m,
  count: [33m1[39m
}
[32m[Nest] 93449  - [39m07/27/2026, 12:15:11 PM [32m    LOG[39m [38;5;3m[T3MetadataJsforceAdapter] [39mObject(4) {
  action: [32m't3.validationRule.done'[39m,
  orgId: [32m'00D4x00000000ABC'[39m,
  target: [32m'Account.Missing_Rule'[39m,
  verified: [33mfalse[39m
}
[32m[Nest] 93449  - [39m07/27/2026, 12:15:11 PM [32m    LOG[39m [38;5;3m[T3MetadataJsforceAdapter] [39mObject(3) {
  action: [32m't3.validationRule'[39m,
  orgId: [32m'00D4x00000000ABC'[39m,
  count: [33m1[39m
}
[32m[Nest] 93449  - [39m07/27/2026, 12:15:11 PM [32m    LOG[39m [38;5;3m[T3MetadataJsforceAdapter] [39mObject(4) {
  action: [32m't3.validationRule.done'[39m,
  orgId: [32m'00D4x00000000ABC'[39m,
  target: [32m'Auctifera__CatalogItem__c.Total_stock_validation'[39m,
  verified: [33mfalse[39m
}
[32m[Nest] 93449  - [39m07/27/2026, 12:15:11 PM [32m    LOG[39m [38;5;3m[T3MetadataJsforceAdapter] [39mObject(3) {
  action: [32m't3.validationRule'[39m,
  orgId: [32m'00D4x00000000ABC'[39m,
  count: [33m1[39m
}
[32m[Nest] 93449  - [39m07/27/2026, 12:15:11 PM [32m    LOG[39m [38;5;3m[T3MetadataJsforceAdapter] [39mObject(4) {
  action: [32m't3.validationRule.done'[39m,
  orgId: [32m'00D4x00000000ABC'[39m,
  target: [32m'Account.Some_Rule'[39m,
  verified: [33mtrue[39m
}
[32m[Nest] 93449  - [39m07/27/2026, 12:15:11 PM [32m    LOG[39m [38;5;3m[T3MetadataJsforceAdapter] [39mObject(3) {
  action: [32m't3.validationRule'[39m,
  orgId: [32m'00D4x00000000ABC'[39m,
  count: [33m1[39m
}
[32m[Nest] 93449  - [39m07/27/2026, 12:15:11 PM [32m    LOG[39m [38;5;3m[T3MetadataJsforceAdapter] [39mObject(4) {
  action: [32m't3.validationRule.done'[39m,
  orgId: [32m'00D4x00000000ABC'[39m,
  target: [32m'Auctifera__CatalogItem__c.Total_stock_validation'[39m,
  verified: [33mfalse[39m
}
[32m[Nest] 93449  - [39m07/27/2026, 12:15:11 PM [32m    LOG[39m [38;5;3m[T3MetadataJsforceAdapter] [39mObject(3) {
  action: [32m't3.duplicateRule'[39m,
  orgId: [32m'00D4x00000000ABC'[39m,
  count: [33m1[39m
}
[32m[Nest] 93449  - [39m07/27/2026, 12:15:11 PM [32m    LOG[39m [38;5;3m[T3MetadataJsforceAdapter] [39mObject(4) {
  action: [32m't3.duplicateRule.done'[39m,
  orgId: [32m'00D4x00000000ABC'[39m,
  target: [32m'Contact.Standard_Contact_Duplicate_Rule'[39m,
  verified: [33mtrue[39m
}
[32m[Nest] 93449  - [39m07/27/2026, 12:15:11 PM [32m    LOG[39m [38;5;3m[T3MetadataJsforceAdapter] [39mObject(3) {
  action: [32m't3.duplicateRule'[39m,
  orgId: [32m'00D4x00000000ABC'[39m,
  count: [33m1[39m
}
[32m[Nest] 93449  - [39m07/27/2026, 12:15:11 PM [32m    LOG[39m [38;5;3m[T3MetadataJsforceAdapter] [39mObject(4) {
  action: [32m't3.duplicateRule.done'[39m,
  orgId: [32m'00D4x00000000ABC'[39m,
  target: [32m'Contact.Standard_Contact_Duplicate_Rule'[39m,
  verified: [33mtrue[39m
}
[32m[Nest] 93449  - [39m07/27/2026, 12:15:11 PM [32m    LOG[39m [38;5;3m[T3MetadataJsforceAdapter] [39mObject(3) {
  action: [32m't3.duplicateRule'[39m,
  orgId: [32m'00D4x00000000ABC'[39m,
  count: [33m1[39m
}
[33m[Nest] 93449  - [39m07/27/2026, 12:15:11 PM [33m   WARN[39m [38;5;3m[T3MetadataJsforceAdapter] [39mObject(4) {
  action: [32m't3.duplicateRule.matchingRuleFallback'[39m,
  orgId: [32m'00D4x00000000ABC'[39m,
  fullName: [32m'Contact.Standard_Contact_Duplicate_Rule'[39m,
  detail: [32m"This duplicate rule references a matching rule that doesn't exist. Update the referenced matching rule."[39m
}
[32m[Nest] 93449  - [39m07/27/2026, 12:15:11 PM [32m    LOG[39m [38;5;3m[T3MetadataJsforceAdapter] [39mObject(4) {
  action: [32m't3.duplicateRule.done'[39m,
  orgId: [32m'00D4x00000000ABC'[39m,
  target: [32m'Contact.Standard_Contact_Duplicate_Rule'[39m,
  verified: [33mtrue[39m
}
[32m[Nest] 93449  - [39m07/27/2026, 12:15:11 PM [32m    LOG[39m [38;5;3m[T3MetadataJsforceAdapter] [39mObject(3) {
  action: [32m't3.duplicateRule'[39m,
  orgId: [32m'00D4x00000000ABC'[39m,
  count: [33m1[39m
}
[32m[Nest] 93449  - [39m07/27/2026, 12:15:11 PM [32m    LOG[39m [38;5;3m[T3MetadataJsforceAdapter] [39mObject(4) {
  action: [32m't3.duplicateRule.done'[39m,
  orgId: [32m'00D4x00000000ABC'[39m,
  target: [32m'Contact.Standard_Contact_Duplicate_Rule'[39m,
  verified: [33mfalse[39m
}
[32m[Nest] 93449  - [39m07/27/2026, 12:15:11 PM [32m    LOG[39m [38;5;3m[T3MetadataJsforceAdapter] [39mObject(3) {
  action: [32m't3.duplicateRule'[39m,
  orgId: [32m'00D4x00000000ABC'[39m,
  count: [33m1[39m
}
[32m[Nest] 93449  - [39m07/27/2026, 12:15:11 PM [32m    LOG[39m [38;5;3m[T3MetadataJsforceAdapter] [39mObject(4) {
  action: [32m't3.duplicateRule.done'[39m,
  orgId: [32m'00D4x00000000ABC'[39m,
  target: [32m'Contact.Standard_Contact_Duplicate_Rule'[39m,
  verified: [33mtrue[39m
}
PASS src/implementations/infrastructure/persistence/dynamodb/implementation-case-runs.dynamodb.repository.spec.ts
[32m[Nest] 93449  - [39m07/27/2026, 12:15:11 PM [32m    LOG[39m [38;5;3m[T3MetadataJsforceAdapter] [39mObject(3) {
  action: [32m't3.duplicateRule'[39m,
  orgId: [32m'00D4x00000000ABC'[39m,
  count: [33m1[39m
}
[32m[Nest] 93449  - [39m07/27/2026, 12:15:11 PM [32m    LOG[39m [38;5;3m[T3MetadataJsforceAdapter] [39mObject(4) {
  action: [32m't3.duplicateRule.create'[39m,
  orgId: [32m'00D4x00000000ABC'[39m,
  fullName: [32m'Account.Standard_Account_Duplicate_Rule'[39m,
  matchingRule: [32m'Standard_Account_Match'[39m
}
[32m[Nest] 93449  - [39m07/27/2026, 12:15:11 PM [32m    LOG[39m [38;5;3m[T3MetadataJsforceAdapter] [39mObject(4) {
  action: [32m't3.duplicateRule.done'[39m,
  orgId: [32m'00D4x00000000ABC'[39m,
  target: [32m'Account.Standard_Account_Duplicate_Rule'[39m,
  verified: [33mtrue[39m
}
[32m[Nest] 93449  - [39m07/27/2026, 12:15:11 PM [32m    LOG[39m [38;5;3m[T3MetadataJsforceAdapter] [39mObject(3) {
  action: [32m't3.duplicateRule'[39m,
  orgId: [32m'00D4x00000000ABC'[39m,
  count: [33m1[39m
}
[32m[Nest] 93449  - [39m07/27/2026, 12:15:11 PM [32m    LOG[39m [38;5;3m[T3MetadataJsforceAdapter] [39mObject(4) {
  action: [32m't3.duplicateRule.create'[39m,
  orgId: [32m'00D4x00000000ABC'[39m,
  fullName: [32m'Account.Standard_Account_Duplicate_Rule'[39m,
  matchingRule: [32m'Standard_Account_Match_Rule_v1_0'[39m
}
[32m[Nest] 93449  - [39m07/27/2026, 12:15:11 PM [32m    LOG[39m [38;5;3m[T3MetadataJsforceAdapter] [39mObject(4) {
  action: [32m't3.duplicateRule.done'[39m,
  orgId: [32m'00D4x00000000ABC'[39m,
  target: [32m'Account.Standard_Account_Duplicate_Rule'[39m,
  verified: [33mtrue[39m
}
[32m[Nest] 93449  - [39m07/27/2026, 12:15:11 PM [32m    LOG[39m [38;5;3m[T3MetadataJsforceAdapter] [39mObject(3) {
  action: [32m't3.duplicateRule'[39m,
  orgId: [32m'00D4x00000000ABC'[39m,
  count: [33m1[39m
}
[32m[Nest] 93449  - [39m07/27/2026, 12:15:11 PM [32m    LOG[39m [38;5;3m[T3MetadataJsforceAdapter] [39mObject(4) {
  action: [32m't3.duplicateRule.done'[39m,
  orgId: [32m'00D4x00000000ABC'[39m,
  target: [32m'Account.Nope'[39m,
  verified: [33mfalse[39m
}
[32m[Nest] 93449  - [39m07/27/2026, 12:15:11 PM [32m    LOG[39m [38;5;3m[T3MetadataJsforceAdapter] [39mObject(3) {
  action: [32m't3.duplicateRule'[39m,
  orgId: [32m'00D4x00000000ABC'[39m,
  count: [33m1[39m
}
[32m[Nest] 93449  - [39m07/27/2026, 12:15:11 PM [32m    LOG[39m [38;5;3m[T3MetadataJsforceAdapter] [39mObject(4) {
  action: [32m't3.duplicateRule.done'[39m,
  orgId: [32m'00D4x00000000ABC'[39m,
  target: [32m'Contact.Standard_Contact_Duplicate_Rule'[39m,
  verified: [33mfalse[39m
}
[32m[Nest] 93449  - [39m07/27/2026, 12:15:11 PM [32m    LOG[39m [38;5;3m[T3MetadataJsforceAdapter] [39mObject(3) {
  action: [32m't3.duplicateRule'[39m,
  orgId: [32m'00D4x00000000ABC'[39m,
  count: [33m1[39m
}
[32m[Nest] 93449  - [39m07/27/2026, 12:15:11 PM [32m    LOG[39m [38;5;3m[T3MetadataJsforceAdapter] [39mObject(4) {
  action: [32m't3.duplicateRule.done'[39m,
  orgId: [32m'00D4x00000000ABC'[39m,
  target: [32m'Contact.Standard_Contact_Duplicate_Rule'[39m,
  verified: [33mtrue[39m
}
[32m[Nest] 93449  - [39m07/27/2026, 12:15:11 PM [32m    LOG[39m [38;5;3m[T3MetadataJsforceAdapter] [39mObject(5) {
  action: [32m't3.settings'[39m,
  orgId: [32m'00D4x00000000ABC'[39m,
  type: [32m'SecuritySettings'[39m,
  fullName: [32m'Security'[39m,
  fieldCount: [33m1[39m
}
[32m[Nest] 93449  - [39m07/27/2026, 12:15:11 PM [32m    LOG[39m [38;5;3m[T3MetadataJsforceAdapter] [39mObject(5) {
  action: [32m't3.settings.done'[39m,
  orgId: [32m'00D4x00000000ABC'[39m,
  type: [32m'SecuritySettings'[39m,
  target: [32m'Security'[39m,
  verified: [33mtrue[39m
}
[32m[Nest] 93449  - [39m07/27/2026, 12:15:11 PM [32m    LOG[39m [38;5;3m[T3MetadataJsforceAdapter] [39mObject(5) {
  action: [32m't3.settings'[39m,
  orgId: [32m'00D4x00000000ABC'[39m,
  type: [32m'UserManagementSettings'[39m,
  fullName: [32m'UserManagement'[39m,
  fieldCount: [33m1[39m
}
[32m[Nest] 93449  - [39m07/27/2026, 12:15:11 PM [32m    LOG[39m [38;5;3m[T3MetadataJsforceAdapter] [39mObject(5) {
  action: [32m't3.settings.done'[39m,
  orgId: [32m'00D4x00000000ABC'[39m,
  type: [32m'UserManagementSettings'[39m,
  target: [32m'UserManagement'[39m,
  verified: [33mtrue[39m
}
[32m[Nest] 93449  - [39m07/27/2026, 12:15:11 PM [32m    LOG[39m [38;5;3m[T3MetadataJsforceAdapter] [39mObject(5) {
  action: [32m't3.settings'[39m,
  orgId: [32m'00D4x00000000ABC'[39m,
  type: [32m'UserManagementSettings'[39m,
  fullName: [32m'UserManagement'[39m,
  fieldCount: [33m1[39m
}
[32m[Nest] 93449  - [39m07/27/2026, 12:15:11 PM [32m    LOG[39m [38;5;3m[T3MetadataJsforceAdapter] [39mObject(5) {
  action: [32m't3.settings.done'[39m,
  orgId: [32m'00D4x00000000ABC'[39m,
  type: [32m'UserManagementSettings'[39m,
  target: [32m'UserManagement'[39m,
  verified: [33mfalse[39m
}
[32m[Nest] 93449  - [39m07/27/2026, 12:15:11 PM [32m    LOG[39m [38;5;3m[T3MetadataJsforceAdapter] [39mObject(5) {
  action: [32m't3.settings'[39m,
  orgId: [32m'00D4x00000000ABC'[39m,
  type: [32m'SecuritySettings'[39m,
  fullName: [32m'Security'[39m,
  fieldCount: [33m1[39m
}
[32m[Nest] 93449  - [39m07/27/2026, 12:15:11 PM [32m    LOG[39m [38;5;3m[T3MetadataJsforceAdapter] [39mObject(5) {
  action: [32m't3.settings.done'[39m,
  orgId: [32m'00D4x00000000ABC'[39m,
  type: [32m'SecuritySettings'[39m,
  target: [32m'Security'[39m,
  verified: [33mfalse[39m
}
[32m[Nest] 93449  - [39m07/27/2026, 12:15:11 PM [32m    LOG[39m [38;5;3m[T3MetadataJsforceAdapter] [39mObject(3) {
  action: [32m't3.organizationSettings'[39m,
  orgId: [32m'00D4x00000000ABC'[39m,
  fieldCount: [33m1[39m
}
[32m[Nest] 93449  - [39m07/27/2026, 12:15:11 PM [32m    LOG[39m [38;5;3m[T3MetadataJsforceAdapter] [39mObject(4) {
  action: [32m't3.organizationSettings.done'[39m,
  orgId: [32m'00D4x00000000ABC'[39m,
  target: [32m'Organization'[39m,
  verified: [33mtrue[39m
}
[32m[Nest] 93449  - [39m07/27/2026, 12:15:11 PM [32m    LOG[39m [38;5;3m[T3MetadataJsforceAdapter] [39mObject(3) {
  action: [32m't3.organizationSettings'[39m,
  orgId: [32m'00D4x00000000ABC'[39m,
  fieldCount: [33m1[39m
}
[32m[Nest] 93449  - [39m07/27/2026, 12:15:11 PM [32m    LOG[39m [38;5;3m[T3MetadataJsforceAdapter] [39mObject(4) {
  action: [32m't3.organizationSettings.done'[39m,
  orgId: [32m'00D4x00000000ABC'[39m,
  target: [32m'Organization'[39m,
  verified: [33mfalse[39m
}
[32m[Nest] 93449  - [39m07/27/2026, 12:15:11 PM [32m    LOG[39m [38;5;3m[T3MetadataJsforceAdapter] [39mObject(3) {
  action: [32m't3.organizationSettings'[39m,
  orgId: [32m'00D4x00000000ABC'[39m,
  fieldCount: [33m1[39m
}
[32m[Nest] 93449  - [39m07/27/2026, 12:15:11 PM [32m    LOG[39m [38;5;3m[T3MetadataJsforceAdapter] [39mObject(4) {
  action: [32m't3.customSetting'[39m,
  orgId: [32m'00D4x00000000ABC'[39m,
  object: [32m'Auctifera__Rental_Setting__c'[39m,
  fieldCount: [33m1[39m
}
[32m[Nest] 93449  - [39m07/27/2026, 12:15:11 PM [32m    LOG[39m [38;5;3m[T3MetadataJsforceAdapter] [39mObject(4) {
  action: [32m't3.customSetting.done'[39m,
  orgId: [32m'00D4x00000000ABC'[39m,
  target: [32m'Auctifera__Rental_Setting__c'[39m,
  verified: [33mtrue[39m
}
[32m[Nest] 93449  - [39m07/27/2026, 12:15:11 PM [32m    LOG[39m [38;5;3m[T3MetadataJsforceAdapter] [39mObject(4) {
  action: [32m't3.customSetting'[39m,
  orgId: [32m'00D4x00000000ABC'[39m,
  object: [32m'Auctifera__Rental_Setting__c'[39m,
  fieldCount: [33m1[39m
}
[32m[Nest] 93449  - [39m07/27/2026, 12:15:11 PM [32m    LOG[39m [38;5;3m[T3MetadataJsforceAdapter] [39mObject(4) {
  action: [32m't3.customSetting.done'[39m,
  orgId: [32m'00D4x00000000ABC'[39m,
  target: [32m'Auctifera__Rental_Setting__c'[39m,
  verified: [33mtrue[39m
}
[32m[Nest] 93449  - [39m07/27/2026, 12:15:11 PM [32m    LOG[39m [38;5;3m[T3MetadataJsforceAdapter] [39mObject(4) {
  action: [32m't3.customSetting'[39m,
  orgId: [32m'00D4x00000000ABC'[39m,
  object: [32m'Auctifera__Rental_Setting__c'[39m,
  fieldCount: [33m1[39m
}
[32m[Nest] 93449  - [39m07/27/2026, 12:15:11 PM [32m    LOG[39m [38;5;3m[T3MetadataJsforceAdapter] [39mObject(5) {
  action: [32m't3.customSetting.done'[39m,
  orgId: [32m'00D4x00000000ABC'[39m,
  noop: [33mtrue[39m,
  target: [32m'Auctifera__Rental_Setting__c'[39m,
  verified: [33mtrue[39m
}
[32m[Nest] 93449  - [39m07/27/2026, 12:15:11 PM [32m    LOG[39m [38;5;3m[T3MetadataJsforceAdapter] [39mObject(4) {
  action: [32m't3.customSetting'[39m,
  orgId: [32m'00D4x00000000ABC'[39m,
  object: [32m'Auctifera__Rental_Setting__c'[39m,
  fieldCount: [33m1[39m
}
[32m[Nest] 93449  - [39m07/27/2026, 12:15:11 PM [32m    LOG[39m [38;5;3m[T3MetadataJsforceAdapter] [39mObject(4) {
  action: [32m't3.customSetting.done'[39m,
  orgId: [32m'00D4x00000000ABC'[39m,
  target: [32m'Auctifera__Rental_Setting__c'[39m,
  verified: [33mfalse[39m
}
[32m[Nest] 93449  - [39m07/27/2026, 12:15:11 PM [32m    LOG[39m [38;5;3m[T3MetadataJsforceAdapter] [39mObject(4) {
  action: [32m't3.customSetting'[39m,
  orgId: [32m'00D4x00000000ABC'[39m,
  object: [32m'Auctifera__Rental_Setting__c'[39m,
  fieldCount: [33m1[39m
}
PASS src/backups/application/use-cases/generate-backup-upload-links.use-case.spec.ts
PASS src/csm/workspace/infrastructure/adapters/aurora-workspace.repository.spec.ts
PASS src/backups/application/use-cases/sign-upload-part.use-case.spec.ts
[32m[Nest] 93449  - [39m07/27/2026, 12:15:11 PM [32m    LOG[39m [38;5;3m[T3MetadataJsforceAdapter] [39mObject(4) {
  action: [32m't3.customSetting'[39m,
  orgId: [32m'00D4x00000000ABC'[39m,
  object: [32m'Auctifera__Rental_Setting__c'[39m,
  fieldCount: [33m1[39m
}
[32m[Nest] 93449  - [39m07/27/2026, 12:15:11 PM [32m    LOG[39m [38;5;3m[T3MetadataJsforceAdapter] [39mObject(4) {
  action: [32m't3.customSetting'[39m,
  orgId: [32m'00D4x00000000ABC'[39m,
  object: [32m'Auctifera__Rental_Setting__c'[39m,
  fieldCount: [33m1[39m
}
[32m[Nest] 93449  - [39m07/27/2026, 12:15:11 PM [32m    LOG[39m [38;5;3m[T3MetadataJsforceAdapter] [39mObject(5) {
  action: [32m't3.standardValueSet'[39m,
  orgId: [32m'00D4x00000000ABC'[39m,
  valueSet: [32m'LeadStatus'[39m,
  desired: [33m4[39m,
  deactivateOthers: [33mtrue[39m
}
[32m[Nest] 93449  - [39m07/27/2026, 12:15:11 PM [32m    LOG[39m [38;5;3m[T3MetadataJsforceAdapter] [39mObject(4) {
  action: [32m't3.standardValueSet.done'[39m,
  orgId: [32m'00D4x00000000ABC'[39m,
  target: [32m'LeadStatus'[39m,
  verified: [33mtrue[39m
}
[95m[Nest] 93453  - [39m07/27/2026, 12:15:11 PM [95m  DEBUG[39m [38;5;3m[GenerateBackupUploadLinksUseCase] [39m[95mBackup efb20d40-b50d-42dd-8b8c-2ec78fae5a80 created with files: BACKUP[39m
[32m[Nest] 93450  - [39m07/27/2026, 12:15:11 PM [32m    LOG[39m [38;5;3m[SignUploadPartUseCase] [39mObject(7) {
  event: [32m'backup.multipart.signPart.started'[39m,
  clientId: [32m'client-1'[39m,
  backupId: [32m'backup-1'[39m,
  key: [32m'client-1/backups/tucson.bak'[39m,
  uploadId: [32m'upload-1'[39m,
  partNumber: [33m2[39m,
  partCount: [33m3[39m
}
[32m[Nest] 93450  - [39m07/27/2026, 12:15:11 PM [32m    LOG[39m [38;5;3m[SignUploadPartUseCase] [39mObject(7) {
  event: [32m'backup.multipart.signPart.completed'[39m,
  clientId: [32m'client-1'[39m,
  backupId: [32m'backup-1'[39m,
  key: [32m'client-1/backups/tucson.bak'[39m,
  uploadId: [32m'upload-1'[39m,
  partNumber: [33m2[39m,
  partCount: [33m3[39m
}
[32m[Nest] 93449  - [39m07/27/2026, 12:15:11 PM [32m    LOG[39m [38;5;3m[T3MetadataJsforceAdapter] [39mObject(5) {
  action: [32m't3.standardValueSet'[39m,
  orgId: [32m'00D4x00000000ABC'[39m,
  valueSet: [32m'LeadStatus'[39m,
  desired: [33m4[39m,
  deactivateOthers: [33mtrue[39m
}
[32m[Nest] 93449  - [39m07/27/2026, 12:15:11 PM [32m    LOG[39m [38;5;3m[T3MetadataJsforceAdapter] [39mObject(5) {
  action: [32m't3.standardValueSet.done'[39m,
  orgId: [32m'00D4x00000000ABC'[39m,
  noop: [33mtrue[39m,
  target: [32m'LeadStatus'[39m,
  verified: [33mtrue[39m
}
[32m[Nest] 93449  - [39m07/27/2026, 12:15:11 PM [32m    LOG[39m [38;5;3m[T3MetadataJsforceAdapter] [39mObject(5) {
  action: [32m't3.standardValueSet'[39m,
  orgId: [32m'00D4x00000000ABC'[39m,
  valueSet: [32m'LeadStatus'[39m,
  desired: [33m4[39m,
  deactivateOthers: [33mfalse[39m
}
[32m[Nest] 93449  - [39m07/27/2026, 12:15:11 PM [32m    LOG[39m [38;5;3m[T3MetadataJsforceAdapter] [39mObject(4) {
  action: [32m't3.standardValueSet.done'[39m,
  orgId: [32m'00D4x00000000ABC'[39m,
  target: [32m'LeadStatus'[39m,
  verified: [33mtrue[39m
}
[32m[Nest] 93449  - [39m07/27/2026, 12:15:11 PM [32m    LOG[39m [38;5;3m[T3MetadataJsforceAdapter] [39mObject(5) {
  action: [32m't3.standardValueSet'[39m,
  orgId: [32m'00D4x00000000ABC'[39m,
  valueSet: [32m'LeadStatus'[39m,
  desired: [33m4[39m,
  deactivateOthers: [33mfalse[39m
}
[32m[Nest] 93449  - [39m07/27/2026, 12:15:11 PM [32m    LOG[39m [38;5;3m[T3MetadataJsforceAdapter] [39mObject(5) {
  action: [32m't3.standardValueSet.done'[39m,
  orgId: [32m'00D4x00000000ABC'[39m,
  noop: [33mtrue[39m,
  target: [32m'LeadStatus'[39m,
  verified: [33mtrue[39m
}
[32m[Nest] 93450  - [39m07/27/2026, 12:15:11 PM [32m    LOG[39m [38;5;3m[SignUploadPartUseCase] [39mObject(7) {
  event: [32m'backup.multipart.signPart.started'[39m,
  clientId: [32m'client-1'[39m,
  backupId: [32m'backup-1'[39m,
  key: [32m'client-1/backups/tucson.bak'[39m,
  uploadId: [32m'upload-1'[39m,
  partNumber: [33m10000[39m,
  partCount: [90mundefined[39m
}
[32m[Nest] 93450  - [39m07/27/2026, 12:15:11 PM [32m    LOG[39m [38;5;3m[SignUploadPartUseCase] [39mObject(7) {
  event: [32m'backup.multipart.signPart.completed'[39m,
  clientId: [32m'client-1'[39m,
  backupId: [32m'backup-1'[39m,
  key: [32m'client-1/backups/tucson.bak'[39m,
  uploadId: [32m'upload-1'[39m,
  partNumber: [33m10000[39m,
  partCount: [90mundefined[39m
}
[32m[Nest] 93449  - [39m07/27/2026, 12:15:11 PM [32m    LOG[39m [38;5;3m[T3MetadataJsforceAdapter] [39mObject(5) {
  action: [32m't3.standardValueSet'[39m,
  orgId: [32m'00D4x00000000ABC'[39m,
  valueSet: [32m'LeadStatus'[39m,
  desired: [33m1[39m,
  deactivateOthers: [33mfalse[39m
}
[32m[Nest] 93449  - [39m07/27/2026, 12:15:11 PM [32m    LOG[39m [38;5;3m[T3MetadataJsforceAdapter] [39mObject(4) {
  action: [32m't3.standardValueSet.done'[39m,
  orgId: [32m'00D4x00000000ABC'[39m,
  target: [32m'LeadStatus'[39m,
  verified: [33mtrue[39m
}
[32m[Nest] 93449  - [39m07/27/2026, 12:15:11 PM [32m    LOG[39m [38;5;3m[T3MetadataJsforceAdapter] [39mObject(5) {
  action: [32m't3.standardValueSet'[39m,
  orgId: [32m'00D4x00000000ABC'[39m,
  valueSet: [32m'LeadStatus'[39m,
  desired: [33m4[39m,
  deactivateOthers: [33mtrue[39m
}
[32m[Nest] 93449  - [39m07/27/2026, 12:15:11 PM [32m    LOG[39m [38;5;3m[T3MetadataJsforceAdapter] [39mObject(4) {
  action: [32m't3.standardValueSet.done'[39m,
  orgId: [32m'00D4x00000000ABC'[39m,
  target: [32m'LeadStatus'[39m,
  verified: [33mfalse[39m
}
[32m[Nest] 93449  - [39m07/27/2026, 12:15:11 PM [32m    LOG[39m [38;5;3m[T3MetadataJsforceAdapter] [39mObject(5) {
  action: [32m't3.standardValueSet'[39m,
  orgId: [32m'00D4x00000000ABC'[39m,
  valueSet: [32m'LeadStatus'[39m,
  desired: [33m2[39m,
  deactivateOthers: [33mtrue[39m
}
[32m[Nest] 93449  - [39m07/27/2026, 12:15:11 PM [32m    LOG[39m [38;5;3m[T3MetadataJsforceAdapter] [39mObject(4) {
  action: [32m't3.standardValueSet.done'[39m,
  orgId: [32m'00D4x00000000ABC'[39m,
  target: [32m'LeadStatus'[39m,
  verified: [33mtrue[39m
}
[32m[Nest] 93449  - [39m07/27/2026, 12:15:11 PM [32m    LOG[39m [38;5;3m[T3MetadataJsforceAdapter] [39mObject(5) {
  action: [32m't3.standardValueSet'[39m,
  orgId: [32m'00D4x00000000ABC'[39m,
  valueSet: [32m'LeadStatus'[39m,
  desired: [33m2[39m,
  deactivateOthers: [33mtrue[39m
}
[32m[Nest] 93449  - [39m07/27/2026, 12:15:11 PM [32m    LOG[39m [38;5;3m[T3MetadataJsforceAdapter] [39mObject(4) {
  action: [32m't3.standardValueSet.done'[39m,
  orgId: [32m'00D4x00000000ABC'[39m,
  target: [32m'LeadStatus'[39m,
  verified: [33mtrue[39m
}
[32m[Nest] 93449  - [39m07/27/2026, 12:15:11 PM [32m    LOG[39m [38;5;3m[T3MetadataJsforceAdapter] [39mObject(5) {
  action: [32m't3.appNavItems'[39m,
  orgId: [32m'00D4x00000000ABC'[39m,
  app: [32m'vnfp__Fundraising'[39m,
  slot: [32m'subscriberTabs'[39m,
  tabCount: [33m1[39m
}
[32m[Nest] 93449  - [39m07/27/2026, 12:15:11 PM [32m    LOG[39m [38;5;3m[T3MetadataJsforceAdapter] [39mObject(4) {
  action: [32m't3.appNavItems.done'[39m,
  orgId: [32m'00D4x00000000ABC'[39m,
  target: [32m'vnfp__Fundraising'[39m,
  verified: [33mtrue[39m
}
[32m[Nest] 93449  - [39m07/27/2026, 12:15:11 PM [32m    LOG[39m [38;5;3m[T3MetadataJsforceAdapter] [39mObject(5) {
  action: [32m't3.appNavItems'[39m,
  orgId: [32m'00D4x00000000ABC'[39m,
  app: [32m'My_App'[39m,
  slot: [32m'tabs'[39m,
  tabCount: [33m1[39m
}
[32m[Nest] 93449  - [39m07/27/2026, 12:15:11 PM [32m    LOG[39m [38;5;3m[T3MetadataJsforceAdapter] [39mObject(4) {
  action: [32m't3.appNavItems.done'[39m,
  orgId: [32m'00D4x00000000ABC'[39m,
  target: [32m'My_App'[39m,
  verified: [33mtrue[39m
}
[32m[Nest] 93449  - [39m07/27/2026, 12:15:11 PM [32m    LOG[39m [38;5;3m[T3MetadataJsforceAdapter] [39mObject(5) {
  action: [32m't3.appNavItems'[39m,
  orgId: [32m'00D4x00000000ABC'[39m,
  app: [32m'vnfp__Fundraising'[39m,
  slot: [32m'subscriberTabs'[39m,
  tabCount: [33m1[39m
}
[32m[Nest] 93449  - [39m07/27/2026, 12:15:11 PM [32m    LOG[39m [38;5;3m[T3MetadataJsforceAdapter] [39mObject(5) {
  action: [32m't3.appNavItems.done'[39m,
  orgId: [32m'00D4x00000000ABC'[39m,
  noop: [33mtrue[39m,
  target: [32m'vnfp__Fundraising'[39m,
  verified: [33mtrue[39m
}
[32m[Nest] 93449  - [39m07/27/2026, 12:15:11 PM [32m    LOG[39m [38;5;3m[T3MetadataJsforceAdapter] [39mObject(5) {
  action: [32m't3.appNavItems'[39m,
  orgId: [32m'00D4x00000000ABC'[39m,
  app: [32m'vnfp__Fundraising'[39m,
  slot: [32m'subscriberTabs'[39m,
  tabCount: [33m1[39m
}
[32m[Nest] 93449  - [39m07/27/2026, 12:15:11 PM [32m    LOG[39m [38;5;3m[T3MetadataJsforceAdapter] [39mObject(4) {
  action: [32m't3.appNavItems.done'[39m,
  orgId: [32m'00D4x00000000ABC'[39m,
  target: [32m'vnfp__Fundraising'[39m,
  verified: [33mfalse[39m
}
[32m[Nest] 93449  - [39m07/27/2026, 12:15:11 PM [32m    LOG[39m [38;5;3m[T3MetadataJsforceAdapter] [39mObject(5) {
  action: [32m't3.appNavItems'[39m,
  orgId: [32m'00D4x00000000ABC'[39m,
  app: [32m'vnfp__Fundraising'[39m,
  slot: [32m'subscriberTabs'[39m,
  tabCount: [33m1[39m
}
[32m[Nest] 93449  - [39m07/27/2026, 12:15:11 PM [32m    LOG[39m [38;5;3m[T3MetadataJsforceAdapter] [39mObject(4) {
  action: [32m't3.appNavItems.done'[39m,
  orgId: [32m'00D4x00000000ABC'[39m,
  target: [32m'vnfp__Fundraising'[39m,
  verified: [33mtrue[39m
}
[32m[Nest] 93449  - [39m07/27/2026, 12:15:11 PM [32m    LOG[39m [38;5;3m[T3MetadataJsforceAdapter] [39mObject(5) {
  action: [32m't3.appNavItems'[39m,
  orgId: [32m'00D4x00000000ABC'[39m,
  app: [32m'myns__Console'[39m,
  slot: [32m'tabs'[39m,
  tabCount: [33m1[39m
}
[32m[Nest] 93449  - [39m07/27/2026, 12:15:11 PM [32m    LOG[39m [38;5;3m[T3MetadataJsforceAdapter] [39mObject(4) {
  action: [32m't3.appNavItems.done'[39m,
  orgId: [32m'00D4x00000000ABC'[39m,
  target: [32m'myns__Console'[39m,
  verified: [33mtrue[39m
}
[32m[Nest] 93449  - [39m07/27/2026, 12:15:11 PM [32m    LOG[39m [38;5;3m[T3MetadataJsforceAdapter] [39mObject(5) {
  action: [32m't3.fieldSet'[39m,
  orgId: [32m'00D4x00000000ABC'[39m,
  fieldSet: [32m'Auctifera__StockReplenishmentOrder__c.Auctifera__Purcharse_Order_Document'[39m,
  display: [33m1[39m,
  remove: [33m0[39m
}
[32m[Nest] 93449  - [39m07/27/2026, 12:15:11 PM [32m    LOG[39m [38;5;3m[T3MetadataJsforceAdapter] [39mObject(4) {
  action: [32m't3.fieldSet.done'[39m,
  orgId: [32m'00D4x00000000ABC'[39m,
  target: [32m'Auctifera__StockReplenishmentOrder__c.Auctifera__Purcharse_Order_Document'[39m,
  verified: [33mtrue[39m
}
[32m[Nest] 93449  - [39m07/27/2026, 12:15:11 PM [32m    LOG[39m [38;5;3m[T3MetadataJsforceAdapter] [39mObject(5) {
  action: [32m't3.fieldSet'[39m,
  orgId: [32m'00D4x00000000ABC'[39m,
  fieldSet: [32m'Auctifera__StockReplenishmentOrder__c.Auctifera__Purcharse_Order_Document'[39m,
  display: [33m1[39m,
  remove: [33m0[39m
}
[32m[Nest] 93449  - [39m07/27/2026, 12:15:11 PM [32m    LOG[39m [38;5;3m[T3MetadataJsforceAdapter] [39mObject(5) {
  action: [32m't3.fieldSet.done'[39m,
  orgId: [32m'00D4x00000000ABC'[39m,
  noop: [33mtrue[39m,
  target: [32m'Auctifera__StockReplenishmentOrder__c.Auctifera__Purcharse_Order_Document'[39m,
  verified: [33mtrue[39m
}
[32m[Nest] 93449  - [39m07/27/2026, 12:15:11 PM [32m    LOG[39m [38;5;3m[T3MetadataJsforceAdapter] [39mObject(5) {
  action: [32m't3.fieldSet'[39m,
  orgId: [32m'00D4x00000000ABC'[39m,
  fieldSet: [32m'Auctifera__StockReplenishmentOrder__c.Auctifera__Purcharse_Order_Document'[39m,
  display: [33m0[39m,
  remove: [33m1[39m
}
[32m[Nest] 93449  - [39m07/27/2026, 12:15:11 PM [32m    LOG[39m [38;5;3m[T3MetadataJsforceAdapter] [39mObject(4) {
  action: [32m't3.fieldSet.done'[39m,
  orgId: [32m'00D4x00000000ABC'[39m,
  target: [32m'Auctifera__StockReplenishmentOrder__c.Auctifera__Purcharse_Order_Document'[39m,
  verified: [33mtrue[39m
}
[32m[Nest] 93449  - [39m07/27/2026, 12:15:11 PM [32m    LOG[39m [38;5;3m[T3MetadataJsforceAdapter] [39mObject(5) {
  action: [32m't3.fieldSet'[39m,
  orgId: [32m'00D4x00000000ABC'[39m,
  fieldSet: [32m'Auctifera__StockReplenishmentOrder__c.Auctifera__Purcharse_Order_Document'[39m,
  display: [33m1[39m,
  remove: [33m0[39m
}
[32m[Nest] 93449  - [39m07/27/2026, 12:15:11 PM [32m    LOG[39m [38;5;3m[T3MetadataJsforceAdapter] [39mObject(4) {
  action: [32m't3.fieldSet.done'[39m,
  orgId: [32m'00D4x00000000ABC'[39m,
  target: [32m'Auctifera__StockReplenishmentOrder__c.Auctifera__Purcharse_Order_Document'[39m,
  verified: [33mfalse[39m
}
[32m[Nest] 93449  - [39m07/27/2026, 12:15:11 PM [32m    LOG[39m [38;5;3m[T3MetadataJsforceAdapter] [39mObject(5) {
  action: [32m't3.fieldSet'[39m,
  orgId: [32m'00D4x00000000ABC'[39m,
  fieldSet: [32m'Auctifera__StockReplenishmentOrder__c.Auctifera__Purcharse_Order_Document'[39m,
  display: [33m1[39m,
  remove: [33m0[39m
}
[32m[Nest] 93449  - [39m07/27/2026, 12:15:11 PM [32m    LOG[39m [38;5;3m[T3MetadataJsforceAdapter] [39mObject(6) {
  action: [32m't3.historyTracking'[39m,
  orgId: [32m'00D4x00000000ABC'[39m,
  object: [32m'Contact'[39m,
  enableObjectHistory: [33mtrue[39m,
  fieldRefCount: [33m1[39m,
  exclusive: [33mfalse[39m
}
[32m[Nest] 93449  - [39m07/27/2026, 12:15:11 PM [32m    LOG[39m [38;5;3m[T3MetadataJsforceAdapter] [39mObject(4) {
  action: [32m't3.historyTracking.done'[39m,
  orgId: [32m'00D4x00000000ABC'[39m,
  target: [32m'Contact'[39m,
  verified: [33mtrue[39m
}
[32m[Nest] 93449  - [39m07/27/2026, 12:15:11 PM [32m    LOG[39m [38;5;3m[T3MetadataJsforceAdapter] [39mObject(6) {
  action: [32m't3.historyTracking'[39m,
  orgId: [32m'00D4x00000000ABC'[39m,
  object: [32m'Contact'[39m,
  enableObjectHistory: [33mtrue[39m,
  fieldRefCount: [33m2[39m,
  exclusive: [33mfalse[39m
}
[32m[Nest] 93449  - [39m07/27/2026, 12:15:11 PM [32m    LOG[39m [38;5;3m[T3MetadataJsforceAdapter] [39mObject(4) {
  action: [32m't3.historyTracking.done'[39m,
  orgId: [32m'00D4x00000000ABC'[39m,
  target: [32m'Contact'[39m,
  verified: [33mtrue[39m
}
[32m[Nest] 93449  - [39m07/27/2026, 12:15:11 PM [32m    LOG[39m [38;5;3m[T3MetadataJsforceAdapter] [39mObject(6) {
  action: [32m't3.historyTracking'[39m,
  orgId: [32m'00D4x00000000ABC'[39m,
  object: [32m'Contact'[39m,
  enableObjectHistory: [33mtrue[39m,
  fieldRefCount: [33m1[39m,
  exclusive: [33mfalse[39m
}
[32m[Nest] 93449  - [39m07/27/2026, 12:15:11 PM [32m    LOG[39m [38;5;3m[T3MetadataJsforceAdapter] [39mObject(4) {
  action: [32m't3.historyTracking.done'[39m,
  orgId: [32m'00D4x00000000ABC'[39m,
  target: [32m'Contact'[39m,
  verified: [33mtrue[39m
}
[32m[Nest] 93449  - [39m07/27/2026, 12:15:11 PM [32m    LOG[39m [38;5;3m[T3MetadataJsforceAdapter] [39mObject(6) {
  action: [32m't3.historyTracking'[39m,
  orgId: [32m'00D4x00000000ABC'[39m,
  object: [32m'Contact'[39m,
  enableObjectHistory: [33mtrue[39m,
  fieldRefCount: [33m2[39m,
  exclusive: [33mfalse[39m
}
[32m[Nest] 93449  - [39m07/27/2026, 12:15:11 PM [32m    LOG[39m [38;5;3m[T3MetadataJsforceAdapter] [39mObject(5) {
  action: [32m't3.historyTracking.done'[39m,
  orgId: [32m'00D4x00000000ABC'[39m,
  noop: [33mtrue[39m,
  target: [32m'Contact'[39m,
  verified: [33mtrue[39m
}
[32m[Nest] 93449  - [39m07/27/2026, 12:15:11 PM [32m    LOG[39m [38;5;3m[T3MetadataJsforceAdapter] [39mObject(6) {
  action: [32m't3.historyTracking'[39m,
  orgId: [32m'00D4x00000000ABC'[39m,
  object: [32m'Contact'[39m,
  enableObjectHistory: [33mtrue[39m,
  fieldRefCount: [33m2[39m,
  exclusive: [33mfalse[39m
}
[32m[Nest] 93449  - [39m07/27/2026, 12:15:11 PM [32m    LOG[39m [38;5;3m[T3MetadataJsforceAdapter] [39mObject(5) {
  action: [32m't3.historyTracking.done'[39m,
  orgId: [32m'00D4x00000000ABC'[39m,
  noop: [33mtrue[39m,
  target: [32m'Contact'[39m,
  verified: [33mfalse[39m
}
[32m[Nest] 93449  - [39m07/27/2026, 12:15:11 PM [32m    LOG[39m [38;5;3m[T3MetadataJsforceAdapter] [39mObject(6) {
  action: [32m't3.historyTracking'[39m,
  orgId: [32m'00D4x00000000ABC'[39m,
  object: [32m'Contact'[39m,
  enableObjectHistory: [33mtrue[39m,
  fieldRefCount: [33m1[39m,
  exclusive: [33mfalse[39m
}
[32m[Nest] 93449  - [39m07/27/2026, 12:15:11 PM [32m    LOG[39m [38;5;3m[T3MetadataJsforceAdapter] [39mObject(5) {
  action: [32m't3.historyTracking.done'[39m,
  orgId: [32m'00D4x00000000ABC'[39m,
  noop: [33mtrue[39m,
  target: [32m'Contact'[39m,
  verified: [33mfalse[39m
}
[32m[Nest] 93449  - [39m07/27/2026, 12:15:11 PM [32m    LOG[39m [38;5;3m[T3MetadataJsforceAdapter] [39mObject(6) {
  action: [32m't3.historyTracking'[39m,
  orgId: [32m'00D4x00000000ABC'[39m,
  object: [32m'Contact'[39m,
  enableObjectHistory: [33mtrue[39m,
  fieldRefCount: [33m2[39m,
  exclusive: [33mtrue[39m
}
[32m[Nest] 93449  - [39m07/27/2026, 12:15:11 PM [32m    LOG[39m [38;5;3m[T3MetadataJsforceAdapter] [39mObject(4) {
  action: [32m't3.historyTracking.done'[39m,
  orgId: [32m'00D4x00000000ABC'[39m,
  target: [32m'Contact'[39m,
  verified: [33mtrue[39m
}
[32m[Nest] 93449  - [39m07/27/2026, 12:15:11 PM [32m    LOG[39m [38;5;3m[T3MetadataJsforceAdapter] [39mObject(6) {
  action: [32m't3.historyTracking'[39m,
  orgId: [32m'00D4x00000000ABC'[39m,
  object: [32m'Contact'[39m,
  enableObjectHistory: [33mtrue[39m,
  fieldRefCount: [33m2[39m,
  exclusive: [33mtrue[39m
}
[32m[Nest] 93449  - [39m07/27/2026, 12:15:11 PM [32m    LOG[39m [38;5;3m[T3MetadataJsforceAdapter] [39mObject(6) {
  action: [32m't3.historyTracking'[39m,
  orgId: [32m'00D4x00000000ABC'[39m,
  object: [32m'Contact'[39m,
  enableObjectHistory: [33mtrue[39m,
  fieldRefCount: [33m2[39m,
  exclusive: [33mtrue[39m
}
[32m[Nest] 93449  - [39m07/27/2026, 12:15:11 PM [32m    LOG[39m [38;5;3m[T3MetadataJsforceAdapter] [39mObject(6) {
  action: [32m't3.historyTracking'[39m,
  orgId: [32m'00D4x00000000ABC'[39m,
  object: [32m'Contact'[39m,
  enableObjectHistory: [33mtrue[39m,
  fieldRefCount: [33m1[39m,
  exclusive: [33mtrue[39m
}
[32m[Nest] 93449  - [39m07/27/2026, 12:15:11 PM [32m    LOG[39m [38;5;3m[T3MetadataJsforceAdapter] [39mObject(6) {
  action: [32m't3.historyTracking'[39m,
  orgId: [32m'00D4x00000000ABC'[39m,
  object: [32m'Contact'[39m,
  enableObjectHistory: [33mtrue[39m,
  fieldRefCount: [33m1[39m,
  exclusive: [33mfalse[39m
}
[32m[Nest] 93449  - [39m07/27/2026, 12:15:11 PM [32m    LOG[39m [38;5;3m[T3MetadataJsforceAdapter] [39mObject(6) {
  action: [32m't3.recordTypePicklistDefaults'[39m,
  orgId: [32m'00D4x00000000ABC'[39m,
  object: [32m'Auctifera__Charge__c'[39m,
  recordType: [32m'Charge'[39m,
  clearCount: [33m2[39m,
  expectSole: [33mtrue[39m
}
[32m[Nest] 93449  - [39m07/27/2026, 12:15:11 PM [32m    LOG[39m [38;5;3m[T3MetadataJsforceAdapter] [39mObject(4) {
  action: [32m't3.recordTypePicklistDefaults.done'[39m,
  orgId: [32m'00D4x00000000ABC'[39m,
  target: [32m'Auctifera__Charge__c.Auctifera__Reservation'[39m,
  verified: [33mtrue[39m
}
PASS src/implementations/infrastructure/adapters/tools/t3-metadata.adapter.spec.ts (5.153 s)
[31m[Nest] 93454  - [39m07/27/2026, 12:15:11 PM [31m  ERROR[39m [38;5;3m[AnalyzeAvomaCallUseCase] [39m[31mFailed to record agent_run for session e4b632b2-87ad-4520-93a7-df8cd2af0512: recorder down[39m
PASS src/csm/avoma-analyzer/application/use-cases/analyze-avoma-call.use-case.spec.ts
PASS src/implementations/infrastructure/entrypoints/lambda/t2-page-layout.handler.spec.ts
[32m[Nest] 93449  - [39m07/27/2026, 12:15:11 PM [32m    LOG[39m [38;5;3m[T3MetadataJsforceAdapter] [39mObject(6) {
  action: [32m't3.recordTypePicklistDefaults'[39m,
  orgId: [32m'00D4x00000000ABC'[39m,
  object: [32m'Auctifera__Charge__c'[39m,
  recordType: [32m'Charge'[39m,
  clearCount: [33m2[39m,
  expectSole: [33mtrue[39m
}
[32m[Nest] 93449  - [39m07/27/2026, 12:15:11 PM [32m    LOG[39m [38;5;3m[T3MetadataJsforceAdapter] [39mObject(5) {
  action: [32m't3.recordTypePicklistDefaults.done'[39m,
  orgId: [32m'00D4x00000000ABC'[39m,
  noop: [33mtrue[39m,
  target: [32m'Auctifera__Charge__c.Auctifera__Reservation'[39m,
  verified: [33mtrue[39m
}
[32m[Nest] 93449  - [39m07/27/2026, 12:15:11 PM [32m    LOG[39m [38;5;3m[T3MetadataJsforceAdapter] [39mObject(6) {
  action: [32m't3.recordTypePicklistDefaults'[39m,
  orgId: [32m'00D4x00000000ABC'[39m,
  object: [32m'Auctifera__Charge__c'[39m,
  recordType: [32m'auctifera__reservation'[39m,
  clearCount: [33m2[39m,
  expectSole: [33mtrue[39m
}
[32m[Nest] 93449  - [39m07/27/2026, 12:15:11 PM [32m    LOG[39m [38;5;3m[T3MetadataJsforceAdapter] [39mObject(5) {
  action: [32m't3.recordTypePicklistDefaults.done'[39m,
  orgId: [32m'00D4x00000000ABC'[39m,
  noop: [33mtrue[39m,
  target: [32m'Auctifera__Charge__c.Auctifera__Reservation'[39m,
  verified: [33mtrue[39m
}
[32m[Nest] 93449  - [39m07/27/2026, 12:15:11 PM [32m    LOG[39m [38;5;3m[T3MetadataJsforceAdapter] [39mObject(6) {
  action: [32m't3.recordTypePicklistDefaults'[39m,
  orgId: [32m'00D4x00000000ABC'[39m,
  object: [32m'Auctifera__Charge__c'[39m,
  recordType: [32m'Charge'[39m,
  clearCount: [33m2[39m,
  expectSole: [33mtrue[39m
}
[32m[Nest] 93449  - [39m07/27/2026, 12:15:11 PM [32m    LOG[39m [38;5;3m[T3MetadataJsforceAdapter] [39mObject(4) {
  action: [32m't3.recordTypePicklistDefaults.done'[39m,
  orgId: [32m'00D4x00000000ABC'[39m,
  target: [32m'Auctifera__Charge__c.Auctifera__Reservation'[39m,
  verified: [33mfalse[39m
}
[32m[Nest] 93449  - [39m07/27/2026, 12:15:11 PM [32m    LOG[39m [38;5;3m[T3MetadataJsforceAdapter] [39mObject(6) {
  action: [32m't3.recordTypePicklistDefaults'[39m,
  orgId: [32m'00D4x00000000ABC'[39m,
  object: [32m'Auctifera__Charge__c'[39m,
  recordType: [32m'Payment'[39m,
  clearCount: [33m2[39m,
  expectSole: [33mtrue[39m
}
[32m[Nest] 93455  - [39m07/27/2026, 12:15:11 PM [32m    LOG[39m [38;5;3m[T2PageLayoutHandler] [39mObject(9) {
  action: [32m't2.handle.start'[39m,
  runId: [32m'run-1'[39m,
  caseRunId: [32m'case-run-1'[39m,
  stepRunId: [32m'step-run-1'[39m,
  orgId: [32m'00D4x00000000ABC'[39m,
  attempt: [33m1[39m,
  idempotencyKey: [32m'run-1#case-run-1#step-run-1#1'[39m,
  mode: [32m'assign'[39m,
  layout: [32m'Lead-Lead Veevart V3'[39m
}
[32m[Nest] 93455  - [39m07/27/2026, 12:15:11 PM [32m    LOG[39m [38;5;3m[T2PageLayoutHandler] [39mObject(7) {
  action: [32m't2.handle.done'[39m,
  runId: [32m'run-1'[39m,
  stepRunId: [32m'step-run-1'[39m,
  layout: [32m'Lead-Lead Veevart V3'[39m,
  updated: [33mtrue[39m,
  verified: [33mtrue[39m,
  success: [33mtrue[39m
}
[32m[Nest] 93449  - [39m07/27/2026, 12:15:11 PM [32m    LOG[39m [38;5;3m[T3MetadataJsforceAdapter] [39mObject(6) {
  action: [32m't3.recordTypePicklistDefaults'[39m,
  orgId: [32m'00D4x00000000ABC'[39m,
  object: [32m'Auctifera__Charge__c'[39m,
  recordType: [32m'Charge'[39m,
  clearCount: [33m2[39m,
  expectSole: [33mtrue[39m
}
[32m[Nest] 93449  - [39m07/27/2026, 12:15:11 PM [32m    LOG[39m [38;5;3m[T3MetadataJsforceAdapter] [39mObject(5) {
  action: [32m't3.recordTypePicklistDefaults.done'[39m,
  orgId: [32m'00D4x00000000ABC'[39m,
  noop: [33mtrue[39m,
  target: [32m'Auctifera__Charge__c.Auctifera__Reservation'[39m,
  verified: [33mtrue[39m
}
[32m[Nest] 93449  - [39m07/27/2026, 12:15:11 PM [32m    LOG[39m [38;5;3m[T3MetadataJsforceAdapter] [39mObject(6) {
  action: [32m't3.recordTypePicklistDefaults'[39m,
  orgId: [32m'00D4x00000000ABC'[39m,
  object: [32m'Auctifera__Charge__c'[39m,
  recordType: [32m'Charge'[39m,
  clearCount: [33m2[39m,
  expectSole: [33mtrue[39m
}
[32m[Nest] 93449  - [39m07/27/2026, 12:15:11 PM [32m    LOG[39m [38;5;3m[T3MetadataJsforceAdapter] [39mObject(5) {
  action: [32m't3.recordTypePicklistDefaults.done'[39m,
  orgId: [32m'00D4x00000000ABC'[39m,
  noop: [33mtrue[39m,
  target: [32m'Auctifera__Charge__c.Auctifera__Reservation'[39m,
  verified: [33mfalse[39m
}
[32m[Nest] 93455  - [39m07/27/2026, 12:15:11 PM [32m    LOG[39m [38;5;3m[T2PageLayoutHandler] [39mObject(9) {
  action: [32m't2.handle.start'[39m,
  runId: [32m'run-1'[39m,
  caseRunId: [32m'case-run-1'[39m,
  stepRunId: [32m'step-run-1'[39m,
  orgId: [32m'00D4x00000000ABC'[39m,
  attempt: [33m1[39m,
  idempotencyKey: [32m'run-1#case-run-1#step-run-1#1'[39m,
  mode: [32m'recordTypeVisibility'[39m,
  layout: [90mundefined[39m
}
[32m[Nest] 93455  - [39m07/27/2026, 12:15:11 PM [32m    LOG[39m [38;5;3m[T2PageLayoutHandler] [39mObject(5) {
  action: [32m't2.handle.discoveredProfiles'[39m,
  runId: [32m'run-1'[39m,
  orgId: [32m'00D4x00000000ABC'[39m,
  object: [32m'Account'[39m,
  profileCount: [33m1[39m
}
[32m[Nest] 93455  - [39m07/27/2026, 12:15:11 PM [32m    LOG[39m [38;5;3m[T2PageLayoutHandler] [39mObject(7) {
  action: [32m't2.handle.done'[39m,
  runId: [32m'run-1'[39m,
  stepRunId: [32m'step-run-1'[39m,
  layout: [32m'Account record types'[39m,
  updated: [33mtrue[39m,
  verified: [33mtrue[39m,
  success: [33mtrue[39m
}
[32m[Nest] 93449  - [39m07/27/2026, 12:15:11 PM [32m    LOG[39m [38;5;3m[T3MetadataJsforceAdapter] [39mObject(6) {
  action: [32m't3.recordTypePicklistDefaults'[39m,
  orgId: [32m'00D4x00000000ABC'[39m,
  object: [32m'Auctifera__Charge__c'[39m,
  recordType: [32m'Charge'[39m,
  clearCount: [33m2[39m,
  expectSole: [33mtrue[39m
}
[32m[Nest] 93449  - [39m07/27/2026, 12:15:11 PM [32m    LOG[39m [38;5;3m[T3MetadataJsforceAdapter] [39mObject(5) {
  action: [32m't3.recordTypePicklistDefaults.done'[39m,
  orgId: [32m'00D4x00000000ABC'[39m,
  noop: [33mtrue[39m,
  target: [32m'Auctifera__Charge__c.Auctifera__Reservation'[39m,
  verified: [33mtrue[39m
}
[32m[Nest] 93455  - [39m07/27/2026, 12:15:11 PM [32m    LOG[39m [38;5;3m[T2PageLayoutHandler] [39mObject(9) {
  action: [32m't2.handle.start'[39m,
  runId: [32m'run-1'[39m,
  caseRunId: [32m'case-run-1'[39m,
  stepRunId: [32m'step-run-1'[39m,
  orgId: [32m'00D4x00000000ABC'[39m,
  attempt: [33m1[39m,
  idempotencyKey: [32m'run-1#case-run-1#step-run-1#1'[39m,
  mode: [32m'assign'[39m,
  layout: [32m'Lead-Lead Veevart V3'[39m
}
[32m[Nest] 93455  - [39m07/27/2026, 12:15:11 PM [32m    LOG[39m [38;5;3m[T2PageLayoutHandler] [39mObject(5) {
  action: [32m't2.handle.discoveredProfiles'[39m,
  runId: [32m'run-1'[39m,
  orgId: [32m'00D4x00000000ABC'[39m,
  object: [32m'Lead'[39m,
  profileCount: [33m2[39m
}
[32m[Nest] 93455  - [39m07/27/2026, 12:15:11 PM [32m    LOG[39m [38;5;3m[T2PageLayoutHandler] [39mObject(7) {
  action: [32m't2.handle.done'[39m,
  runId: [32m'run-1'[39m,
  stepRunId: [32m'step-run-1'[39m,
  layout: [32m'Lead-Lead Veevart V3'[39m,
  updated: [33mtrue[39m,
  verified: [33mtrue[39m,
  success: [33mtrue[39m
}
[32m[Nest] 93449  - [39m07/27/2026, 12:15:11 PM [32m    LOG[39m [38;5;3m[T3MetadataJsforceAdapter] [39mObject(6) {
  action: [32m't3.recordTypePicklistDefaults'[39m,
  orgId: [32m'00D4x00000000ABC'[39m,
  object: [32m'Auctifera__Charge__c'[39m,
  recordType: [32m'Charge'[39m,
  clearCount: [33m2[39m,
  expectSole: [33mtrue[39m
}
[32m[Nest] 93449  - [39m07/27/2026, 12:15:11 PM [32m    LOG[39m [38;5;3m[T3MetadataJsforceAdapter] [39mObject(4) {
  action: [32m't3.recordTypePicklistDefaults.done'[39m,
  orgId: [32m'00D4x00000000ABC'[39m,
  target: [32m'Auctifera__Charge__c.Auctifera__Reservation'[39m,
  verified: [33mfalse[39m
}
[32m[Nest] 93455  - [39m07/27/2026, 12:15:11 PM [32m    LOG[39m [38;5;3m[T2PageLayoutHandler] [39mObject(9) {
  action: [32m't2.handle.start'[39m,
  runId: [32m'run-1'[39m,
  caseRunId: [32m'case-run-1'[39m,
  stepRunId: [32m'step-run-1'[39m,
  orgId: [32m'00D4x00000000ABC'[39m,
  attempt: [33m1[39m,
  idempotencyKey: [32m'run-1#case-run-1#step-run-1#1'[39m,
  mode: [32m'assign'[39m,
  layout: [32m'Lead-Lead Veevart V3'[39m
}
[32m[Nest] 93455  - [39m07/27/2026, 12:15:11 PM [32m    LOG[39m [38;5;3m[T2PageLayoutHandler] [39mObject(7) {
  action: [32m't2.handle.done'[39m,
  runId: [32m'run-1'[39m,
  stepRunId: [32m'step-run-1'[39m,
  layout: [32m'Lead-Lead Veevart V3'[39m,
  updated: [33mtrue[39m,
  verified: [33mtrue[39m,
  success: [33mtrue[39m
}
[32m[Nest] 93455  - [39m07/27/2026, 12:15:11 PM [32m    LOG[39m [38;5;3m[T2PageLayoutHandler] [39mObject(9) {
  action: [32m't2.handle.start'[39m,
  runId: [32m'run-1'[39m,
  caseRunId: [32m'case-run-1'[39m,
  stepRunId: [32m'step-run-1'[39m,
  orgId: [32m'00D4x00000000ABC'[39m,
  attempt: [33m1[39m,
  idempotencyKey: [32m'run-1#case-run-1#step-run-1#1'[39m,
  mode: [32m'fields'[39m,
  layout: [32m'Contact-Contact Layout'[39m
}
[32m[Nest] 93455  - [39m07/27/2026, 12:15:11 PM [32m    LOG[39m [38;5;3m[T2PageLayoutHandler] [39mObject(7) {
  action: [32m't2.handle.done'[39m,
  runId: [32m'run-1'[39m,
  stepRunId: [32m'step-run-1'[39m,
  layout: [32m'Contact-Contact Layout'[39m,
  updated: [33mtrue[39m,
  verified: [33mtrue[39m,
  success: [33mtrue[39m
}
[32m[Nest] 93455  - [39m07/27/2026, 12:15:11 PM [32m    LOG[39m [38;5;3m[T2PageLayoutHandler] [39mObject(9) {
  action: [32m't2.handle.start'[39m,
  runId: [32m'run-1'[39m,
  caseRunId: [32m'case-run-1'[39m,
  stepRunId: [32m'step-run-1'[39m,
  orgId: [32m'00D4x00000000ABC'[39m,
  attempt: [33m1[39m,
  idempotencyKey: [32m'run-1#case-run-1#step-run-1#1'[39m,
  mode: [32m'fields'[39m,
  layout: [32m'Contact-Contact Layout'[39m
}
[32m[Nest] 93455  - [39m07/27/2026, 12:15:11 PM [32m    LOG[39m [38;5;3m[T2PageLayoutHandler] [39mObject(9) {
  action: [32m't2.handle.start'[39m,
  runId: [32m'run-1'[39m,
  caseRunId: [32m'case-run-1'[39m,
  stepRunId: [32m'step-run-1'[39m,
  orgId: [32m'00D4x00000000ABC'[39m,
  attempt: [33m1[39m,
  idempotencyKey: [32m'run-1#case-run-1#step-run-1#1'[39m,
  mode: [32m'fields'[39m,
  layout: [32m'Contact-Contact Layout'[39m
}
[32m[Nest] 93455  - [39m07/27/2026, 12:15:11 PM [32m    LOG[39m [38;5;3m[T2PageLayoutHandler] [39mObject(9) {
  action: [32m't2.handle.start'[39m,
  runId: [32m'run-1'[39m,
  caseRunId: [32m'case-run-1'[39m,
  stepRunId: [32m'step-run-1'[39m,
  orgId: [32m'00D4x00000000ABC'[39m,
  attempt: [33m1[39m,
  idempotencyKey: [32m'run-1#case-run-1#step-run-1#1'[39m,
  mode: [32m'fields'[39m,
  layout: [32m'Contact-Contact Layout'[39m
}
[32m[Nest] 93455  - [39m07/27/2026, 12:15:11 PM [32m    LOG[39m [38;5;3m[T2PageLayoutHandler] [39mObject(7) {
  action: [32m't2.handle.done'[39m,
  runId: [32m'run-1'[39m,
  stepRunId: [32m'step-run-1'[39m,
  layout: [32m'Contact-Contact Layout'[39m,
  updated: [33mtrue[39m,
  verified: [33mfalse[39m,
  success: [33mfalse[39m
}
PASS src/implementations/infrastructure/persistence/dynamodb/plan-templates.dynamodb.repository.spec.ts
[31m[Nest] 93452  - [39m07/27/2026, 12:15:11 PM [31m  ERROR[39m [38;5;3m[GeneratePortfolioAnalysisUseCase] [39m[31mPortfolio analysis model call failed for owner 0051234567ABCDEFGH: bedrock throttled[39m
PASS src/csm/portfolio/application/use-cases/generate-portfolio-analysis.use-case.spec.ts
[33m[Nest] 93456  - [39m07/27/2026, 12:15:11 PM [33m   WARN[39m [38;5;3m[PlanTemplatesDynamodbRepository] [39mObject(4) {
  action: [32m'planTemplates.list.quarantineInvalidRow'[39m,
  templateId: [32m'bad'[39m,
  version: [33m1[39m,
  reason: [32m'PlanTemplate "bad": caseRefs list caseId(s) [dup] more than once — every caseRef must carry a unique caseId (§20).'[39m
}
[32m[Nest] 93452  - [39m07/27/2026, 12:15:11 PM [32m    LOG[39m [38;5;3m[GeneratePortfolioAnalysisUseCase] [39m[32mOwner 0051234567ABCDEFGH: in=10 out=5 accounts=2[39m
[32m[Nest] 93452  - [39m07/27/2026, 12:15:11 PM [32m    LOG[39m [38;5;3m[GeneratePortfolioAnalysisUseCase] [39m[32mOwner 0051234567ABCDEFGH: in=10 out=5 accounts=1[39m
[32m[Nest] 93452  - [39m07/27/2026, 12:15:11 PM [32m    LOG[39m [38;5;3m[GeneratePortfolioAnalysisUseCase] [39m[32mOwner 0051234567ABCDEFGH: in=10 out=5 accounts=1[39m
[32m[Nest] 93452  - [39m07/27/2026, 12:15:11 PM [32m    LOG[39m [38;5;3m[GeneratePortfolioAnalysisUseCase] [39m[32mOwner 0051234567ABCDEFGH: in=10 out=5 accounts=1[39m
[32m[Nest] 93452  - [39m07/27/2026, 12:15:11 PM [32m    LOG[39m [38;5;3m[GeneratePortfolioAnalysisUseCase] [39m[32mOwner 0051234567ABCDEFGH: in=10 out=5 accounts=1[39m
PASS src/shared/application/use-cases/presign-s3.use-case.spec.ts
PASS src/implementations/application/use-cases/list-connected-orgs-for-client.use-case.spec.ts
PASS src/migration/application/use-cases/get-migration-run.use-case.spec.ts
PASS src/migration/application/use-cases/list-migration-runs-by-status.use-case.spec.ts
PASS src/csm/avoma-analyzer/application/transcript-analyzer.service.spec.ts
PASS src/implementations/infrastructure/entrypoints/api/plan-run-read.controller.spec.ts
[32m[Nest] 93452  - [39m07/27/2026, 12:15:11 PM [32m    LOG[39m [38;5;3m[TranscriptAnalyzerService] [39m[32mMap-reduce: 140000 chars -> 3 chunks[39m
[32m[Nest] 93452  - [39m07/27/2026, 12:15:11 PM [32m    LOG[39m [38;5;3m[TranscriptAnalyzerService] [39m[32mMap-reduce: 140000 chars -> 3 chunks[39m
[32m[Nest] 93448  - [39m07/27/2026, 12:15:11 PM [32m    LOG[39m [38;5;3m[T1InstallerHttpAdapter] [39mObject(5) {
  action: [32m'installPackages'[39m,
  orgId: [32m'00D4x00000000ABC'[39m,
  idempotencyKey: [32m'run-1#case-run-1#step-run-1#1'[39m,
  packageCount: [33m2[39m,
  packages: [
    [32m'NPSP'[39m,
    [32m'Auctifera Core'[39m
  ]
}
[32m[Nest] 93448  - [39m07/27/2026, 12:15:11 PM [32m    LOG[39m [38;5;3m[T1InstallerHttpAdapter] [39mObject(4) {
  action: [32m'installPackages.jobSubmitted'[39m,
  orgId: [32m'00D4x00000000ABC'[39m,
  packageName: [32m'NPSP'[39m,
  jobId: [32m'job-NPSP'[39m
}
[32m[Nest] 93448  - [39m07/27/2026, 12:15:11 PM [32m    LOG[39m [38;5;3m[T1InstallerHttpAdapter] [39mObject(4) {
  action: [32m'installPackages.jobSubmitted'[39m,
  orgId: [32m'00D4x00000000ABC'[39m,
  packageName: [32m'Auctifera Core'[39m,
  jobId: [32m'job-Auctifera Core'[39m
}
[32m[Nest] 93448  - [39m07/27/2026, 12:15:11 PM [32m    LOG[39m [38;5;3m[T1InstallerHttpAdapter] [39mObject(4) {
  action: [32m'installPackages.done'[39m,
  orgId: [32m'00D4x00000000ABC'[39m,
  success: [33mtrue[39m,
  statuses: [
    [32m'NPSP:installed'[39m,
    [32m'Auctifera Core:already-installed'[39m
  ]
}
[32m[Nest] 93448  - [39m07/27/2026, 12:15:11 PM [32m    LOG[39m [38;5;3m[T1InstallerHttpAdapter] [39mObject(5) {
  action: [32m'installPackages'[39m,
  orgId: [32m'00D4x00000000ABC'[39m,
  idempotencyKey: [32m'run-1#case-run-1#step-run-1#1'[39m,
  packageCount: [33m1[39m,
  packages: [
    [32m'NPSP'[39m
  ]
}
[32m[Nest] 93448  - [39m07/27/2026, 12:15:11 PM [32m    LOG[39m [38;5;3m[T1InstallerHttpAdapter] [39mObject(4) {
  action: [32m'installPackages.jobSubmitted'[39m,
  orgId: [32m'00D4x00000000ABC'[39m,
  packageName: [32m'NPSP'[39m,
  jobId: [32m'job-NPSP'[39m
}
[32m[Nest] 93450  - [39m07/27/2026, 12:15:11 PM [32m    LOG[39m [38;5;3m[ClientOrgsController] [39mObject(5) {
  action: [32m'client-orgs.create'[39m,
  clientId: [32m'client-1'[39m,
  orgId: [32m'00D5g00000XYZ1aEAA'[39m,
  state: [32m'active'[39m,
  created: [33mtrue[39m
}
[32m[Nest] 93448  - [39m07/27/2026, 12:15:11 PM [32m    LOG[39m [38;5;3m[T1InstallerHttpAdapter] [39mObject(4) {
  action: [32m'installPackages.done'[39m,
  orgId: [32m'00D4x00000000ABC'[39m,
  success: [33mtrue[39m,
  statuses: [
    [32m'NPSP:installed'[39m
  ]
}
[32m[Nest] 93450  - [39m07/27/2026, 12:15:11 PM [32m    LOG[39m [38;5;3m[ClientOrgsController] [39mObject(5) {
  action: [32m'client-orgs.create'[39m,
  clientId: [32m'client-7'[39m,
  orgId: [32m'00D5g00000XYZ1aEAA'[39m,
  state: [32m'active'[39m,
  created: [33mtrue[39m
}
[32m[Nest] 93448  - [39m07/27/2026, 12:15:11 PM [32m    LOG[39m [38;5;3m[T1InstallerHttpAdapter] [39mObject(5) {
  action: [32m'installPackages'[39m,
  orgId: [32m'00D4x00000000ABC'[39m,
  idempotencyKey: [32m'run-1#case-run-1#step-run-1#1'[39m,
  packageCount: [33m1[39m,
  packages: [
    [32m'NPSP'[39m
  ]
}
[32m[Nest] 93448  - [39m07/27/2026, 12:15:11 PM [32m    LOG[39m [38;5;3m[T1InstallerHttpAdapter] [39mObject(4) {
  action: [32m'installPackages.jobSubmitted'[39m,
  orgId: [32m'00D4x00000000ABC'[39m,
  packageName: [32m'NPSP'[39m,
  jobId: [32m'job/with space#1'[39m
}
[32m[Nest] 93448  - [39m07/27/2026, 12:15:11 PM [32m    LOG[39m [38;5;3m[T1InstallerHttpAdapter] [39mObject(4) {
  action: [32m'installPackages.done'[39m,
  orgId: [32m'00D4x00000000ABC'[39m,
  success: [33mtrue[39m,
  statuses: [
    [32m'NPSP:installed'[39m
  ]
}
[32m[Nest] 93448  - [39m07/27/2026, 12:15:11 PM [32m    LOG[39m [38;5;3m[T1InstallerHttpAdapter] [39mObject(5) {
  action: [32m'installPackages'[39m,
  orgId: [32m'00D4x00000000ABC'[39m,
  idempotencyKey: [32m'run-1#case-run-1#step-run-1#1'[39m,
  packageCount: [33m2[39m,
  packages: [
    [32m'NPSP'[39m,
    [32m'Auctifera Core'[39m
  ]
}
[32m[Nest] 93448  - [39m07/27/2026, 12:15:11 PM [32m    LOG[39m [38;5;3m[T1InstallerHttpAdapter] [39mObject(4) {
  action: [32m'installPackages.jobSubmitted'[39m,
  orgId: [32m'00D4x00000000ABC'[39m,
  packageName: [32m'NPSP'[39m,
  jobId: [32m'job-NPSP'[39m
}
[32m[Nest] 93448  - [39m07/27/2026, 12:15:11 PM [32m    LOG[39m [38;5;3m[T1InstallerHttpAdapter] [39mObject(4) {
  action: [32m'installPackages.done'[39m,
  orgId: [32m'00D4x00000000ABC'[39m,
  success: [33mfalse[39m,
  statuses: [
    [32m'NPSP:failed'[39m,
    [32m'Auctifera Core:failed'[39m
  ]
}
PASS src/implementations/infrastructure/entrypoints/api/client-orgs.controller.spec.ts
PASS src/migration/infrastructure/services/package-catalog-http.adapter.spec.ts
PASS src/implementations/infrastructure/adapters/tools/t1-installer.http-adapter.spec.ts
[32m[Nest] 93448  - [39m07/27/2026, 12:15:11 PM [32m    LOG[39m [38;5;3m[T1InstallerHttpAdapter] [39mObject(5) {
  action: [32m'installPackages'[39m,
  orgId: [32m'00D4x00000000ABC'[39m,
  idempotencyKey: [32m'run-1#case-run-1#step-run-1#1'[39m,
  packageCount: [33m2[39m,
  packages: [
    [32m'NPSP'[39m,
    [32m'Auctifera Core'[39m
  ]
}
[32m[Nest] 93448  - [39m07/27/2026, 12:15:11 PM [32m    LOG[39m [38;5;3m[T1InstallerHttpAdapter] [39mObject(4) {
  action: [32m'installPackages.jobSubmitted'[39m,
  orgId: [32m'00D4x00000000ABC'[39m,
  packageName: [32m'NPSP'[39m,
  jobId: [32m'job-NPSP'[39m
}
[33m[Nest] 93448  - [39m07/27/2026, 12:15:11 PM [33m   WARN[39m [38;5;3m[T1InstallerHttpAdapter] [39mObject(6) {
  action: [32m'installPackages.pollTimeout'[39m,
  orgId: [32m'00D4x00000000ABC'[39m,
  packageName: [32m'NPSP'[39m,
  jobId: [32m'job-NPSP'[39m,
  sleptMs: [33m9500[39m,
  timeoutMs: [33m10000[39m
}
[32m[Nest] 93448  - [39m07/27/2026, 12:15:11 PM [32m    LOG[39m [38;5;3m[T1InstallerHttpAdapter] [39mObject(4) {
  action: [32m'installPackages.done'[39m,
  orgId: [32m'00D4x00000000ABC'[39m,
  success: [33mfalse[39m,
  statuses: [
    [32m'NPSP:failed'[39m,
    [32m'Auctifera Core:failed'[39m
  ]
}
[32m[Nest] 93448  - [39m07/27/2026, 12:15:11 PM [32m    LOG[39m [38;5;3m[T1InstallerHttpAdapter] [39mObject(5) {
  action: [32m'installPackages'[39m,
  orgId: [32m'00D4x00000000ABC'[39m,
  idempotencyKey: [32m'run-1#case-run-1#step-run-1#1'[39m,
  packageCount: [33m2[39m,
  packages: [
    [32m'NPSP'[39m,
    [32m'Auctifera Core'[39m
  ]
}
[33m[Nest] 93448  - [39m07/27/2026, 12:15:11 PM [33m   WARN[39m [38;5;3m[T1InstallerHttpAdapter] [39mObject(5) {
  action: [32m'installPackages.httpError'[39m,
  orgId: [32m'00D4x00000000ABC'[39m,
  path: [32m'install-jobs/by-name'[39m,
  httpStatus: [33m401[39m,
  serviceCode: [32m'FORBIDDEN'[39m
}
[32m[Nest] 93448  - [39m07/27/2026, 12:15:11 PM [32m    LOG[39m [38;5;3m[T1InstallerHttpAdapter] [39mObject(5) {
  action: [32m'installPackages'[39m,
  orgId: [32m'00D4x00000000ABC'[39m,
  idempotencyKey: [32m'run-1#case-run-1#step-run-1#1'[39m,
  packageCount: [33m2[39m,
  packages: [
    [32m'NPSP'[39m,
    [32m'Auctifera Core'[39m
  ]
}
[33m[Nest] 93448  - [39m07/27/2026, 12:15:11 PM [33m   WARN[39m [38;5;3m[T1InstallerHttpAdapter] [39mObject(5) {
  action: [32m'installPackages.httpError'[39m,
  orgId: [32m'00D4x00000000ABC'[39m,
  path: [32m'install-jobs/by-name'[39m,
  httpStatus: [33m401[39m,
  serviceCode: [32m'SOME_SERVICE_CODE'[39m
}
[32m[Nest] 93448  - [39m07/27/2026, 12:15:11 PM [32m    LOG[39m [38;5;3m[T1InstallerHttpAdapter] [39mObject(5) {
  action: [32m'installPackages'[39m,
  orgId: [32m'00D4x00000000ABC'[39m,
  idempotencyKey: [32m'run-1#case-run-1#step-run-1#1'[39m,
  packageCount: [33m2[39m,
  packages: [
    [32m'NPSP'[39m,
    [32m'Auctifera Core'[39m
  ]
}
[33m[Nest] 93448  - [39m07/27/2026, 12:15:11 PM [33m   WARN[39m [38;5;3m[T1InstallerHttpAdapter] [39mObject(5) {
  action: [32m'installPackages.httpError'[39m,
  orgId: [32m'00D4x00000000ABC'[39m,
  path: [32m'install-jobs/by-name'[39m,
  httpStatus: [33m403[39m,
  serviceCode: [32m'SOME_SERVICE_CODE'[39m
}
[32m[Nest] 93448  - [39m07/27/2026, 12:15:11 PM [32m    LOG[39m [38;5;3m[T1InstallerHttpAdapter] [39mObject(5) {
  action: [32m'installPackages'[39m,
  orgId: [32m'00D4x00000000ABC'[39m,
  idempotencyKey: [32m'run-1#case-run-1#step-run-1#1'[39m,
  packageCount: [33m2[39m,
  packages: [
    [32m'NPSP'[39m,
    [32m'Auctifera Core'[39m
  ]
}
[33m[Nest] 93448  - [39m07/27/2026, 12:15:11 PM [33m   WARN[39m [38;5;3m[T1InstallerHttpAdapter] [39mObject(5) {
  action: [32m'installPackages.httpError'[39m,
  orgId: [32m'00D4x00000000ABC'[39m,
  path: [32m'install-jobs/by-name'[39m,
  httpStatus: [33m400[39m,
  serviceCode: [32m'SOME_SERVICE_CODE'[39m
}
[32m[Nest] 93448  - [39m07/27/2026, 12:15:11 PM [32m    LOG[39m [38;5;3m[T1InstallerHttpAdapter] [39mObject(5) {
  action: [32m'installPackages'[39m,
  orgId: [32m'00D4x00000000ABC'[39m,
  idempotencyKey: [32m'run-1#case-run-1#step-run-1#1'[39m,
  packageCount: [33m2[39m,
  packages: [
    [32m'NPSP'[39m,
    [32m'Auctifera Core'[39m
  ]
}
[33m[Nest] 93448  - [39m07/27/2026, 12:15:11 PM [33m   WARN[39m [38;5;3m[T1InstallerHttpAdapter] [39mObject(5) {
  action: [32m'installPackages.httpError'[39m,
  orgId: [32m'00D4x00000000ABC'[39m,
  path: [32m'install-jobs/by-name'[39m,
  httpStatus: [33m404[39m,
  serviceCode: [32m'SOME_SERVICE_CODE'[39m
}
[32m[Nest] 93448  - [39m07/27/2026, 12:15:11 PM [32m    LOG[39m [38;5;3m[T1InstallerHttpAdapter] [39mObject(5) {
  action: [32m'installPackages'[39m,
  orgId: [32m'00D4x00000000ABC'[39m,
  idempotencyKey: [32m'run-1#case-run-1#step-run-1#1'[39m,
  packageCount: [33m2[39m,
  packages: [
    [32m'NPSP'[39m,
    [32m'Auctifera Core'[39m
  ]
}
[33m[Nest] 93448  - [39m07/27/2026, 12:15:11 PM [33m   WARN[39m [38;5;3m[T1InstallerHttpAdapter] [39mObject(5) {
  action: [32m'installPackages.httpError'[39m,
  orgId: [32m'00D4x00000000ABC'[39m,
  path: [32m'install-jobs/by-name'[39m,
  httpStatus: [33m409[39m,
  serviceCode: [32m'SOME_SERVICE_CODE'[39m
}
[32m[Nest] 93448  - [39m07/27/2026, 12:15:11 PM [32m    LOG[39m [38;5;3m[T1InstallerHttpAdapter] [39mObject(5) {
  action: [32m'installPackages'[39m,
  orgId: [32m'00D4x00000000ABC'[39m,
  idempotencyKey: [32m'run-1#case-run-1#step-run-1#1'[39m,
  packageCount: [33m2[39m,
  packages: [
    [32m'NPSP'[39m,
    [32m'Auctifera Core'[39m
  ]
}
[33m[Nest] 93448  - [39m07/27/2026, 12:15:11 PM [33m   WARN[39m [38;5;3m[T1InstallerHttpAdapter] [39mObject(5) {
  action: [32m'installPackages.httpError'[39m,
  orgId: [32m'00D4x00000000ABC'[39m,
  path: [32m'install-jobs/by-name'[39m,
  httpStatus: [33m500[39m,
  serviceCode: [32m'SOME_SERVICE_CODE'[39m
}
[32m[Nest] 93448  - [39m07/27/2026, 12:15:11 PM [32m    LOG[39m [38;5;3m[T1InstallerHttpAdapter] [39mObject(5) {
  action: [32m'installPackages'[39m,
  orgId: [32m'00D4x00000000ABC'[39m,
  idempotencyKey: [32m'run-1#case-run-1#step-run-1#1'[39m,
  packageCount: [33m2[39m,
  packages: [
    [32m'NPSP'[39m,
    [32m'Auctifera Core'[39m
  ]
}
[33m[Nest] 93448  - [39m07/27/2026, 12:15:11 PM [33m   WARN[39m [38;5;3m[T1InstallerHttpAdapter] [39mObject(5) {
  action: [32m'installPackages.httpError'[39m,
  orgId: [32m'00D4x00000000ABC'[39m,
  path: [32m'install-jobs/by-name'[39m,
  httpStatus: [33m503[39m,
  serviceCode: [32m'SOME_SERVICE_CODE'[39m
}
[32m[Nest] 93448  - [39m07/27/2026, 12:15:11 PM [32m    LOG[39m [38;5;3m[T1InstallerHttpAdapter] [39mObject(5) {
  action: [32m'installPackages'[39m,
  orgId: [32m'00D4x00000000ABC'[39m,
  idempotencyKey: [32m'run-1#case-run-1#step-run-1#1'[39m,
  packageCount: [33m2[39m,
  packages: [
    [32m'NPSP'[39m,
    [32m'Auctifera Core'[39m
  ]
}
[32m[Nest] 93448  - [39m07/27/2026, 12:15:11 PM [32m    LOG[39m [38;5;3m[T1InstallerHttpAdapter] [39mObject(4) {
  action: [32m'installPackages.jobSubmitted'[39m,
  orgId: [32m'00D4x00000000ABC'[39m,
  packageName: [32m'NPSP'[39m,
  jobId: [32m'job-NPSP'[39m
}
[33m[Nest] 93448  - [39m07/27/2026, 12:15:11 PM [33m   WARN[39m [38;5;3m[T1InstallerHttpAdapter] [39mObject(5) {
  action: [32m'installPackages.httpError'[39m,
  orgId: [32m'00D4x00000000ABC'[39m,
  path: [32m'install-jobs/job-NPSP'[39m,
  httpStatus: [33m500[39m,
  serviceCode: [1mnull[22m
}
[32m[Nest] 93448  - [39m07/27/2026, 12:15:11 PM [32m    LOG[39m [38;5;3m[T1InstallerHttpAdapter] [39mObject(5) {
  action: [32m'installPackages'[39m,
  orgId: [32m'00D4x00000000ABC'[39m,
  idempotencyKey: [32m'run-1#case-run-1#step-run-1#1'[39m,
  packageCount: [33m2[39m,
  packages: [
    [32m'NPSP'[39m,
    [32m'Auctifera Core'[39m
  ]
}
[32m[Nest] 93448  - [39m07/27/2026, 12:15:11 PM [32m    LOG[39m [38;5;3m[T1InstallerHttpAdapter] [39mObject(5) {
  action: [32m'installPackages'[39m,
  orgId: [32m'00D4x00000000ABC'[39m,
  idempotencyKey: [32m'run-1#case-run-1#step-run-1#1'[39m,
  packageCount: [33m2[39m,
  packages: [
    [32m'NPSP'[39m,
    [32m'Auctifera Core'[39m
  ]
}
[32m[Nest] 93448  - [39m07/27/2026, 12:15:11 PM [32m    LOG[39m [38;5;3m[T1InstallerHttpAdapter] [39mObject(4) {
  action: [32m'installPackages.jobSubmitted'[39m,
  orgId: [32m'00D4x00000000ABC'[39m,
  packageName: [32m'NPSP'[39m,
  jobId: [32m'job-NPSP'[39m
}
[32m[Nest] 93448  - [39m07/27/2026, 12:15:11 PM [32m    LOG[39m [38;5;3m[T1InstallerHttpAdapter] [39mObject(4) {
  action: [32m'installPackages.jobSubmitted'[39m,
  orgId: [32m'00D4x00000000ABC'[39m,
  packageName: [32m'Auctifera Core'[39m,
  jobId: [32m'job-Auctifera Core'[39m
}
[32m[Nest] 93448  - [39m07/27/2026, 12:15:11 PM [32m    LOG[39m [38;5;3m[T1InstallerHttpAdapter] [39mObject(4) {
  action: [32m'installPackages.done'[39m,
  orgId: [32m'00D4x00000000ABC'[39m,
  success: [33mtrue[39m,
  statuses: [
    [32m'NPSP:installed'[39m,
    [32m'Auctifera Core:already-installed'[39m
  ]
}
[32m[Nest] 93448  - [39m07/27/2026, 12:15:11 PM [32m    LOG[39m [38;5;3m[T1InstallerHttpAdapter] [39mObject(5) {
  action: [32m'installPackages'[39m,
  orgId: [32m'00D4x00000000ABC'[39m,
  idempotencyKey: [32m'run-1#case-run-1#step-run-1#1'[39m,
  packageCount: [33m2[39m,
  packages: [
    [32m'NPSP'[39m,
    [32m'Auctifera Core'[39m
  ]
}
[33m[Nest] 93449  - [39m07/27/2026, 12:15:11 PM [33m   WARN[39m [38;5;3m[PackageCatalogHttpAdapter] [39m[33mPackage catalog API failed with status 500. Upstream body length: 23.[39m
[32m[Nest] 93448  - [39m07/27/2026, 12:15:11 PM [32m    LOG[39m [38;5;3m[T1InstallerHttpAdapter] [39mObject(5) {
  action: [32m'installPackages'[39m,
  orgId: [32m'00D4x00000000ABC'[39m,
  idempotencyKey: [32m'run-1#case-run-1#step-run-1#1'[39m,
  packageCount: [33m2[39m,
  packages: [
    [32m'NPSP'[39m,
    [32m'Auctifera Core'[39m
  ]
}
[32m[Nest] 93448  - [39m07/27/2026, 12:15:11 PM [32m    LOG[39m [38;5;3m[T1InstallerHttpAdapter] [39mObject(5) {
  action: [32m'installPackages'[39m,
  orgId: [32m'00D4x00000000ABC'[39m,
  idempotencyKey: [32m'run-1#case-run-1#step-run-1#1'[39m,
  packageCount: [33m2[39m,
  packages: [
    [32m'NPSP'[39m,
    [32m'Auctifera Core'[39m
  ]
}
[32m[Nest] 93448  - [39m07/27/2026, 12:15:11 PM [32m    LOG[39m [38;5;3m[T1InstallerHttpAdapter] [39mObject(5) {
  action: [32m'installPackages'[39m,
  orgId: [32m'00D4x00000000ABC'[39m,
  idempotencyKey: [32m'run-1#case-run-1#step-run-1#1'[39m,
  packageCount: [33m2[39m,
  packages: [
    [32m'NPSP'[39m,
    [32m'Auctifera Core'[39m
  ]
}
[32m[Nest] 93448  - [39m07/27/2026, 12:15:11 PM [32m    LOG[39m [38;5;3m[T1InstallerHttpAdapter] [39mObject(5) {
  action: [32m'installPackages'[39m,
  orgId: [32m'00D4x00000000ABC'[39m,
  idempotencyKey: [32m'run-1#case-run-1#step-run-1#1'[39m,
  packageCount: [33m2[39m,
  packages: [
    [32m'NPSP'[39m,
    [32m'Auctifera Core'[39m
  ]
}
[32m[Nest] 93448  - [39m07/27/2026, 12:15:11 PM [32m    LOG[39m [38;5;3m[T1InstallerHttpAdapter] [39mObject(4) {
  action: [32m'installPackages.jobSubmitted'[39m,
  orgId: [32m'00D4x00000000ABC'[39m,
  packageName: [32m'NPSP'[39m,
  jobId: [32m'job-NPSP'[39m
}
[32m[Nest] 93448  - [39m07/27/2026, 12:15:11 PM [32m    LOG[39m [38;5;3m[T1InstallerHttpAdapter] [39mObject(5) {
  action: [32m'installPackages'[39m,
  orgId: [32m'00D4x00000000ABC'[39m,
  idempotencyKey: [32m'run-1#case-run-1#step-run-1#1'[39m,
  packageCount: [33m2[39m,
  packages: [
    [32m'NPSP'[39m,
    [32m'Auctifera Core'[39m
  ]
}
[32m[Nest] 93448  - [39m07/27/2026, 12:15:11 PM [32m    LOG[39m [38;5;3m[T1InstallerHttpAdapter] [39mObject(4) {
  action: [32m'installPackages.jobSubmitted'[39m,
  orgId: [32m'00D4x00000000ABC'[39m,
  packageName: [32m'NPSP'[39m,
  jobId: [32m'job-NPSP'[39m
}
[32m[Nest] 93448  - [39m07/27/2026, 12:15:11 PM [32m    LOG[39m [38;5;3m[T1InstallerHttpAdapter] [39mObject(5) {
  action: [32m'installPackages'[39m,
  orgId: [32m'00D4x00000000ABC'[39m,
  idempotencyKey: [32m'run-1#case-run-1#step-run-1#1'[39m,
  packageCount: [33m2[39m,
  packages: [
    [32m'NPSP'[39m,
    [32m'Auctifera Core'[39m
  ]
}
[32m[Nest] 93448  - [39m07/27/2026, 12:15:11 PM [32m    LOG[39m [38;5;3m[T1InstallerHttpAdapter] [39mObject(4) {
  action: [32m'installPackages.jobSubmitted'[39m,
  orgId: [32m'00D4x00000000ABC'[39m,
  packageName: [32m'NPSP'[39m,
  jobId: [32m'job-NPSP'[39m
}
[32m[Nest] 93448  - [39m07/27/2026, 12:15:11 PM [32m    LOG[39m [38;5;3m[T1InstallerHttpAdapter] [39mObject(5) {
  action: [32m'installPackages'[39m,
  orgId: [32m'00D4x00000000ABC'[39m,
  idempotencyKey: [32m'run-1#case-run-1#step-run-1#1'[39m,
  packageCount: [33m2[39m,
  packages: [
    [32m'NPSP'[39m,
    [32m'Auctifera Core'[39m
  ]
}
PASS src/implementations/infrastructure/entrypoints/lambda/t6-apex-anonymous.handler.spec.ts
PASS src/csm/account-health/application/use-cases/regenerate-account-health.use-case.spec.ts
PASS src/csm/shared/salesforce/infrastructure/auth/authenticate.spec.ts
[32m[Nest] 93455  - [39m07/27/2026, 12:15:11 PM [32m    LOG[39m [38;5;3m[T6ApexAnonymousHandler] [39mObject(8) {
  action: [32m't6.handle.start'[39m,
  runId: [32m'run-1'[39m,
  caseRunId: [32m'case-run-1'[39m,
  stepRunId: [32m'step-run-1'[39m,
  orgId: [32m'00D4x00000000ABC'[39m,
  attempt: [33m1[39m,
  idempotencyKey: [32m'run-1::step-run-1::1'[39m,
  apexLength: [33m16[39m
}
[32m[Nest] 93455  - [39m07/27/2026, 12:15:11 PM [32m    LOG[39m [38;5;3m[T6ApexAnonymousHandler] [39mObject(5) {
  action: [32m't6.handle.done'[39m,
  runId: [32m'run-1'[39m,
  stepRunId: [32m'step-run-1'[39m,
  compiled: [33mtrue[39m,
  success: [33mtrue[39m
}
[32m[Nest] 93455  - [39m07/27/2026, 12:15:11 PM [32m    LOG[39m [38;5;3m[T6ApexAnonymousHandler] [39mObject(8) {
  action: [32m't6.handle.start'[39m,
  runId: [32m'run-1'[39m,
  caseRunId: [32m'case-run-1'[39m,
  stepRunId: [32m'step-run-1'[39m,
  orgId: [32m'00D4x00000000ABC'[39m,
  attempt: [33m1[39m,
  idempotencyKey: [32m'run-1::step-run-1::1'[39m,
  apexLength: [33m16[39m
}
[32m[Nest] 93455  - [39m07/27/2026, 12:15:11 PM [32m    LOG[39m [38;5;3m[T6ApexAnonymousHandler] [39mObject(8) {
  action: [32m't6.handle.start'[39m,
  runId: [32m'run-1'[39m,
  caseRunId: [32m'case-run-1'[39m,
  stepRunId: [32m'step-run-1'[39m,
  orgId: [32m'00D4x00000000ABC'[39m,
  attempt: [33m1[39m,
  idempotencyKey: [32m'run-1::step-run-1::1'[39m,
  apexLength: [33m16[39m
}
[32m[Nest] 93455  - [39m07/27/2026, 12:15:11 PM [32m    LOG[39m [38;5;3m[T6ApexAnonymousHandler] [39mObject(8) {
  action: [32m't6.handle.start'[39m,
  runId: [32m'run-1'[39m,
  caseRunId: [32m'case-run-1'[39m,
  stepRunId: [32m'step-run-1'[39m,
  orgId: [32m'00D4x00000000ABC'[39m,
  attempt: [33m1[39m,
  idempotencyKey: [32m'run-1::step-run-1::1'[39m,
  apexLength: [33m16[39m
}
[32m[Nest] 93455  - [39m07/27/2026, 12:15:11 PM [32m    LOG[39m [38;5;3m[T6ApexAnonymousHandler] [39mObject(5) {
  action: [32m't6.handle.done'[39m,
  runId: [32m'run-1'[39m,
  stepRunId: [32m'step-run-1'[39m,
  compiled: [33mfalse[39m,
  success: [33mfalse[39m
}
[32m[Nest] 93455  - [39m07/27/2026, 12:15:11 PM [32m    LOG[39m [38;5;3m[T6ApexAnonymousHandler] [39mObject(8) {
  action: [32m't6.handle.start'[39m,
  runId: [32m'run-1'[39m,
  caseRunId: [32m'case-run-1'[39m,
  stepRunId: [32m'step-run-1'[39m,
  orgId: [32m'00D4x00000000ABC'[39m,
  attempt: [33m1[39m,
  idempotencyKey: [32m'run-1::step-run-1::1'[39m,
  apexLength: [33m16[39m
}
[32m[Nest] 93455  - [39m07/27/2026, 12:15:11 PM [32m    LOG[39m [38;5;3m[T6ApexAnonymousHandler] [39mObject(2) {
  action: [32m't6.handle.idempotentReplay'[39m,
  idempotencyKey: [32m'run-1::step-run-1::1'[39m
}
[32m[Nest] 93455  - [39m07/27/2026, 12:15:11 PM [32m    LOG[39m [38;5;3m[T6ApexAnonymousHandler] [39mObject(8) {
  action: [32m't6.handle.start'[39m,
  runId: [32m'run-1'[39m,
  caseRunId: [32m'case-run-1'[39m,
  stepRunId: [32m'step-run-1'[39m,
  orgId: [32m'00D4x00000000ABC'[39m,
  attempt: [33m1[39m,
  idempotencyKey: [32m'run-1::step-run-1::1'[39m,
  apexLength: [33m16[39m
}
[32m[Nest] 93455  - [39m07/27/2026, 12:15:11 PM [32m    LOG[39m [38;5;3m[T6ApexAnonymousHandler] [39mObject(5) {
  action: [32m't6.handle.done'[39m,
  runId: [32m'run-1'[39m,
  stepRunId: [32m'step-run-1'[39m,
  compiled: [33mtrue[39m,
  success: [33mtrue[39m
}
[33m[Nest] 93452  - [39m07/27/2026, 12:15:12 PM [33m   WARN[39m [38;5;3m[RegenerateAccountHealthUseCase] [39m[33mregenerate-health for account 11111111-1111-1111-1111-111111111111 (run run-1) ended FAILED: max_tokens[39m
[33m[Nest] 93452  - [39m07/27/2026, 12:15:12 PM [33m   WARN[39m [38;5;3m[RegenerateAccountHealthUseCase] [39m[33mregenerate-health invoke failed for account 11111111-1111-1111-1111-111111111111 (run run-1): Lambda timed out[39m
[31m[Nest] 93454  - [39m07/27/2026, 12:15:12 PM [31m  ERROR[39m [38;5;3m[ProcessBackupDeletionUseCase] [39m[31mFailed to process backup deletion for backup-1[39m
Error: destroy failed
    at Object.<anonymous> (/private/tmp/claude-501/-Users-veevart-Desktop-testmanager-retooling/aa06aacf-3e57-4316-a5d7-4f226abc7ac8/scratchpad/mab-1090/src/backups/application/use-cases/process-backup-deletion.use-case.spec.ts:127:46)
    at Promise.then.completed (/private/tmp/claude-501/-Users-veevart-Desktop-testmanager-retooling/aa06aacf-3e57-4316-a5d7-4f226abc7ac8/scratchpad/mab-1090/node_modules/jest-circus/build/utils.js:298:28)
    at new Promise (<anonymous>)
    at callAsyncCircusFn (/private/tmp/claude-501/-Users-veevart-Desktop-testmanager-retooling/aa06aacf-3e57-4316-a5d7-4f226abc7ac8/scratchpad/mab-1090/node_modules/jest-circus/build/utils.js:231:10)
    at _callCircusTest (/private/tmp/claude-501/-Users-veevart-Desktop-testmanager-retooling/aa06aacf-3e57-4316-a5d7-4f226abc7ac8/scratchpad/mab-1090/node_modules/jest-circus/build/run.js:316:40)
    at processTicksAndRejections (node:internal/process/task_queues:104:5)
    at _runTest (/private/tmp/claude-501/-Users-veevart-Desktop-testmanager-retooling/aa06aacf-3e57-4316-a5d7-4f226abc7ac8/scratchpad/mab-1090/node_modules/jest-circus/build/run.js:252:3)
    at _runTestsForDescribeBlock (/private/tmp/claude-501/-Users-veevart-Desktop-testmanager-retooling/aa06aacf-3e57-4316-a5d7-4f226abc7ac8/scratchpad/mab-1090/node_modules/jest-circus/build/run.js:126:9)
    at _runTestsForDescribeBlock (/private/tmp/claude-501/-Users-veevart-Desktop-testmanager-retooling/aa06aacf-3e57-4316-a5d7-4f226abc7ac8/scratchpad/mab-1090/node_modules/jest-circus/build/run.js:121:9)
    at run (/private/tmp/claude-501/-Users-veevart-Desktop-testmanager-retooling/aa06aacf-3e57-4316-a5d7-4f226abc7ac8/scratchpad/mab-1090/node_modules/jest-circus/build/run.js:71:3)
    at runAndTransformResultsToJestFormat (/private/tmp/claude-501/-Users-veevart-Desktop-testmanager-retooling/aa06aacf-3e57-4316-a5d7-4f226abc7ac8/scratchpad/mab-1090/node_modules/jest-circus/build/legacy-code-todo-rewrite/jestAdapterInit.js:122:21)
    at jestAdapter (/private/tmp/claude-501/-Users-veevart-Desktop-testmanager-retooling/aa06aacf-3e57-4316-a5d7-4f226abc7ac8/scratchpad/mab-1090/node_modules/jest-circus/build/legacy-code-todo-rewrite/jestAdapter.js:79:19)
    at runTestInternal (/private/tmp/claude-501/-Users-veevart-Desktop-testmanager-retooling/aa06aacf-3e57-4316-a5d7-4f226abc7ac8/scratchpad/mab-1090/node_modules/jest-runner/build/runTest.js:367:16)
    at runTest (/private/tmp/claude-501/-Users-veevart-Desktop-testmanager-retooling/aa06aacf-3e57-4316-a5d7-4f226abc7ac8/scratchpad/mab-1090/node_modules/jest-runner/build/runTest.js:444:34)
    at Object.worker (/private/tmp/claude-501/-Users-veevart-Desktop-testmanager-retooling/aa06aacf-3e57-4316-a5d7-4f226abc7ac8/scratchpad/mab-1090/node_modules/jest-runner/build/testWorker.js:106:12)
PASS src/backups/application/use-cases/process-backup-deletion.use-case.spec.ts
PASS src/shared/lambda/lambda-event-dispatcher.spec.ts
[33m[Nest] 93454  - [39m07/27/2026, 12:15:12 PM [33m   WARN[39m [38;5;3m[ProcessBackupDeletionUseCase] [39m[33mSkipping backup deletion for backup-1 because it no longer exists[39m
PASS src/csm/avoma-analyzer/application/use-cases/ingest-and-analyze-avoma-call.use-case.spec.ts
PASS src/implementations/application/use-cases/publish-plan-template.use-case.spec.ts
PASS src/migration/application/use-cases/get-migration-object.use-case.spec.ts
PASS src/implementations/application/use-cases/connect-org.use-case.spec.ts
PASS src/migration/application/use-cases/presign-document.use-case.spec.ts
PASS src/implementations/infrastructure/adapters/step-functions/sfn.adapter.spec.ts
PASS src/clients/application/use-cases/delete-client.use-case.spec.ts
[32m[Nest] 93453  - [39m07/27/2026, 12:15:12 PM [32m    LOG[39m [38;5;3m[T3MetadataHandler] [39mObject(8) {
  action: [32m't3.handle.start'[39m,
  runId: [32m'run-1'[39m,
  caseRunId: [32m'case-run-1'[39m,
  stepRunId: [32m'step-run-1'[39m,
  orgId: [32m'00D4x00000000ABC'[39m,
  attempt: [33m1[39m,
  idempotencyKey: [32m'run-1#case-run-1#step-run-1#1'[39m,
  op: [32m'remoteSite'[39m
}
[32m[Nest] 93453  - [39m07/27/2026, 12:15:12 PM [32m    LOG[39m [38;5;3m[T3MetadataHandler] [39mObject(9) {
  action: [32m't3.handle.done'[39m,
  runId: [32m'run-1'[39m,
  stepRunId: [32m'step-run-1'[39m,
  idempotencyKey: [32m'run-1#case-run-1#step-run-1#1'[39m,
  op: [32m'remoteSite'[39m,
  target: [32m'Veevart_API'[39m,
  updated: [33mtrue[39m,
  verified: [33mtrue[39m,
  success: [33mtrue[39m
}
[32m[Nest] 93453  - [39m07/27/2026, 12:15:12 PM [32m    LOG[39m [38;5;3m[T3MetadataHandler] [39mObject(8) {
  action: [32m't3.handle.start'[39m,
  runId: [32m'run-1'[39m,
  caseRunId: [32m'case-run-1'[39m,
  stepRunId: [32m'step-run-1'[39m,
  orgId: [32m'00D4x00000000ABC'[39m,
  attempt: [33m1[39m,
  idempotencyKey: [32m'run-1#case-run-1#step-run-1#1'[39m,
  op: [32m'appNavItems'[39m
}
[32m[Nest] 93453  - [39m07/27/2026, 12:15:12 PM [32m    LOG[39m [38;5;3m[T3MetadataHandler] [39mObject(9) {
  action: [32m't3.handle.done'[39m,
  runId: [32m'run-1'[39m,
  stepRunId: [32m'step-run-1'[39m,
  idempotencyKey: [32m'run-1#case-run-1#step-run-1#1'[39m,
  op: [32m'appNavItems'[39m,
  target: [32m'Veevart_API'[39m,
  updated: [33mtrue[39m,
  verified: [33mtrue[39m,
  success: [33mtrue[39m
}
[33m[Nest] 93449  - [39m07/27/2026, 12:15:12 PM [33m   WARN[39m [38;5;3m[ConnectOrgUseCase] [39mObject(5) {
  action: [32m'connect-org.broker-degraded'[39m,
  clientId: [32m'client-1'[39m,
  orgId: [32m'00D5g00000XYZ1aEAA'[39m,
  brokerCode: [32m'TOKEN_STATE_NOT_FOUND'[39m,
  derivedState: [32m'awaiting_bootstrap'[39m
}
[32m[Nest] 93453  - [39m07/27/2026, 12:15:12 PM [32m    LOG[39m [38;5;3m[T3MetadataHandler] [39mObject(8) {
  action: [32m't3.handle.start'[39m,
  runId: [32m'run-1'[39m,
  caseRunId: [32m'case-run-1'[39m,
  stepRunId: [32m'step-run-1'[39m,
  orgId: [32m'00D4x00000000ABC'[39m,
  attempt: [33m1[39m,
  idempotencyKey: [32m'run-1#case-run-1#step-run-1#1'[39m,
  op: [32m'picklistValues'[39m
}
[32m[Nest] 93453  - [39m07/27/2026, 12:15:12 PM [32m    LOG[39m [38;5;3m[T3MetadataHandler] [39mObject(9) {
  action: [32m't3.handle.done'[39m,
  runId: [32m'run-1'[39m,
  stepRunId: [32m'step-run-1'[39m,
  idempotencyKey: [32m'run-1#case-run-1#step-run-1#1'[39m,
  op: [32m'picklistValues'[39m,
  target: [32m'Veevart_API'[39m,
  updated: [33mtrue[39m,
  verified: [33mtrue[39m,
  success: [33mtrue[39m
}
[32m[Nest] 93453  - [39m07/27/2026, 12:15:12 PM [32m    LOG[39m [38;5;3m[T3MetadataHandler] [39mObject(8) {
  action: [32m't3.handle.start'[39m,
  runId: [32m'run-1'[39m,
  caseRunId: [32m'case-run-1'[39m,
  stepRunId: [32m'step-run-1'[39m,
  orgId: [32m'00D4x00000000ABC'[39m,
  attempt: [33m1[39m,
  idempotencyKey: [32m'run-1#case-run-1#step-run-1#1'[39m,
  op: [32m'fieldSet'[39m
}
[32m[Nest] 93453  - [39m07/27/2026, 12:15:12 PM [32m    LOG[39m [38;5;3m[T3MetadataHandler] [39mObject(9) {
  action: [32m't3.handle.done'[39m,
  runId: [32m'run-1'[39m,
  stepRunId: [32m'step-run-1'[39m,
  idempotencyKey: [32m'run-1#case-run-1#step-run-1#1'[39m,
  op: [32m'fieldSet'[39m,
  target: [32m'Veevart_API'[39m,
  updated: [33mtrue[39m,
  verified: [33mtrue[39m,
  success: [33mtrue[39m
}
[32m[Nest] 93453  - [39m07/27/2026, 12:15:12 PM [32m    LOG[39m [38;5;3m[T3MetadataHandler] [39mObject(8) {
  action: [32m't3.handle.start'[39m,
  runId: [32m'run-1'[39m,
  caseRunId: [32m'case-run-1'[39m,
  stepRunId: [32m'step-run-1'[39m,
  orgId: [32m'00D4x00000000ABC'[39m,
  attempt: [33m1[39m,
  idempotencyKey: [32m'run-1#case-run-1#step-run-1#1'[39m,
  op: [32m'remoteSite'[39m
}
[32m[Nest] 93453  - [39m07/27/2026, 12:15:12 PM [32m    LOG[39m [38;5;3m[T3MetadataHandler] [39mObject(4) {
  action: [32m't3.handle.idempotentReplay'[39m,
  runId: [32m'run-1'[39m,
  stepRunId: [32m'step-run-1'[39m,
  idempotencyKey: [32m'run-1#case-run-1#step-run-1#1'[39m
}
[32m[Nest] 93453  - [39m07/27/2026, 12:15:12 PM [32m    LOG[39m [38;5;3m[T3MetadataHandler] [39mObject(8) {
  action: [32m't3.handle.start'[39m,
  runId: [32m'run-1'[39m,
  caseRunId: [32m'case-run-1'[39m,
  stepRunId: [32m'step-run-1'[39m,
  orgId: [32m'00D4x00000000ABC'[39m,
  attempt: [33m1[39m,
  idempotencyKey: [32m'run-1#case-run-1#step-run-1#1'[39m,
  op: [32m'remoteSite'[39m
}
[32m[Nest] 93453  - [39m07/27/2026, 12:15:12 PM [32m    LOG[39m [38;5;3m[T3MetadataHandler] [39mObject(9) {
  action: [32m't3.handle.done'[39m,
  runId: [32m'run-1'[39m,
  stepRunId: [32m'step-run-1'[39m,
  idempotencyKey: [32m'run-1#case-run-1#step-run-1#1'[39m,
  op: [32m'remoteSite'[39m,
  target: [32m'Veevart_API'[39m,
  updated: [33mtrue[39m,
  verified: [33mtrue[39m,
  success: [33mtrue[39m
}
[32m[Nest] 93453  - [39m07/27/2026, 12:15:12 PM [32m    LOG[39m [38;5;3m[T3MetadataHandler] [39mObject(8) {
  action: [32m't3.handle.start'[39m,
  runId: [32m'run-1'[39m,
  caseRunId: [32m'case-run-1'[39m,
  stepRunId: [32m'step-run-1'[39m,
  orgId: [32m'00D4x00000000ABC'[39m,
  attempt: [33m1[39m,
  idempotencyKey: [32m'run-1#case-run-1#step-run-1#1'[39m,
  op: [32m'remoteSite'[39m
}
[32m[Nest] 93453  - [39m07/27/2026, 12:15:12 PM [32m    LOG[39m [38;5;3m[T3MetadataHandler] [39mObject(9) {
  action: [32m't3.handle.done'[39m,
  runId: [32m'run-1'[39m,
  stepRunId: [32m'step-run-1'[39m,
  idempotencyKey: [32m'run-1#case-run-1#step-run-1#1'[39m,
  op: [32m'remoteSite'[39m,
  target: [32m'Veevart_API'[39m,
  updated: [33mtrue[39m,
  verified: [33mfalse[39m,
  success: [33mfalse[39m
}
[33m[Nest] 93449  - [39m07/27/2026, 12:15:12 PM [33m   WARN[39m [38;5;3m[ConnectOrgUseCase] [39mObject(5) {
  action: [32m'connect-org.broker-degraded'[39m,
  clientId: [32m'client-1'[39m,
  orgId: [32m'00D5g00000XYZ1aEAA'[39m,
  brokerCode: [32m'TOKEN_STATE_INVALID'[39m,
  derivedState: [32m'expired'[39m
}
[33m[Nest] 93449  - [39m07/27/2026, 12:15:12 PM [33m   WARN[39m [38;5;3m[ConnectOrgUseCase] [39mObject(5) {
  action: [32m'connect-org.broker-degraded'[39m,
  clientId: [32m'client-1'[39m,
  orgId: [32m'00D5g00000XYZ1aEAA'[39m,
  brokerCode: [32m'UNAUTHORIZED'[39m,
  derivedState: [32m'expired'[39m
}
[33m[Nest] 93449  - [39m07/27/2026, 12:15:12 PM [33m   WARN[39m [38;5;3m[ConnectOrgUseCase] [39mObject(5) {
  action: [32m'connect-org.broker-degraded'[39m,
  clientId: [32m'client-1'[39m,
  orgId: [32m'00D5g00000XYZ1aEAA'[39m,
  brokerCode: [32m'CREDENTIAL_READINESS_FAILED'[39m,
  derivedState: [32m'expired'[39m
}
[32m[Nest] 93453  - [39m07/27/2026, 12:15:12 PM [32m    LOG[39m [38;5;3m[T3MetadataHandler] [39mObject(8) {
  action: [32m't3.handle.start'[39m,
  runId: [32m'run-1'[39m,
  caseRunId: [32m'case-run-1'[39m,
  stepRunId: [32m'step-run-1'[39m,
  orgId: [32m'00D4x00000000ABC'[39m,
  attempt: [33m1[39m,
  idempotencyKey: [32m'run-1#case-run-1#step-run-1#1'[39m,
  op: [32m'remoteSite'[39m
}
[32m[Nest] 93453  - [39m07/27/2026, 12:15:12 PM [32m    LOG[39m [38;5;3m[T3MetadataHandler] [39mObject(8) {
  action: [32m't3.handle.start'[39m,
  runId: [32m'run-1'[39m,
  caseRunId: [32m'case-run-1'[39m,
  stepRunId: [32m'step-run-1'[39m,
  orgId: [32m'00D4x00000000ABC'[39m,
  attempt: [33m1[39m,
  idempotencyKey: [32m'run-1#case-run-1#step-run-1#1'[39m,
  op: [32m'remoteSite'[39m
}
PASS src/implementations/infrastructure/persistence/dynamodb/case-steps.dynamodb.repository.spec.ts
PASS src/implementations/infrastructure/adapters/auth-broker/auth-broker.http-adapter.spec.ts
PASS src/implementations/infrastructure/entrypoints/lambda/plan-run-reporter.handler.spec.ts
[32m[Nest] 93451  - [39m07/27/2026, 12:15:12 PM [32m    LOG[39m [38;5;3m[AuthBrokerHttpAdapter] [39mObject(3) {
  action: [32m'mintSession'[39m,
  orgId: [32m'00D4x00000669ezEAA'[39m,
  scopes: [
    [32m'md-deploy'[39m
  ]
}
[32m[Nest] 93451  - [39m07/27/2026, 12:15:12 PM [32m    LOG[39m [38;5;3m[AuthBrokerHttpAdapter] [39mObject(3) {
  action: [32m'mintSession'[39m,
  orgId: [32m'00D 4x/abc'[39m,
  scopes: []
}
[32m[Nest] 93451  - [39m07/27/2026, 12:15:12 PM [32m    LOG[39m [38;5;3m[AuthBrokerHttpAdapter] [39mObject(3) {
  action: [32m'mintSession'[39m,
  orgId: [32m'00D4x00000669ezEAA'[39m,
  scopes: []
}
[33m[Nest] 93451  - [39m07/27/2026, 12:15:12 PM [33m   WARN[39m [38;5;3m[AuthBrokerHttpAdapter] [39mObject(4) {
  action: [32m'mintSession'[39m,
  orgId: [32m'00D4x00000669ezEAA'[39m,
  httpStatus: [33m404[39m,
  brokerCode: [32m'TOKEN_STATE_NOT_FOUND'[39m
}
[32m[Nest] 93451  - [39m07/27/2026, 12:15:12 PM [32m    LOG[39m [38;5;3m[AuthBrokerHttpAdapter] [39mObject(3) {
  action: [32m'mintSession'[39m,
  orgId: [32m'00D4x00000669ezEAA'[39m,
  scopes: []
}
[33m[Nest] 93451  - [39m07/27/2026, 12:15:12 PM [33m   WARN[39m [38;5;3m[AuthBrokerHttpAdapter] [39mObject(4) {
  action: [32m'mintSession'[39m,
  orgId: [32m'00D4x00000669ezEAA'[39m,
  httpStatus: [33m502[39m,
  brokerCode: [32m'TOKEN_STATE_NOT_FOUND'[39m
}
[32m[Nest] 93451  - [39m07/27/2026, 12:15:12 PM [32m    LOG[39m [38;5;3m[AuthBrokerHttpAdapter] [39mObject(3) {
  action: [32m'mintSession'[39m,
  orgId: [32m'00D4x00000669ezEAA'[39m,
  scopes: []
}
[33m[Nest] 93451  - [39m07/27/2026, 12:15:12 PM [33m   WARN[39m [38;5;3m[AuthBrokerHttpAdapter] [39mObject(4) {
  action: [32m'mintSession'[39m,
  orgId: [32m'00D4x00000669ezEAA'[39m,
  httpStatus: [33m403[39m,
  brokerCode: [1mnull[22m
}
[32m[Nest] 93451  - [39m07/27/2026, 12:15:12 PM [32m    LOG[39m [38;5;3m[AuthBrokerHttpAdapter] [39mObject(3) {
  action: [32m'mintSession'[39m,
  orgId: [32m'00D4x00000669ezEAA'[39m,
  scopes: []
}
[33m[Nest] 93451  - [39m07/27/2026, 12:15:12 PM [33m   WARN[39m [38;5;3m[AuthBrokerHttpAdapter] [39mObject(4) {
  action: [32m'mintSession'[39m,
  orgId: [32m'00D4x00000669ezEAA'[39m,
  httpStatus: [33m403[39m,
  brokerCode: [32m'FORBIDDEN'[39m
}
[32m[Nest] 93451  - [39m07/27/2026, 12:15:12 PM [32m    LOG[39m [38;5;3m[AuthBrokerHttpAdapter] [39mObject(3) {
  action: [32m'mintSession'[39m,
  orgId: [32m'00D4x00000669ezEAA'[39m,
  scopes: []
}
[33m[Nest] 93451  - [39m07/27/2026, 12:15:12 PM [33m   WARN[39m [38;5;3m[AuthBrokerHttpAdapter] [39mObject(4) {
  action: [32m'mintSession'[39m,
  orgId: [32m'00D4x00000669ezEAA'[39m,
  httpStatus: [33m500[39m,
  brokerCode: [32m'PIZZA_NOT_FOUND'[39m
}
[32m[Nest] 93451  - [39m07/27/2026, 12:15:12 PM [32m    LOG[39m [38;5;3m[AuthBrokerHttpAdapter] [39mObject(3) {
  action: [32m'mintSession'[39m,
  orgId: [32m'00D4x00000669ezEAA'[39m,
  scopes: []
}
[33m[Nest] 93451  - [39m07/27/2026, 12:15:12 PM [33m   WARN[39m [38;5;3m[AuthBrokerHttpAdapter] [39mObject(4) {
  action: [32m'mintSession'[39m,
  orgId: [32m'00D4x00000669ezEAA'[39m,
  httpStatus: [33m401[39m,
  brokerCode: [1mnull[22m
}
[32m[Nest] 93451  - [39m07/27/2026, 12:15:12 PM [32m    LOG[39m [38;5;3m[AuthBrokerHttpAdapter] [39mObject(3) {
  action: [32m'mintSession'[39m,
  orgId: [32m'00D4x00000669ezEAA'[39m,
  scopes: []
}
[32m[Nest] 93451  - [39m07/27/2026, 12:15:12 PM [32m    LOG[39m [38;5;3m[AuthBrokerHttpAdapter] [39mObject(3) {
  action: [32m'mintSession'[39m,
  orgId: [32m'00D4x00000669ezEAA'[39m,
  scopes: []
}
[32m[Nest] 93451  - [39m07/27/2026, 12:15:12 PM [32m    LOG[39m [38;5;3m[AuthBrokerHttpAdapter] [39mObject(3) {
  action: [32m'mintSession'[39m,
  orgId: [32m'00D4x00000669ezEAA'[39m,
  scopes: []
}
[32m[Nest] 93451  - [39m07/27/2026, 12:15:12 PM [32m    LOG[39m [38;5;3m[AuthBrokerHttpAdapter] [39mObject(3) {
  action: [32m'mintSession'[39m,
  orgId: [32m'00D4x00000669ezEAA'[39m,
  scopes: []
}
[32m[Nest] 93451  - [39m07/27/2026, 12:15:12 PM [32m    LOG[39m [38;5;3m[AuthBrokerHttpAdapter] [39mObject(3) {
  action: [32m'mintSession'[39m,
  orgId: [32m'00D4x00000669ezEAA'[39m,
  scopes: []
}
[32m[Nest] 93451  - [39m07/27/2026, 12:15:12 PM [32m    LOG[39m [38;5;3m[AuthBrokerHttpAdapter] [39mObject(3) {
  action: [32m'mintSession'[39m,
  orgId: [32m'00D4x00000669ezEAA'[39m,
  scopes: [
    [32m'md-deploy'[39m,
    [32m'apex-run'[39m
  ]
}
[32m[Nest] 93451  - [39m07/27/2026, 12:15:12 PM [32m    LOG[39m [38;5;3m[AuthBrokerHttpAdapter] [39mObject(3) {
  action: [32m'mintSession'[39m,
  orgId: [32m'00D4x00000669ezEAA'[39m,
  scopes: []
}
[32m[Nest] 93450  - [39m07/27/2026, 12:15:12 PM [32m    LOG[39m [38;5;3m[PlanRunReporterHandler] [39mObject(5) {
  action: [32m'planRunReporter.handle'[39m,
  planRunId: [32m'r-1'[39m,
  from: [32m'RUNNING'[39m,
  to: [32m'COMPLETED'[39m,
  eventId: [32m'42ebe81d-5808-426e-b4ee-c8a710287aca'[39m
}
[32m[Nest] 93451  - [39m07/27/2026, 12:15:12 PM [32m    LOG[39m [38;5;3m[AuthBrokerHttpAdapter] [39mObject(3) {
  action: [32m'mintSession'[39m,
  orgId: [32m'00D4x00000669ezEAA'[39m,
  scopes: []
}
[32m[Nest] 93451  - [39m07/27/2026, 12:15:12 PM [32m    LOG[39m [38;5;3m[AuthBrokerHttpAdapter] [39mObject(3) {
  action: [32m'mintSession'[39m,
  orgId: [32m'00D4x00000669ezEAA'[39m,
  scopes: []
}
[32m[Nest] 93450  - [39m07/27/2026, 12:15:12 PM [32m    LOG[39m [38;5;3m[PlanRunReporterHandler] [39mObject(5) {
  action: [32m'planRunReporter.handle'[39m,
  planRunId: [32m'r-1'[39m,
  from: [32m'RUNNING'[39m,
  to: [32m'FAILED'[39m,
  eventId: [32m'ba592b7c-cce2-422b-8553-6609f5d74e9b'[39m
}
[32m[Nest] 93450  - [39m07/27/2026, 12:15:12 PM [32m    LOG[39m [38;5;3m[PlanRunReporterHandler] [39mObject(5) {
  action: [32m'planRunReporter.handle'[39m,
  planRunId: [32m'r-1'[39m,
  from: [32m'RUNNING'[39m,
  to: [32m'COMPLETED'[39m,
  eventId: [32m'8590126d-c6de-4c3e-b687-abefcb55a7fb'[39m
}
PASS src/implementations/infrastructure/entrypoints/lambda/t3-metadata.handler.spec.ts
PASS src/implementations/infrastructure/persistence/dynamodb/plan-runs.dynamodb.repository.spec.ts
PASS src/implementations/infrastructure/persistence/dynamodb/connected-orgs.dynamodb.repository.spec.ts
PASS src/implementations/infrastructure/persistence/dynamodb/implementation-cases.dynamodb.repository.spec.ts
PASS src/migration/application/use-cases/list-migration-runs.use-case.spec.ts
PASS src/shared/auth/api-key-auth.guard.spec.ts
[31m[Nest] 93450  - [39m07/27/2026, 12:15:13 PM [31m  ERROR[39m [38;5;3m[ProcessBackupToggleUseCase] [39m[31mFailed to process machine toggle for backup backup-1[39m
Error: database not ready
    at Object.<anonymous> (/private/tmp/claude-501/-Users-veevart-Desktop-testmanager-retooling/aa06aacf-3e57-4316-a5d7-4f226abc7ac8/scratchpad/mab-1090/src/backups/application/use-cases/process-backup-toggle.use-case.spec.ts:189:13)
    at Promise.then.completed (/private/tmp/claude-501/-Users-veevart-Desktop-testmanager-retooling/aa06aacf-3e57-4316-a5d7-4f226abc7ac8/scratchpad/mab-1090/node_modules/jest-circus/build/utils.js:298:28)
    at new Promise (<anonymous>)
    at callAsyncCircusFn (/private/tmp/claude-501/-Users-veevart-Desktop-testmanager-retooling/aa06aacf-3e57-4316-a5d7-4f226abc7ac8/scratchpad/mab-1090/node_modules/jest-circus/build/utils.js:231:10)
    at _callCircusTest (/private/tmp/claude-501/-Users-veevart-Desktop-testmanager-retooling/aa06aacf-3e57-4316-a5d7-4f226abc7ac8/scratchpad/mab-1090/node_modules/jest-circus/build/run.js:316:40)
    at processTicksAndRejections (node:internal/process/task_queues:104:5)
    at _runTest (/private/tmp/claude-501/-Users-veevart-Desktop-testmanager-retooling/aa06aacf-3e57-4316-a5d7-4f226abc7ac8/scratchpad/mab-1090/node_modules/jest-circus/build/run.js:252:3)
    at _runTestsForDescribeBlock (/private/tmp/claude-501/-Users-veevart-Desktop-testmanager-retooling/aa06aacf-3e57-4316-a5d7-4f226abc7ac8/scratchpad/mab-1090/node_modules/jest-circus/build/run.js:126:9)
    at _runTestsForDescribeBlock (/private/tmp/claude-501/-Users-veevart-Desktop-testmanager-retooling/aa06aacf-3e57-4316-a5d7-4f226abc7ac8/scratchpad/mab-1090/node_modules/jest-circus/build/run.js:121:9)
    at run (/private/tmp/claude-501/-Users-veevart-Desktop-testmanager-retooling/aa06aacf-3e57-4316-a5d7-4f226abc7ac8/scratchpad/mab-1090/node_modules/jest-circus/build/run.js:71:3)
    at runAndTransformResultsToJestFormat (/private/tmp/claude-501/-Users-veevart-Desktop-testmanager-retooling/aa06aacf-3e57-4316-a5d7-4f226abc7ac8/scratchpad/mab-1090/node_modules/jest-circus/build/legacy-code-todo-rewrite/jestAdapterInit.js:122:21)
    at jestAdapter (/private/tmp/claude-501/-Users-veevart-Desktop-testmanager-retooling/aa06aacf-3e57-4316-a5d7-4f226abc7ac8/scratchpad/mab-1090/node_modules/jest-circus/build/legacy-code-todo-rewrite/jestAdapter.js:79:19)
    at runTestInternal (/private/tmp/claude-501/-Users-veevart-Desktop-testmanager-retooling/aa06aacf-3e57-4316-a5d7-4f226abc7ac8/scratchpad/mab-1090/node_modules/jest-runner/build/runTest.js:367:16)
    at runTest (/private/tmp/claude-501/-Users-veevart-Desktop-testmanager-retooling/aa06aacf-3e57-4316-a5d7-4f226abc7ac8/scratchpad/mab-1090/node_modules/jest-runner/build/runTest.js:444:34)
    at Object.worker (/private/tmp/claude-501/-Users-veevart-Desktop-testmanager-retooling/aa06aacf-3e57-4316-a5d7-4f226abc7ac8/scratchpad/mab-1090/node_modules/jest-runner/build/testWorker.js:106:12)
[31m[Nest] 93450  - [39m07/27/2026, 12:15:13 PM [31m  ERROR[39m [38;5;3m[ProcessBackupToggleUseCase] [39m[31mFailed to process machine toggle for backup backup-1[39m
Error: instance still running
    at Object.<anonymous> (/private/tmp/claude-501/-Users-veevart-Desktop-testmanager-retooling/aa06aacf-3e57-4316-a5d7-4f226abc7ac8/scratchpad/mab-1090/src/backups/application/use-cases/process-backup-toggle.use-case.spec.ts:231:13)
    at Promise.then.completed (/private/tmp/claude-501/-Users-veevart-Desktop-testmanager-retooling/aa06aacf-3e57-4316-a5d7-4f226abc7ac8/scratchpad/mab-1090/node_modules/jest-circus/build/utils.js:298:28)
    at new Promise (<anonymous>)
    at callAsyncCircusFn (/private/tmp/claude-501/-Users-veevart-Desktop-testmanager-retooling/aa06aacf-3e57-4316-a5d7-4f226abc7ac8/scratchpad/mab-1090/node_modules/jest-circus/build/utils.js:231:10)
    at _callCircusTest (/private/tmp/claude-501/-Users-veevart-Desktop-testmanager-retooling/aa06aacf-3e57-4316-a5d7-4f226abc7ac8/scratchpad/mab-1090/node_modules/jest-circus/build/run.js:316:40)
    at processTicksAndRejections (node:internal/process/task_queues:104:5)
    at _runTest (/private/tmp/claude-501/-Users-veevart-Desktop-testmanager-retooling/aa06aacf-3e57-4316-a5d7-4f226abc7ac8/scratchpad/mab-1090/node_modules/jest-circus/build/run.js:252:3)
    at _runTestsForDescribeBlock (/private/tmp/claude-501/-Users-veevart-Desktop-testmanager-retooling/aa06aacf-3e57-4316-a5d7-4f226abc7ac8/scratchpad/mab-1090/node_modules/jest-circus/build/run.js:126:9)
    at _runTestsForDescribeBlock (/private/tmp/claude-501/-Users-veevart-Desktop-testmanager-retooling/aa06aacf-3e57-4316-a5d7-4f226abc7ac8/scratchpad/mab-1090/node_modules/jest-circus/build/run.js:121:9)
    at run (/private/tmp/claude-501/-Users-veevart-Desktop-testmanager-retooling/aa06aacf-3e57-4316-a5d7-4f226abc7ac8/scratchpad/mab-1090/node_modules/jest-circus/build/run.js:71:3)
    at runAndTransformResultsToJestFormat (/private/tmp/claude-501/-Users-veevart-Desktop-testmanager-retooling/aa06aacf-3e57-4316-a5d7-4f226abc7ac8/scratchpad/mab-1090/node_modules/jest-circus/build/legacy-code-todo-rewrite/jestAdapterInit.js:122:21)
    at jestAdapter (/private/tmp/claude-501/-Users-veevart-Desktop-testmanager-retooling/aa06aacf-3e57-4316-a5d7-4f226abc7ac8/scratchpad/mab-1090/node_modules/jest-circus/build/legacy-code-todo-rewrite/jestAdapter.js:79:19)
    at runTestInternal (/private/tmp/claude-501/-Users-veevart-Desktop-testmanager-retooling/aa06aacf-3e57-4316-a5d7-4f226abc7ac8/scratchpad/mab-1090/node_modules/jest-runner/build/runTest.js:367:16)
    at runTest (/private/tmp/claude-501/-Users-veevart-Desktop-testmanager-retooling/aa06aacf-3e57-4316-a5d7-4f226abc7ac8/scratchpad/mab-1090/node_modules/jest-runner/build/runTest.js:444:34)
    at Object.worker (/private/tmp/claude-501/-Users-veevart-Desktop-testmanager-retooling/aa06aacf-3e57-4316-a5d7-4f226abc7ac8/scratchpad/mab-1090/node_modules/jest-runner/build/testWorker.js:106:12)
PASS src/backups/application/use-cases/process-backup-toggle.use-case.spec.ts
PASS src/implementations/infrastructure/entrypoints/lambda/step-run-reporter.handler.spec.ts
[32m[Nest] 93450  - [39m07/27/2026, 12:15:12 PM [32m    LOG[39m [38;5;3m[ProcessBackupToggleUseCase] [39m[32mBackground toggle task started for backup backup-1 client=client-1 target=ON[39m
[32m[Nest] 93450  - [39m07/27/2026, 12:15:13 PM [32m    LOG[39m [38;5;3m[ProcessBackupToggleUseCase] [39m[32mBackground toggle task started for backup backup-1 client=client-1 target=ON[39m
[32m[Nest] 93450  - [39m07/27/2026, 12:15:13 PM [32m    LOG[39m [38;5;3m[ProcessBackupToggleUseCase] [39m[32mProcessing machine toggle for backup backup-1 using ASG asg-1 infraKey=infra-key-1 currentStatus=TURNING_ON target=ON[39m
[32m[Nest] 93450  - [39m07/27/2026, 12:15:13 PM [32m    LOG[39m [38;5;3m[ProcessBackupToggleUseCase] [39m[32mInfrastructure toggle command completed for backup backup-1; waiting for machine state ON[39m
[32m[Nest] 93450  - [39m07/27/2026, 12:15:13 PM [32m    LOG[39m [38;5;3m[ProcessBackupToggleUseCase] [39m[32mMachine state reached ON for backup backup-1[39m
[32m[Nest] 93450  - [39m07/27/2026, 12:15:13 PM [32m    LOG[39m [38;5;3m[ProcessBackupToggleUseCase] [39m[32mRefreshed infrastructure outputs for backup backup-1: host=new-host.example.internal port=1433[39m
[32m[Nest] 93450  - [39m07/27/2026, 12:15:13 PM [32m    LOG[39m [38;5;3m[ProcessBackupToggleUseCase] [39m[32mRetrieved SA password secret for backup backup-1; waiting for database readiness[39m
[32m[Nest] 93450  - [39m07/27/2026, 12:15:13 PM [32m    LOG[39m [38;5;3m[ProcessBackupToggleUseCase] [39m[32mDatabase readiness confirmed for backup backup-1; updating status to ON[39m
[32m[Nest] 93450  - [39m07/27/2026, 12:15:13 PM [32m    LOG[39m [38;5;3m[ProcessBackupToggleUseCase] [39m[32mMachine toggle completed for backup backup-1[39m
[32m[Nest] 93450  - [39m07/27/2026, 12:15:13 PM [32m    LOG[39m [38;5;3m[ProcessBackupToggleUseCase] [39m[32mBackground toggle task started for backup backup-1 client=client-1 target=OFF[39m
[32m[Nest] 93450  - [39m07/27/2026, 12:15:13 PM [32m    LOG[39m [38;5;3m[ProcessBackupToggleUseCase] [39m[32mProcessing machine toggle for backup backup-1 using ASG asg-1 infraKey=infra-key-1 currentStatus=TURNING_OFF target=OFF[39m
[32m[Nest] 93450  - [39m07/27/2026, 12:15:13 PM [32m    LOG[39m [38;5;3m[ProcessBackupToggleUseCase] [39m[32mInfrastructure toggle command completed for backup backup-1; waiting for machine state OFF[39m
[32m[Nest] 93450  - [39m07/27/2026, 12:15:13 PM [32m    LOG[39m [38;5;3m[ProcessBackupToggleUseCase] [39m[32mMachine state reached OFF for backup backup-1[39m
[32m[Nest] 93450  - [39m07/27/2026, 12:15:13 PM [32m    LOG[39m [38;5;3m[ProcessBackupToggleUseCase] [39m[32mMachine shutdown confirmed for backup backup-1; updating status to OFF[39m
[32m[Nest] 93450  - [39m07/27/2026, 12:15:13 PM [32m    LOG[39m [38;5;3m[ProcessBackupToggleUseCase] [39m[32mMachine toggle completed for backup backup-1[39m
[32m[Nest] 93450  - [39m07/27/2026, 12:15:13 PM [32m    LOG[39m [38;5;3m[ProcessBackupToggleUseCase] [39m[32mBackground toggle task started for backup backup-1 client=client-1 target=ON[39m
[32m[Nest] 93450  - [39m07/27/2026, 12:15:13 PM [32m    LOG[39m [38;5;3m[ProcessBackupToggleUseCase] [39m[32mProcessing machine toggle for backup backup-1 using ASG asg-1 infraKey=infra-key-1 currentStatus=TURNING_ON target=ON[39m
[32m[Nest] 93450  - [39m07/27/2026, 12:15:13 PM [32m    LOG[39m [38;5;3m[ProcessBackupToggleUseCase] [39m[32mInfrastructure toggle command completed for backup backup-1; waiting for machine state ON[39m
[32m[Nest] 93450  - [39m07/27/2026, 12:15:13 PM [32m    LOG[39m [38;5;3m[ProcessBackupToggleUseCase] [39m[32mMachine state reached ON for backup backup-1[39m
[32m[Nest] 93450  - [39m07/27/2026, 12:15:13 PM [32m    LOG[39m [38;5;3m[ProcessBackupToggleUseCase] [39m[32mRefreshed infrastructure outputs for backup backup-1: host=new-host.example.internal port=1433[39m
[32m[Nest] 93450  - [39m07/27/2026, 12:15:13 PM [32m    LOG[39m [38;5;3m[ProcessBackupToggleUseCase] [39m[32mRetrieved SA password secret for backup backup-1; waiting for database readiness[39m
[33m[Nest] 93450  - [39m07/27/2026, 12:15:13 PM [33m   WARN[39m [38;5;3m[ProcessBackupToggleUseCase] [39m[33mBackup backup-1 status updated to TURN_ON_FAILED after toggle failure[39m
[32m[Nest] 93450  - [39m07/27/2026, 12:15:13 PM [32m    LOG[39m [38;5;3m[ProcessBackupToggleUseCase] [39m[32mBackground toggle task started for backup backup-1 client=client-1 target=OFF[39m
[32m[Nest] 93450  - [39m07/27/2026, 12:15:13 PM [32m    LOG[39m [38;5;3m[ProcessBackupToggleUseCase] [39m[32mProcessing machine toggle for backup backup-1 using ASG asg-1 infraKey=infra-key-1 currentStatus=TURNING_OFF target=OFF[39m
[32m[Nest] 93450  - [39m07/27/2026, 12:15:13 PM [32m    LOG[39m [38;5;3m[ProcessBackupToggleUseCase] [39m[32mInfrastructure toggle command completed for backup backup-1; waiting for machine state OFF[39m
[33m[Nest] 93450  - [39m07/27/2026, 12:15:13 PM [33m   WARN[39m [38;5;3m[ProcessBackupToggleUseCase] [39m[33mBackup backup-1 status updated to TURN_OFF_FAILED after toggle failure[39m
[32m[Nest] 93453  - [39m07/27/2026, 12:15:13 PM [32m    LOG[39m [38;5;3m[StepRunReporterHandler] [39mObject(8) {
  action: [32m'stepRunReporter.handle'[39m,
  planRunId: [32m'r-1'[39m,
  caseRunId: [32m'c-1'[39m,
  stepRunId: [32m's-1'[39m,
  orgId: [32m'00D4x00000000ABC'[39m,
  from: [32m'RUNNING'[39m,
  to: [32m'COMPLETED'[39m,
  eventId: [32m'153f5f19-f1b9-4abb-b152-22c55e6dbb47'[39m
}
[32m[Nest] 93453  - [39m07/27/2026, 12:15:13 PM [32m    LOG[39m [38;5;3m[StepRunReporterHandler] [39mObject(8) {
  action: [32m'stepRunReporter.handle'[39m,
  planRunId: [32m'r-1'[39m,
  caseRunId: [32m'c-1'[39m,
  stepRunId: [32m's-1'[39m,
  orgId: [32m'00D4x00000000ABC'[39m,
  from: [32m'AWAITING_HANDOFF'[39m,
  to: [32m'COMPLETED'[39m,
  eventId: [32m'2718eb26-d2d2-410d-8531-ce9c17b6fe47'[39m
}
[32m[Nest] 93453  - [39m07/27/2026, 12:15:13 PM [32m    LOG[39m [38;5;3m[StepRunReporterHandler] [39mObject(8) {
  action: [32m'stepRunReporter.handle'[39m,
  planRunId: [32m'r-1'[39m,
  caseRunId: [32m'c-1'[39m,
  stepRunId: [32m's-1'[39m,
  orgId: [32m'00D4x00000000ABC'[39m,
  from: [32m'RUNNING'[39m,
  to: [32m'FAILED'[39m,
  eventId: [32m'f522a916-90c2-4f7f-8f06-6f4fd722e9ce'[39m
}
[32m[Nest] 93453  - [39m07/27/2026, 12:15:13 PM [32m    LOG[39m [38;5;3m[StepRunReporterHandler] [39mObject(8) {
  action: [32m'stepRunReporter.handle'[39m,
  planRunId: [32m'r-1'[39m,
  caseRunId: [32m'c-1'[39m,
  stepRunId: [32m's-1'[39m,
  orgId: [32m'00D4x00000000ABC'[39m,
  from: [32m'RUNNING'[39m,
  to: [32m'FAILED'[39m,
  eventId: [32m'987ce67e-8b9a-49eb-a5a2-eadef5b626a6'[39m
}
[32m[Nest] 93453  - [39m07/27/2026, 12:15:13 PM [32m    LOG[39m [38;5;3m[StepRunReporterHandler] [39mObject(8) {
  action: [32m'stepRunReporter.handle'[39m,
  planRunId: [32m'r-1'[39m,
  caseRunId: [32m'c-1'[39m,
  stepRunId: [32m's-1'[39m,
  orgId: [32m'00D4x00000000ABC'[39m,
  from: [32m'RUNNING'[39m,
  to: [32m'FAILED'[39m,
  eventId: [32m'142e1c18-54c3-41e2-9d2c-6b713209420a'[39m
}
[32m[Nest] 93453  - [39m07/27/2026, 12:15:13 PM [32m    LOG[39m [38;5;3m[StepRunReporterHandler] [39mObject(8) {
  action: [32m'stepRunReporter.handle'[39m,
  planRunId: [32m'r-1'[39m,
  caseRunId: [32m'c-1'[39m,
  stepRunId: [32m's-1'[39m,
  orgId: [32m'00D4x00000000ABC'[39m,
  from: [32m'RUNNING'[39m,
  to: [32m'FAILED'[39m,
  eventId: [32m'828c3005-5818-425d-8e2f-83dea689c57d'[39m
}
[32m[Nest] 93453  - [39m07/27/2026, 12:15:13 PM [32m    LOG[39m [38;5;3m[StepRunReporterHandler] [39mObject(8) {
  action: [32m'stepRunReporter.handle'[39m,
  planRunId: [32m'r-1'[39m,
  caseRunId: [32m'c-1'[39m,
  stepRunId: [32m's-1'[39m,
  orgId: [32m'00D4x00000000ABC'[39m,
  from: [32m'RUNNING'[39m,
  to: [32m'FAILED'[39m,
  eventId: [32m'dbf56f1a-b03f-4eab-b7f1-403e5781c0ad'[39m
}
[32m[Nest] 93453  - [39m07/27/2026, 12:15:13 PM [32m    LOG[39m [38;5;3m[StepRunReporterHandler] [39mObject(8) {
  action: [32m'stepRunReporter.handle'[39m,
  planRunId: [32m'r-1'[39m,
  caseRunId: [32m'c-1'[39m,
  stepRunId: [32m's-1'[39m,
  orgId: [32m'00D4x00000000ABC'[39m,
  from: [32m'RUNNING'[39m,
  to: [32m'FAILED'[39m,
  eventId: [32m'25d5c421-a94b-49cf-8062-a3157231f106'[39m
}
[32m[Nest] 93453  - [39m07/27/2026, 12:15:13 PM [32m    LOG[39m [38;5;3m[StepRunReporterHandler] [39mObject(8) {
  action: [32m'stepRunReporter.handle'[39m,
  planRunId: [32m'r-1'[39m,
  caseRunId: [32m'c-1'[39m,
  stepRunId: [32m's-1'[39m,
  orgId: [32m'00D4x00000000ABC'[39m,
  from: [32m'RUNNING'[39m,
  to: [32m'COMPLETED'[39m,
  eventId: [32m'3529f647-1ffb-40b2-a460-014d0ae5bccc'[39m
}
[32m[Nest] 93453  - [39m07/27/2026, 12:15:13 PM [32m    LOG[39m [38;5;3m[StepRunReporterHandler] [39mObject(8) {
  action: [32m'stepRunReporter.handle'[39m,
  planRunId: [32m'r-1'[39m,
  caseRunId: [32m'c-1'[39m,
  stepRunId: [32m's-1'[39m,
  orgId: [32m'00D4x00000000ABC'[39m,
  from: [32m'RUNNING'[39m,
  to: [32m'COMPLETED'[39m,
  eventId: [32m'a0f4c278-fa0c-40f0-8610-4637d8c2fc80'[39m
}
PASS src/csm/portfolio/infrastructure/adapters/aurora-portfolio-analysis.repository.spec.ts
PASS src/implementations/domain/model/tools/package-install-spec.spec.ts
PASS src/clients/infrastructure/persistence/dynamodb/clients.dynamodb.repository.spec.ts
PASS scripts/csm-os/extract-json.spec.ts
PASS src/backups/application/use-cases/destroy-backup-infrastructure.use-case.spec.ts
[32m[Nest] 93455  - [39m07/27/2026, 12:15:13 PM [32m    LOG[39m [38;5;3m[DestroyBackupInfrastructureUseCase] [39m[32mSkipping infrastructure destroy for backup backup-1 because no associated infrastructure was found[39m
[32m[Nest] 93455  - [39m07/27/2026, 12:15:13 PM [32m    LOG[39m [38;5;3m[DestroyBackupInfrastructureUseCase] [39m[32mDestroying infrastructure for backup backup-1 with key infra-key-1[39m
[32m[Nest] 93455  - [39m07/27/2026, 12:15:13 PM [32m    LOG[39m [38;5;3m[DestroyBackupInfrastructureUseCase] [39m[32mDestroying infrastructure for backup backup-1 with key infra-key-1[39m
PASS src/backups/application/use-cases/delete-backup.use-case.spec.ts
PASS src/implementations/infrastructure/entrypoints/lambda/t1-installer.handler.spec.ts
PASS src/csm/workspace/infrastructure/adapters/s3-call-analysis.adapter.spec.ts
PASS src/implementations/infrastructure/step-functions/state-machines.spec.ts
[32m[Nest] 93453  - [39m07/27/2026, 12:15:13 PM [32m    LOG[39m [38;5;3m[T1InstallerHandler] [39mObject(9) {
  action: [32m't1.handle.start'[39m,
  runId: [32m'run-1'[39m,
  caseRunId: [32m'case-run-1'[39m,
  stepRunId: [32m'step-run-1'[39m,
  orgId: [32m'00D4x00000000ABC'[39m,
  attempt: [33m1[39m,
  idempotencyKey: [32m'run-1#case-run-1#step-run-1#1'[39m,
  tool: [32m'T1'[39m,
  packageCount: [33m2[39m
}
[32m[Nest] 93453  - [39m07/27/2026, 12:15:13 PM [32m    LOG[39m [38;5;3m[T1InstallerHandler] [39mObject(5) {
  action: [32m't1.handle.done'[39m,
  runId: [32m'run-1'[39m,
  stepRunId: [32m'step-run-1'[39m,
  success: [33mtrue[39m,
  statuses: [
    [32m'NPSP:installed'[39m,
    [32m'Auctifera Core:already-installed'[39m
  ]
}
[32m[Nest] 93453  - [39m07/27/2026, 12:15:13 PM [32m    LOG[39m [38;5;3m[T1InstallerHandler] [39mObject(9) {
  action: [32m't1.handle.start'[39m,
  runId: [32m'run-1'[39m,
  caseRunId: [32m'case-run-1'[39m,
  stepRunId: [32m'step-run-1'[39m,
  orgId: [32m'00D4x00000000ABC'[39m,
  attempt: [33m1[39m,
  idempotencyKey: [32m'run-1#case-run-1#step-run-1#1'[39m,
  tool: [32m'T1'[39m,
  packageCount: [33m2[39m
}
[32m[Nest] 93453  - [39m07/27/2026, 12:15:13 PM [32m    LOG[39m [38;5;3m[T1InstallerHandler] [39mObject(3) {
  action: [32m't1.handle.idempotentReplay'[39m,
  runId: [32m'run-1'[39m,
  idempotencyKey: [32m'run-1#case-run-1#step-run-1#1'[39m
}
[32m[Nest] 93453  - [39m07/27/2026, 12:15:13 PM [32m    LOG[39m [38;5;3m[T1InstallerHandler] [39mObject(9) {
  action: [32m't1.handle.start'[39m,
  runId: [32m'run-1'[39m,
  caseRunId: [32m'case-run-1'[39m,
  stepRunId: [32m'step-run-1'[39m,
  orgId: [32m'00D4x00000000ABC'[39m,
  attempt: [33m1[39m,
  idempotencyKey: [32m'run-1#case-run-1#step-run-1#1'[39m,
  tool: [32m'T1'[39m,
  packageCount: [33m2[39m
}
[32m[Nest] 93453  - [39m07/27/2026, 12:15:13 PM [32m    LOG[39m [38;5;3m[T1InstallerHandler] [39mObject(5) {
  action: [32m't1.handle.done'[39m,
  runId: [32m'run-1'[39m,
  stepRunId: [32m'step-run-1'[39m,
  success: [33mtrue[39m,
  statuses: [
    [32m'NPSP:installed'[39m,
    [32m'Auctifera Core:already-installed'[39m
  ]
}
[32m[Nest] 93453  - [39m07/27/2026, 12:15:13 PM [32m    LOG[39m [38;5;3m[T1InstallerHandler] [39mObject(9) {
  action: [32m't1.handle.start'[39m,
  runId: [32m'run-1'[39m,
  caseRunId: [32m'case-run-1'[39m,
  stepRunId: [32m'step-run-1'[39m,
  orgId: [32m'00D4x00000000ABC'[39m,
  attempt: [33m1[39m,
  idempotencyKey: [32m'run-1#case-run-1#step-run-1#1'[39m,
  tool: [32m'T1'[39m,
  packageCount: [33m2[39m
}
[32m[Nest] 93453  - [39m07/27/2026, 12:15:13 PM [32m    LOG[39m [38;5;3m[T1InstallerHandler] [39mObject(5) {
  action: [32m't1.handle.done'[39m,
  runId: [32m'run-1'[39m,
  stepRunId: [32m'step-run-1'[39m,
  success: [33mfalse[39m,
  statuses: [
    [32m'NPSP:installed'[39m,
    [32m'Auctifera Core:failed'[39m
  ]
}
[32m[Nest] 93453  - [39m07/27/2026, 12:15:13 PM [32m    LOG[39m [38;5;3m[T1InstallerHandler] [39mObject(9) {
  action: [32m't1.handle.start'[39m,
  runId: [32m'run-1'[39m,
  caseRunId: [32m'case-run-1'[39m,
  stepRunId: [32m'step-run-1'[39m,
  orgId: [32m'00D4x00000000ABC'[39m,
  attempt: [33m1[39m,
  idempotencyKey: [32m'run-1#case-run-1#step-run-1#1'[39m,
  tool: [32m'T1'[39m,
  packageCount: [33m2[39m
}
PASS src/csm/tasks/domain/task-state.spec.ts
PASS src/migration/infrastructure/persistence/dynamodb/migration-objects.dynamodb.repository.spec.ts
PASS src/migration/infrastructure/entrypoints/packages/package-catalog-proxy.spec.ts
PASS src/csm/avoma-analyzer/domain/chunk-transcript.spec.ts
PASS src/shared/auth/audit-actor.mapper.spec.ts
PASS src/implementations/infrastructure/persistence/dynamodb/mappers/implementation-case.mapper.spec.ts
[31m[Nest] 93455  - [39m07/27/2026, 12:15:13 PM [31m  ERROR[39m [38;5;3m[OutboxDispatcherHandler] [39mObject(3) {
  action: [32m'outboxDispatch.recordFailed'[39m,
  sk: [32m'2026-05-22T10:00:00.000Z#evt-1234'[39m,
  error: [32m'SFN unavailable'[39m
}
[31m[Nest] 93455  - [39m07/27/2026, 12:15:13 PM [31m  ERROR[39m [38;5;3m[OutboxDispatcherHandler] [39mObject(3) {
  action: [32m'outboxDispatch.recordFailed'[39m,
  sk: [32m'2026-05-22T10:00:00.000Z#evt-fail'[39m,
  error: [32m'SFN unavailable'[39m
}
[31m[Nest] 93455  - [39m07/27/2026, 12:15:13 PM [31m  ERROR[39m [38;5;3m[OutboxDispatcherHandler] [39mObject(3) {
  action: [32m'outboxDispatch.recordFailed'[39m,
  sk: [32m'not-a-date#evt-1234'[39m,
  error: [32m'Malformed outbox row: invalid occurredAt: "not-a-date"'[39m
}
[31m[Nest] 93455  - [39m07/27/2026, 12:15:13 PM [31m  ERROR[39m [38;5;3m[OutboxDispatcherHandler] [39mObject(3) {
  action: [32m'outboxDispatch.recordFailed'[39m,
  sk: [32m'2026-05-22T10:00:00.000Z#'[39m,
  error: [32m'Malformed outbox row: missing/non-string eventId'[39m
}
PASS src/implementations/infrastructure/entrypoints/streams/outbox-dispatcher.handler.spec.ts
PASS src/csm/tasks/infrastructure/adapters/jsforce-sf-case-creator.spec.ts
PASS src/implementations/infrastructure/persistence/dynamodb/mappers/plan-run.mapper.spec.ts
PASS src/csm/agent-registry/infrastructure/adapters/aurora-agent-registry-audit.recorder.spec.ts
[32m[Nest] 93448  - [39m07/27/2026, 12:15:13 PM [32m    LOG[39m [38;5;3m[JsforceSfCaseCreator] [39m[32mCreated SF Case 500NEW for task task-1 (account 001AAA).[39m
[32m[Nest] 93448  - [39m07/27/2026, 12:15:14 PM [32m    LOG[39m [38;5;3m[JsforceSfCaseCreator] [39m[32mCreated SF Case 500NEW for task task-1 (account 001AAA).[39m
[32m[Nest] 93448  - [39m07/27/2026, 12:15:14 PM [32m    LOG[39m [38;5;3m[JsforceSfCaseCreator] [39m[32mCreated SF Case 500NEW for task task-1 (account 001AAA).[39m
[32m[Nest] 93448  - [39m07/27/2026, 12:15:14 PM [32m    LOG[39m [38;5;3m[JsforceSfCaseCreator] [39m[32mCreated SF Case 500NEW for task task-1 (account 001AAA).[39m
[32m[Nest] 93448  - [39m07/27/2026, 12:15:14 PM [32m    LOG[39m [38;5;3m[JsforceSfCaseCreator] [39m[32mCreated SF Case 500NEW for task task-1 (account 001AAA).[39m
[32m[Nest] 93448  - [39m07/27/2026, 12:15:14 PM [32m    LOG[39m [38;5;3m[JsforceSfCaseCreator] [39m[32mCreated SF Case 500NEW for task task-1 (account 001AAA).[39m
[32m[Nest] 93448  - [39m07/27/2026, 12:15:14 PM [32m    LOG[39m [38;5;3m[JsforceSfCaseCreator] [39m[32mTask task-1 already linked to SF Case 500EXISTING; reusing.[39m
PASS src/csm/shared/salesforce/infrastructure/soql/soql.spec.ts
PASS src/implementations/domain/model/tools/package-install-result.spec.ts
PASS src/backups/application/use-cases/get-multipart-upload-status.use-case.spec.ts
[32m[Nest] 93453  - [39m07/27/2026, 12:15:14 PM [32m    LOG[39m [38;5;3m[GetMultipartUploadStatusUseCase] [39mObject(5) {
  event: [32m'backup.multipart.status.listParts.started'[39m,
  clientId: [32m'client-1'[39m,
  backupId: [32m'backup-1'[39m,
  key: [32m'client-1/backups/tucson.bak'[39m,
  uploadId: [32m'upload-1'[39m
}
[32m[Nest] 93453  - [39m07/27/2026, 12:15:14 PM [32m    LOG[39m [38;5;3m[GetMultipartUploadStatusUseCase] [39mObject(6) {
  event: [32m'backup.multipart.status.listParts.completed'[39m,
  clientId: [32m'client-1'[39m,
  backupId: [32m'backup-1'[39m,
  key: [32m'client-1/backups/tucson.bak'[39m,
  uploadId: [32m'upload-1'[39m,
  uploadedPartCount: [33m1[39m
}
[32m[Nest] 93453  - [39m07/27/2026, 12:15:14 PM [32m    LOG[39m [38;5;3m[GetMultipartUploadStatusUseCase] [39mObject(4) {
  event: [32m'backup.multipart.status.notStored'[39m,
  clientId: [32m'client-1'[39m,
  backupId: [32m'backup-1'[39m,
  key: [32m'client-1/backups/tucson.bak'[39m
}
[32m[Nest] 93453  - [39m07/27/2026, 12:15:14 PM [32m    LOG[39m [38;5;3m[GetMultipartUploadStatusUseCase] [39mObject(5) {
  event: [32m'backup.multipart.status.listParts.started'[39m,
  clientId: [32m'client-1'[39m,
  backupId: [32m'backup-1'[39m,
  key: [32m'client-1/backups/tucson.bak'[39m,
  uploadId: [32m'upload-1'[39m
}
[33m[Nest] 93453  - [39m07/27/2026, 12:15:14 PM [33m   WARN[39m [38;5;3m[GetMultipartUploadStatusUseCase] [39mObject(5) {
  event: [32m'backup.multipart.status.noSuchUpload'[39m,
  clientId: [32m'client-1'[39m,
  backupId: [32m'backup-1'[39m,
  key: [32m'client-1/backups/tucson.bak'[39m,
  uploadId: [32m'upload-1'[39m
}
[32m[Nest] 93453  - [39m07/27/2026, 12:15:14 PM [32m    LOG[39m [38;5;3m[GetMultipartUploadStatusUseCase] [39mObject(5) {
  event: [32m'backup.multipart.status.listParts.started'[39m,
  clientId: [32m'client-1'[39m,
  backupId: [32m'backup-1'[39m,
  key: [32m'client-1/backups/tucson.bak'[39m,
  uploadId: [32m'upload-1'[39m
}
[33m[Nest] 93453  - [39m07/27/2026, 12:15:14 PM [33m   WARN[39m [38;5;3m[GetMultipartUploadStatusUseCase] [39mObject(5) {
  event: [32m'backup.multipart.status.noSuchUpload'[39m,
  clientId: [32m'client-1'[39m,
  backupId: [32m'backup-1'[39m,
  key: [32m'client-1/backups/tucson.bak'[39m,
  uploadId: [32m'upload-1'[39m
}
PASS src/csm/shared/salesforce/infrastructure/retry/with-exponential-backoff.spec.ts
PASS src/implementations/domain/model/catalog/feasibility.spec.ts
PASS src/migration/application/use-cases/update-migration-object-status.use-case.spec.ts
PASS src/csm/workspace/domain/case-status.spec.ts
PASS src/implementations/application/use-cases/transition-step-run.use-case.spec.ts
PASS src/backups/application/use-cases/complete-multipart-upload.use-case.spec.ts
[32m[Nest] 93450  - [39m07/27/2026, 12:15:14 PM [32m    LOG[39m [38;5;3m[IngestAvomaCallUseCase] [39m[32mSkipping meeting-1: internal call (all identified participants are veevart.com)[39m
[32m[Nest] 93453  - [39m07/27/2026, 12:15:14 PM [32m    LOG[39m [38;5;3m[CompleteMultipartUploadUseCase] [39mObject(6) {
  event: [32m'backup.multipart.complete.started'[39m,
  clientId: [32m'client-1'[39m,
  backupId: [32m'backup-1'[39m,
  key: [32m'clients/client-1/backups/backup-1/file.bak'[39m,
  uploadId: [32m'upload-1'[39m,
  partCount: [33m1[39m
}
[32m[Nest] 93453  - [39m07/27/2026, 12:15:14 PM [32m    LOG[39m [38;5;3m[CompleteMultipartUploadUseCase] [39mObject(6) {
  event: [32m'backup.multipart.complete.completed'[39m,
  clientId: [32m'client-1'[39m,
  backupId: [32m'backup-1'[39m,
  key: [32m'clients/client-1/backups/backup-1/file.bak'[39m,
  uploadId: [32m'upload-1'[39m,
  partCount: [33m1[39m
}
[32m[Nest] 93450  - [39m07/27/2026, 12:15:14 PM [32m    LOG[39m [38;5;3m[IngestAvomaCallUseCase] [39m[32mIngested Avoma call meeting-1 -> s3 s3-key-1 (accountId=unmatched, externalDomainCount=1)[39m
PASS src/csm/agent-registry/application/agent-registry.service.spec.ts
PASS src/implementations/application/use-cases/transition-plan-run.use-case.spec.ts
[31m[Nest] 93456  - [39m07/27/2026, 12:15:14 PM [31m  ERROR[39m [38;5;3m[TaskStateService] [39m[31monTaskAccepted (SF Case) failed for task task-1; reverting to Suggested: SF down[39m
[33m[Nest] 93451  - [39m07/27/2026, 12:15:14 PM [33m   WARN[39m [38;5;3m[AgentRegistryService] [39m[33magent_registry audit write failed: audit down[39m
[33m[Nest] 93451  - [39m07/27/2026, 12:15:14 PM [33m   WARN[39m [38;5;3m[AgentRegistryService] [39m[33magent_registry audit write failed: audit down[39m
[33m[Nest] 93451  - [39m07/27/2026, 12:15:14 PM [33m   WARN[39m [38;5;3m[AgentRegistryService] [39m[33magent_registry audit write failed: audit down[39m
PASS src/csm/tasks/application/task-state.service.spec.ts
[31m[Nest] 93456  - [39m07/27/2026, 12:15:14 PM [31m  ERROR[39m [38;5;3m[TaskStateService] [39m[31monTaskAccepted (SF Case) failed for task task-1; reverting to Suggested: ownerId X is not an active assignable user[39m
PASS src/csm/avoma-ingestion/application/use-cases/ingest-avoma-call.use-case.spec.ts
PASS src/csm/health/infrastructure/entrypoints/api/csm-health.controller.spec.ts
PASS src/implementations/infrastructure/adapters/step-functions/sfn-outbox-dispatcher.adapter.spec.ts
[32m[Nest] 93450  - [39m07/27/2026, 12:15:14 PM [32m    LOG[39m [38;5;3m[IngestAvomaCallUseCase] [39m[32mIngested Avoma call meeting-1 -> s3 s3-key-1 (accountId=unmatched, externalDomainCount=0)[39m
[32m[Nest] 93450  - [39m07/27/2026, 12:15:14 PM [32m    LOG[39m [38;5;3m[IngestAvomaCallUseCase] [39m[32mIngested Avoma call meeting-1 -> s3 s3-key-1 (accountId=account-42, externalDomainCount=1)[39m
[32m[Nest] 93450  - [39m07/27/2026, 12:15:14 PM [32m    LOG[39m [38;5;3m[IngestAvomaCallUseCase] [39m[32mIngested Avoma call meeting-1 -> s3 s3-key-1 (accountId=account-99, externalDomainCount=1)[39m
[32m[Nest] 93450  - [39m07/27/2026, 12:15:14 PM [32m    LOG[39m [38;5;3m[IngestAvomaCallUseCase] [39m[32mIngested Avoma call meeting-1 -> s3 s3-key-1 (accountId=unmatched, externalDomainCount=1)[39m
[33m[Nest] 93450  - [39m07/27/2026, 12:15:14 PM [33m   WARN[39m [38;5;3m[IngestAvomaCallUseCase] [39m[33maccount domain matcher failed: DB connection lost[39m
[32m[Nest] 93450  - [39m07/27/2026, 12:15:14 PM [32m    LOG[39m [38;5;3m[IngestAvomaCallUseCase] [39m[32mIngested Avoma call meeting-1 -> s3 s3-key-1 (accountId=unmatched, externalDomainCount=1)[39m
[32m[Nest] 93450  - [39m07/27/2026, 12:15:14 PM [32m    LOG[39m [38;5;3m[IngestAvomaCallUseCase] [39m[32mSkipping meeting-1: package already in S3 (idempotent)[39m
[32m[Nest] 93450  - [39m07/27/2026, 12:15:14 PM [32m    LOG[39m [38;5;3m[IngestAvomaCallUseCase] [39m[32mIngested Avoma call meeting-1 -> s3 s3-key-1 (accountId=unmatched, externalDomainCount=1)[39m
[32m[Nest] 93455  - [39m07/27/2026, 12:15:14 PM [32m    LOG[39m [38;5;3m[SfnOutboxDispatcherAdapter] [39mObject(3) {
  action: [32m'dispatch.executionAlreadyExists'[39m,
  stateMachineArn: [32m'arn:aws:states:us-east-1:123:stateMachine:Run-SM'[39m,
  executionName: [32m'r-1_evt-1'[39m
}
[32m[Nest] 93455  - [39m07/27/2026, 12:15:14 PM [32m    LOG[39m [38;5;3m[SfnOutboxDispatcherAdapter] [39mObject(3) {
  action: [32m'dispatch.auditOnly'[39m,
  kind: [32m'STEP_RUN_TRANSITIONED'[39m,
  eventId: [32m'evt-audit'[39m
}
[32m[Nest] 93455  - [39m07/27/2026, 12:15:14 PM [32m    LOG[39m [38;5;3m[SfnOutboxDispatcherAdapter] [39mObject(3) {
  action: [32m'dispatch.auditOnly'[39m,
  kind: [32m'PLAN_RUN_TRANSITIONED'[39m,
  eventId: [32m'evt-audit'[39m
}
PASS src/shared/auth/current-user.decorator.spec.ts
PASS src/shared/infrastructure/http/t1-installer-http.client.spec.ts
PASS src/clients/infrastructure/persistence/dynamodb/mappers/client.mapper.spec.ts
PASS src/migration/infrastructure/persistence/dynamodb/mappers/migration-object.mapper.spec.ts
PASS src/csm/avoma-ingestion/application/account-domain-matcher.service.spec.ts
PASS src/implementations/domain/model/catalog/plan-template.entity.spec.ts
[33m[Nest] 93448  - [39m07/27/2026, 12:15:14 PM [33m   WARN[39m [38;5;3m[T1InstallerHttpClient] [39m[33mT1 installer API key resolution failed: boom. Cache cleared; next call will retry.[39m
[32m[Nest] 93451  - [39m07/27/2026, 12:15:14 PM [32m    LOG[39m [38;5;3m[AccountDomainMatcherService] [39m[32mNo account matched 2 domain(s) (will keep account_id NULL)[39m
[32m[Nest] 93451  - [39m07/27/2026, 12:15:15 PM [32m    LOG[39m [38;5;3m[AccountDomainMatcherService] [39m[32mMatched one of 1 domain(s) → account account-42[39m
[32m[Nest] 93451  - [39m07/27/2026, 12:15:15 PM [32m    LOG[39m [38;5;3m[AccountDomainMatcherService] [39m[32mNo account matched 1 domain(s) (will keep account_id NULL)[39m
[32m[Nest] 93451  - [39m07/27/2026, 12:15:15 PM [32m    LOG[39m [38;5;3m[AccountDomainMatcherService] [39m[32mNo account matched 2 domain(s) (will keep account_id NULL)[39m
PASS src/implementations/infrastructure/persistence/dynamodb/mappers/connected-org.mapper.spec.ts
PASS src/csm/workspace/domain/case-category.spec.ts
[31m[Nest] 93450  - [39m07/27/2026, 12:15:15 PM [31m  ERROR[39m [38;5;3m[ToggleBackupMachineUseCase] [39m[31mFailed to dispatch async toggle task for backup backup-1; marked status as TURN_ON_FAILED[39m
Error: boom
    at Object.<anonymous> (/private/tmp/claude-501/-Users-veevart-Desktop-testmanager-retooling/aa06aacf-3e57-4316-a5d7-4f226abc7ac8/scratchpad/mab-1090/src/backups/application/use-cases/toggle-backup-machine.use-case.spec.ts:188:13)
    at Promise.then.completed (/private/tmp/claude-501/-Users-veevart-Desktop-testmanager-retooling/aa06aacf-3e57-4316-a5d7-4f226abc7ac8/scratchpad/mab-1090/node_modules/jest-circus/build/utils.js:298:28)
    at new Promise (<anonymous>)
    at callAsyncCircusFn (/private/tmp/claude-501/-Users-veevart-Desktop-testmanager-retooling/aa06aacf-3e57-4316-a5d7-4f226abc7ac8/scratchpad/mab-1090/node_modules/jest-circus/build/utils.js:231:10)
    at _callCircusTest (/private/tmp/claude-501/-Users-veevart-Desktop-testmanager-retooling/aa06aacf-3e57-4316-a5d7-4f226abc7ac8/scratchpad/mab-1090/node_modules/jest-circus/build/run.js:316:40)
    at processTicksAndRejections (node:internal/process/task_queues:104:5)
    at _runTest (/private/tmp/claude-501/-Users-veevart-Desktop-testmanager-retooling/aa06aacf-3e57-4316-a5d7-4f226abc7ac8/scratchpad/mab-1090/node_modules/jest-circus/build/run.js:252:3)
    at _runTestsForDescribeBlock (/private/tmp/claude-501/-Users-veevart-Desktop-testmanager-retooling/aa06aacf-3e57-4316-a5d7-4f226abc7ac8/scratchpad/mab-1090/node_modules/jest-circus/build/run.js:126:9)
    at _runTestsForDescribeBlock (/private/tmp/claude-501/-Users-veevart-Desktop-testmanager-retooling/aa06aacf-3e57-4316-a5d7-4f226abc7ac8/scratchpad/mab-1090/node_modules/jest-circus/build/run.js:121:9)
    at run (/private/tmp/claude-501/-Users-veevart-Desktop-testmanager-retooling/aa06aacf-3e57-4316-a5d7-4f226abc7ac8/scratchpad/mab-1090/node_modules/jest-circus/build/run.js:71:3)
    at runAndTransformResultsToJestFormat (/private/tmp/claude-501/-Users-veevart-Desktop-testmanager-retooling/aa06aacf-3e57-4316-a5d7-4f226abc7ac8/scratchpad/mab-1090/node_modules/jest-circus/build/legacy-code-todo-rewrite/jestAdapterInit.js:122:21)
    at jestAdapter (/private/tmp/claude-501/-Users-veevart-Desktop-testmanager-retooling/aa06aacf-3e57-4316-a5d7-4f226abc7ac8/scratchpad/mab-1090/node_modules/jest-circus/build/legacy-code-todo-rewrite/jestAdapter.js:79:19)
    at runTestInternal (/private/tmp/claude-501/-Users-veevart-Desktop-testmanager-retooling/aa06aacf-3e57-4316-a5d7-4f226abc7ac8/scratchpad/mab-1090/node_modules/jest-runner/build/runTest.js:367:16)
    at runTest (/private/tmp/claude-501/-Users-veevart-Desktop-testmanager-retooling/aa06aacf-3e57-4316-a5d7-4f226abc7ac8/scratchpad/mab-1090/node_modules/jest-runner/build/runTest.js:444:34)
    at Object.worker (/private/tmp/claude-501/-Users-veevart-Desktop-testmanager-retooling/aa06aacf-3e57-4316-a5d7-4f226abc7ac8/scratchpad/mab-1090/node_modules/jest-runner/build/testWorker.js:106:12)
[31m[Nest] 93450  - [39m07/27/2026, 12:15:15 PM [31m  ERROR[39m [38;5;3m[ToggleBackupMachineUseCase] [39m[31mFailed to dispatch async toggle task for backup backup-1; marked status as TURN_OFF_FAILED[39m
Error: boom
    at Object.<anonymous> (/private/tmp/claude-501/-Users-veevart-Desktop-testmanager-retooling/aa06aacf-3e57-4316-a5d7-4f226abc7ac8/scratchpad/mab-1090/src/backups/application/use-cases/toggle-backup-machine.use-case.spec.ts:244:13)
    at Promise.then.completed (/private/tmp/claude-501/-Users-veevart-Desktop-testmanager-retooling/aa06aacf-3e57-4316-a5d7-4f226abc7ac8/scratchpad/mab-1090/node_modules/jest-circus/build/utils.js:298:28)
    at new Promise (<anonymous>)
    at callAsyncCircusFn (/private/tmp/claude-501/-Users-veevart-Desktop-testmanager-retooling/aa06aacf-3e57-4316-a5d7-4f226abc7ac8/scratchpad/mab-1090/node_modules/jest-circus/build/utils.js:231:10)
    at _callCircusTest (/private/tmp/claude-501/-Users-veevart-Desktop-testmanager-retooling/aa06aacf-3e57-4316-a5d7-4f226abc7ac8/scratchpad/mab-1090/node_modules/jest-circus/build/run.js:316:40)
    at processTicksAndRejections (node:internal/process/task_queues:104:5)
    at _runTest (/private/tmp/claude-501/-Users-veevart-Desktop-testmanager-retooling/aa06aacf-3e57-4316-a5d7-4f226abc7ac8/scratchpad/mab-1090/node_modules/jest-circus/build/run.js:252:3)
    at _runTestsForDescribeBlock (/private/tmp/claude-501/-Users-veevart-Desktop-testmanager-retooling/aa06aacf-3e57-4316-a5d7-4f226abc7ac8/scratchpad/mab-1090/node_modules/jest-circus/build/run.js:126:9)
    at _runTestsForDescribeBlock (/private/tmp/claude-501/-Users-veevart-Desktop-testmanager-retooling/aa06aacf-3e57-4316-a5d7-4f226abc7ac8/scratchpad/mab-1090/node_modules/jest-circus/build/run.js:121:9)
    at run (/private/tmp/claude-501/-Users-veevart-Desktop-testmanager-retooling/aa06aacf-3e57-4316-a5d7-4f226abc7ac8/scratchpad/mab-1090/node_modules/jest-circus/build/run.js:71:3)
    at runAndTransformResultsToJestFormat (/private/tmp/claude-501/-Users-veevart-Desktop-testmanager-retooling/aa06aacf-3e57-4316-a5d7-4f226abc7ac8/scratchpad/mab-1090/node_modules/jest-circus/build/legacy-code-todo-rewrite/jestAdapterInit.js:122:21)
    at jestAdapter (/private/tmp/claude-501/-Users-veevart-Desktop-testmanager-retooling/aa06aacf-3e57-4316-a5d7-4f226abc7ac8/scratchpad/mab-1090/node_modules/jest-circus/build/legacy-code-todo-rewrite/jestAdapter.js:79:19)
    at runTestInternal (/private/tmp/claude-501/-Users-veevart-Desktop-testmanager-retooling/aa06aacf-3e57-4316-a5d7-4f226abc7ac8/scratchpad/mab-1090/node_modules/jest-runner/build/runTest.js:367:16)
    at runTest (/private/tmp/claude-501/-Users-veevart-Desktop-testmanager-retooling/aa06aacf-3e57-4316-a5d7-4f226abc7ac8/scratchpad/mab-1090/node_modules/jest-runner/build/runTest.js:444:34)
    at Object.worker (/private/tmp/claude-501/-Users-veevart-Desktop-testmanager-retooling/aa06aacf-3e57-4316-a5d7-4f226abc7ac8/scratchpad/mab-1090/node_modules/jest-runner/build/testWorker.js:106:12)
PASS src/backups/application/use-cases/toggle-backup-machine.use-case.spec.ts
[32m[Nest] 93450  - [39m07/27/2026, 12:15:15 PM [32m    LOG[39m [38;5;3m[ToggleBackupMachineUseCase] [39m[32mReceived toggle request for backup backup-1 client=client-1 target=ON[39m
[32m[Nest] 93450  - [39m07/27/2026, 12:15:15 PM [32m    LOG[39m [38;5;3m[ToggleBackupMachineUseCase] [39m[32mReceived toggle request for backup backup-1 client=client-1 target=ON[39m
[32m[Nest] 93450  - [39m07/27/2026, 12:15:15 PM [32m    LOG[39m [38;5;3m[ToggleBackupMachineUseCase] [39m[32mScheduling machine toggle for backup backup-1 from OFF to TURNING_ON[39m
[32m[Nest] 93450  - [39m07/27/2026, 12:15:15 PM [32m    LOG[39m [38;5;3m[ToggleBackupMachineUseCase] [39m[32mBackup backup-1 status updated to TURNING_ON; dispatching async toggle task[39m
[32m[Nest] 93450  - [39m07/27/2026, 12:15:15 PM [32m    LOG[39m [38;5;3m[ToggleBackupMachineUseCase] [39m[32mAsync toggle task dispatched for backup backup-1 target=ON[39m
[32m[Nest] 93450  - [39m07/27/2026, 12:15:15 PM [32m    LOG[39m [38;5;3m[ToggleBackupMachineUseCase] [39m[32mReceived toggle request for backup backup-1 client=client-1 target=OFF[39m
[32m[Nest] 93450  - [39m07/27/2026, 12:15:15 PM [32m    LOG[39m [38;5;3m[ToggleBackupMachineUseCase] [39m[32mScheduling machine toggle for backup backup-1 from ON to TURNING_OFF[39m
[32m[Nest] 93450  - [39m07/27/2026, 12:15:15 PM [32m    LOG[39m [38;5;3m[ToggleBackupMachineUseCase] [39m[32mBackup backup-1 status updated to TURNING_OFF; dispatching async toggle task[39m
[32m[Nest] 93450  - [39m07/27/2026, 12:15:15 PM [32m    LOG[39m [38;5;3m[ToggleBackupMachineUseCase] [39m[32mAsync toggle task dispatched for backup backup-1 target=OFF[39m
[32m[Nest] 93450  - [39m07/27/2026, 12:15:15 PM [32m    LOG[39m [38;5;3m[ToggleBackupMachineUseCase] [39m[32mReceived toggle request for backup backup-1 client=client-1 target=ON[39m
[33m[Nest] 93450  - [39m07/27/2026, 12:15:15 PM [33m   WARN[39m [38;5;3m[ToggleBackupMachineUseCase] [39m[33mRejecting toggle request for backup backup-1 because it is already in transitional status TURNING_ON[39m
[32m[Nest] 93450  - [39m07/27/2026, 12:15:15 PM [32m    LOG[39m [38;5;3m[ToggleBackupMachineUseCase] [39m[32mReceived toggle request for backup backup-1 client=client-1 target=ON[39m
[32m[Nest] 93450  - [39m07/27/2026, 12:15:15 PM [32m    LOG[39m [38;5;3m[ToggleBackupMachineUseCase] [39m[32mScheduling machine toggle for backup backup-1 from OFF to TURNING_ON[39m
[32m[Nest] 93450  - [39m07/27/2026, 12:15:15 PM [32m    LOG[39m [38;5;3m[ToggleBackupMachineUseCase] [39m[32mBackup backup-1 status updated to TURNING_ON; dispatching async toggle task[39m
[32m[Nest] 93450  - [39m07/27/2026, 12:15:15 PM [32m    LOG[39m [38;5;3m[ToggleBackupMachineUseCase] [39m[32mReceived toggle request for backup backup-1 client=client-1 target=OFF[39m
[32m[Nest] 93450  - [39m07/27/2026, 12:15:15 PM [32m    LOG[39m [38;5;3m[ToggleBackupMachineUseCase] [39m[32mScheduling machine toggle for backup backup-1 from ON to TURNING_OFF[39m
[32m[Nest] 93450  - [39m07/27/2026, 12:15:15 PM [32m    LOG[39m [38;5;3m[ToggleBackupMachineUseCase] [39m[32mBackup backup-1 status updated to TURNING_OFF; dispatching async toggle task[39m
[32m[Nest] 93450  - [39m07/27/2026, 12:15:15 PM [32m    LOG[39m [38;5;3m[ToggleBackupMachineUseCase] [39m[32mReceived toggle request for backup backup-1 client=client-1 target=OFF[39m
[33m[Nest] 93450  - [39m07/27/2026, 12:15:15 PM [33m   WARN[39m [38;5;3m[ToggleBackupMachineUseCase] [39m[33mBackup backup-1 stored status OFF differs from runtime status ON; synchronizing before toggle[39m
[32m[Nest] 93450  - [39m07/27/2026, 12:15:15 PM [32m    LOG[39m [38;5;3m[ToggleBackupMachineUseCase] [39m[32mScheduling machine toggle for backup backup-1 from ON to TURNING_OFF[39m
[32m[Nest] 93450  - [39m07/27/2026, 12:15:15 PM [32m    LOG[39m [38;5;3m[ToggleBackupMachineUseCase] [39m[32mBackup backup-1 status updated to TURNING_OFF; dispatching async toggle task[39m
[32m[Nest] 93450  - [39m07/27/2026, 12:15:15 PM [32m    LOG[39m [38;5;3m[ToggleBackupMachineUseCase] [39m[32mAsync toggle task dispatched for backup backup-1 target=OFF[39m
[32m[Nest] 93452  - [39m07/27/2026, 12:15:15 PM [32m    LOG[39m [38;5;3m[UpdateMigrationObjectFilesUseCase] [39mObject(8) {
  event: [32m'migration.object-files.update.started'[39m,
  clientId: [32m'client-1'[39m,
  migrationRunId: [32m'run-1'[39m,
  callbackObjectName: [32m'contacts'[39m,
  fileCount: [33m1[39m,
  totalSize: [33m0[39m,
  sampleFiles: [
    {
      id: [32m'f1'[39m,
      part: [32m'1'[39m,
      name: [32m'a.csv'[39m,
      status: [32m'COMPLETED'[39m,
      size: [90mundefined[39m,
      contentType: [90mundefined[39m,
      hasLocation: [33mtrue[39m,
      hasEtag: [33mfalse[39m
    }
  ],
  omittedFileCount: [33m0[39m
}
[33m[Nest] 93452  - [39m07/27/2026, 12:15:15 PM [33m   WARN[39m [38;5;3m[UpdateMigrationObjectFilesUseCase] [39mObject(6) {
  event: [32m'migration.object-files.resolve.no-match'[39m,
  migrationRunId: [32m'run-1'[39m,
  callbackObjectName: [32m'contacts'[39m,
  availableObjectCount: [33m0[39m,
  sampleAvailableObjects: [],
  omittedObjectCount: [33m0[39m
}
[32m[Nest] 93452  - [39m07/27/2026, 12:15:15 PM [32m    LOG[39m [38;5;3m[UpdateMigrationObjectFilesUseCase] [39mObject(6) {
  event: [32m'migration.object-files.update.completed'[39m,
  clientId: [32m'client-1'[39m,
  migrationRunId: [32m'run-1'[39m,
  callbackObjectName: [32m'contacts'[39m,
  resolvedObjectName: [32m'contacts'[39m,
  fileCount: [33m1[39m
}
PASS src/backups/application/use-cases/get-backup.use-case.spec.ts
PASS src/migration/application/use-cases/update-migration-object-files.use-case.spec.ts
[32m[Nest] 93452  - [39m07/27/2026, 12:15:15 PM [32m    LOG[39m [38;5;3m[UpdateMigrationObjectFilesUseCase] [39mObject(8) {
  event: [32m'migration.object-files.update.started'[39m,
  clientId: [32m'other-client'[39m,
  migrationRunId: [32m'run-1'[39m,
  callbackObjectName: [32m'contacts'[39m,
  fileCount: [33m0[39m,
  totalSize: [33m0[39m,
  sampleFiles: [],
  omittedFileCount: [33m0[39m
}
[33m[Nest] 93452  - [39m07/27/2026, 12:15:15 PM [33m   WARN[39m [38;5;3m[UpdateMigrationObjectFilesUseCase] [39mObject(5) {
  event: [32m'migration.object-files.update.run-not-found'[39m,
  clientId: [32m'other-client'[39m,
  migrationRunId: [32m'run-1'[39m,
  callbackObjectName: [32m'contacts'[39m,
  fileCount: [33m0[39m
}
PASS src/csm/shared/bedrock/domain/model-pricing.spec.ts
PASS src/backups/infrastructure/persistence/terraform/terraform-infrastructure.adapter.spec.ts
[32m[Nest] 93448  - [39m07/27/2026, 12:15:15 PM [32m    LOG[39m [38;5;3m[TerraformInfrastructureAdapter] [39m[32mDestroying infrastructure for key: client-1-backup-1[39m
[32m[Nest] 93448  - [39m07/27/2026, 12:15:15 PM [32m    LOG[39m [38;5;3m[TerraformInfrastructureAdapter] [39m[32mTerraform destroy stdout: destroyed[39m
[32m[Nest] 93448  - [39m07/27/2026, 12:15:15 PM [32m    LOG[39m [38;5;3m[TerraformInfrastructureAdapter] [39m[32mExecuting terraform create[39m
[32m[Nest] 93448  - [39m07/27/2026, 12:15:15 PM [32m    LOG[39m [38;5;3m[TerraformInfrastructureAdapter] [39m[32mTerraform stdout: created[39m
[32m[Nest] 93448  - [39m07/27/2026, 12:15:15 PM [32m    LOG[39m [38;5;3m[TerraformInfrastructureAdapter] [39m[32mFetching terraform outputs for infrastructure key client-1-backup-1[39m
[32m[Nest] 93448  - [39m07/27/2026, 12:15:15 PM [32m    LOG[39m [38;5;3m[TerraformInfrastructureAdapter] [39m[32mWaiting for database readiness at db.example.internal:1433 database=client-db-1[39m
[32m[Nest] 93448  - [39m07/27/2026, 12:15:15 PM [32m    LOG[39m [38;5;3m[TerraformInfrastructureAdapter] [39m[32mDatabase became reachable at db.example.internal:1433 database=client-db-1 on attempt 1/30[39m
[32m[Nest] 93448  - [39m07/27/2026, 12:15:15 PM [32m    LOG[39m [38;5;3m[TerraformInfrastructureAdapter] [39m[32mWaiting for database readiness at db.example.internal:1433 database=client-db-1[39m
[33m[Nest] 93448  - [39m07/27/2026, 12:15:15 PM [33m   WARN[39m [38;5;3m[TerraformInfrastructureAdapter] [39m[33mDatabase not ready at db.example.internal:1433 database=client-db-1 on attempt 1/30: Database client-db-1 is not ONLINE yet (state=RESTORING)[39m
[33m[Nest] 93448  - [39m07/27/2026, 12:15:15 PM [33m   WARN[39m [38;5;3m[TerraformInfrastructureAdapter] [39m[33mDatabase not ready at db.example.internal:1433 database=client-db-1 on attempt 2/30: Database client-db-1 is not ONLINE yet (state=RESTORING)[39m
[33m[Nest] 93448  - [39m07/27/2026, 12:15:15 PM [33m   WARN[39m [38;5;3m[TerraformInfrastructureAdapter] [39m[33mDatabase not ready at db.example.internal:1433 database=client-db-1 on attempt 3/30: Database client-db-1 is not ONLINE yet (state=RESTORING)[39m
[33m[Nest] 93448  - [39m07/27/2026, 12:15:15 PM [33m   WARN[39m [38;5;3m[TerraformInfrastructureAdapter] [39m[33mDatabase not ready at db.example.internal:1433 database=client-db-1 on attempt 4/30: Database client-db-1 is not ONLINE yet (state=RESTORING)[39m
[33m[Nest] 93448  - [39m07/27/2026, 12:15:15 PM [33m   WARN[39m [38;5;3m[TerraformInfrastructureAdapter] [39m[33mDatabase not ready at db.example.internal:1433 database=client-db-1 on attempt 5/30: Database client-db-1 is not ONLINE yet (state=RESTORING)[39m
[33m[Nest] 93448  - [39m07/27/2026, 12:15:15 PM [33m   WARN[39m [38;5;3m[TerraformInfrastructureAdapter] [39m[33mDatabase not ready at db.example.internal:1433 database=client-db-1 on attempt 6/30: Database client-db-1 is not ONLINE yet (state=RESTORING)[39m
[33m[Nest] 93448  - [39m07/27/2026, 12:15:15 PM [33m   WARN[39m [38;5;3m[TerraformInfrastructureAdapter] [39m[33mDatabase not ready at db.example.internal:1433 database=client-db-1 on attempt 7/30: Database client-db-1 is not ONLINE yet (state=RESTORING)[39m
[33m[Nest] 93448  - [39m07/27/2026, 12:15:15 PM [33m   WARN[39m [38;5;3m[TerraformInfrastructureAdapter] [39m[33mDatabase not ready at db.example.internal:1433 database=client-db-1 on attempt 8/30: Database client-db-1 is not ONLINE yet (state=RESTORING)[39m
[33m[Nest] 93448  - [39m07/27/2026, 12:15:15 PM [33m   WARN[39m [38;5;3m[TerraformInfrastructureAdapter] [39m[33mDatabase not ready at db.example.internal:1433 database=client-db-1 on attempt 9/30: Database client-db-1 is not ONLINE yet (state=RESTORING)[39m
[33m[Nest] 93448  - [39m07/27/2026, 12:15:15 PM [33m   WARN[39m [38;5;3m[TerraformInfrastructureAdapter] [39m[33mDatabase not ready at db.example.internal:1433 database=client-db-1 on attempt 10/30: Database client-db-1 is not ONLINE yet (state=RESTORING)[39m
[33m[Nest] 93448  - [39m07/27/2026, 12:15:15 PM [33m   WARN[39m [38;5;3m[TerraformInfrastructureAdapter] [39m[33mDatabase not ready at db.example.internal:1433 database=client-db-1 on attempt 11/30: Database client-db-1 is not ONLINE yet (state=RESTORING)[39m
[33m[Nest] 93448  - [39m07/27/2026, 12:15:15 PM [33m   WARN[39m [38;5;3m[TerraformInfrastructureAdapter] [39m[33mDatabase not ready at db.example.internal:1433 database=client-db-1 on attempt 12/30: Database client-db-1 is not ONLINE yet (state=RESTORING)[39m
[33m[Nest] 93448  - [39m07/27/2026, 12:15:15 PM [33m   WARN[39m [38;5;3m[TerraformInfrastructureAdapter] [39m[33mDatabase not ready at db.example.internal:1433 database=client-db-1 on attempt 13/30: Database client-db-1 is not ONLINE yet (state=RESTORING)[39m
[33m[Nest] 93448  - [39m07/27/2026, 12:15:15 PM [33m   WARN[39m [38;5;3m[TerraformInfrastructureAdapter] [39m[33mDatabase not ready at db.example.internal:1433 database=client-db-1 on attempt 14/30: Database client-db-1 is not ONLINE yet (state=RESTORING)[39m
[33m[Nest] 93448  - [39m07/27/2026, 12:15:15 PM [33m   WARN[39m [38;5;3m[TerraformInfrastructureAdapter] [39m[33mDatabase not ready at db.example.internal:1433 database=client-db-1 on attempt 15/30: Database client-db-1 is not ONLINE yet (state=RESTORING)[39m
[33m[Nest] 93448  - [39m07/27/2026, 12:15:15 PM [33m   WARN[39m [38;5;3m[TerraformInfrastructureAdapter] [39m[33mDatabase not ready at db.example.internal:1433 database=client-db-1 on attempt 16/30: Database client-db-1 is not ONLINE yet (state=RESTORING)[39m
[33m[Nest] 93448  - [39m07/27/2026, 12:15:15 PM [33m   WARN[39m [38;5;3m[TerraformInfrastructureAdapter] [39m[33mDatabase not ready at db.example.internal:1433 database=client-db-1 on attempt 17/30: Database client-db-1 is not ONLINE yet (state=RESTORING)[39m
[33m[Nest] 93448  - [39m07/27/2026, 12:15:15 PM [33m   WARN[39m [38;5;3m[TerraformInfrastructureAdapter] [39m[33mDatabase not ready at db.example.internal:1433 database=client-db-1 on attempt 18/30: Database client-db-1 is not ONLINE yet (state=RESTORING)[39m
[33m[Nest] 93448  - [39m07/27/2026, 12:15:15 PM [33m   WARN[39m [38;5;3m[TerraformInfrastructureAdapter] [39m[33mDatabase not ready at db.example.internal:1433 database=client-db-1 on attempt 19/30: Database client-db-1 is not ONLINE yet (state=RESTORING)[39m
[33m[Nest] 93448  - [39m07/27/2026, 12:15:15 PM [33m   WARN[39m [38;5;3m[TerraformInfrastructureAdapter] [39m[33mDatabase not ready at db.example.internal:1433 database=client-db-1 on attempt 20/30: Database client-db-1 is not ONLINE yet (state=RESTORING)[39m
[33m[Nest] 93448  - [39m07/27/2026, 12:15:15 PM [33m   WARN[39m [38;5;3m[TerraformInfrastructureAdapter] [39m[33mDatabase not ready at db.example.internal:1433 database=client-db-1 on attempt 21/30: Database client-db-1 is not ONLINE yet (state=RESTORING)[39m
[33m[Nest] 93448  - [39m07/27/2026, 12:15:15 PM [33m   WARN[39m [38;5;3m[TerraformInfrastructureAdapter] [39m[33mDatabase not ready at db.example.internal:1433 database=client-db-1 on attempt 22/30: Database client-db-1 is not ONLINE yet (state=RESTORING)[39m
[33m[Nest] 93448  - [39m07/27/2026, 12:15:15 PM [33m   WARN[39m [38;5;3m[TerraformInfrastructureAdapter] [39m[33mDatabase not ready at db.example.internal:1433 database=client-db-1 on attempt 23/30: Database client-db-1 is not ONLINE yet (state=RESTORING)[39m
[33m[Nest] 93448  - [39m07/27/2026, 12:15:15 PM [33m   WARN[39m [38;5;3m[TerraformInfrastructureAdapter] [39m[33mDatabase not ready at db.example.internal:1433 database=client-db-1 on attempt 24/30: Database client-db-1 is not ONLINE yet (state=RESTORING)[39m
[33m[Nest] 93448  - [39m07/27/2026, 12:15:15 PM [33m   WARN[39m [38;5;3m[TerraformInfrastructureAdapter] [39m[33mDatabase not ready at db.example.internal:1433 database=client-db-1 on attempt 25/30: Database client-db-1 is not ONLINE yet (state=RESTORING)[39m
[33m[Nest] 93448  - [39m07/27/2026, 12:15:15 PM [33m   WARN[39m [38;5;3m[TerraformInfrastructureAdapter] [39m[33mDatabase not ready at db.example.internal:1433 database=client-db-1 on attempt 26/30: Database client-db-1 is not ONLINE yet (state=RESTORING)[39m
[33m[Nest] 93448  - [39m07/27/2026, 12:15:15 PM [33m   WARN[39m [38;5;3m[TerraformInfrastructureAdapter] [39m[33mDatabase not ready at db.example.internal:1433 database=client-db-1 on attempt 27/30: Database client-db-1 is not ONLINE yet (state=RESTORING)[39m
[33m[Nest] 93448  - [39m07/27/2026, 12:15:15 PM [33m   WARN[39m [38;5;3m[TerraformInfrastructureAdapter] [39m[33mDatabase not ready at db.example.internal:1433 database=client-db-1 on attempt 28/30: Database client-db-1 is not ONLINE yet (state=RESTORING)[39m
[33m[Nest] 93448  - [39m07/27/2026, 12:15:15 PM [33m   WARN[39m [38;5;3m[TerraformInfrastructureAdapter] [39m[33mDatabase not ready at db.example.internal:1433 database=client-db-1 on attempt 29/30: Database client-db-1 is not ONLINE yet (state=RESTORING)[39m
[33m[Nest] 93448  - [39m07/27/2026, 12:15:15 PM [33m   WARN[39m [38;5;3m[TerraformInfrastructureAdapter] [39m[33mDatabase not ready at db.example.internal:1433 database=client-db-1 on attempt 30/30: Database client-db-1 is not ONLINE yet (state=RESTORING)[39m
[32m[Nest] 93448  - [39m07/27/2026, 12:15:15 PM [32m    LOG[39m [38;5;3m[TerraformInfrastructureAdapter] [39m[32mToggling machine OFF for ASG: asg-1[39m
[32m[Nest] 93448  - [39m07/27/2026, 12:15:15 PM [32m    LOG[39m [38;5;3m[TerraformInfrastructureAdapter] [39m[32mToggling machine ON for ASG: asg-1[39m
[31m[Nest] 93449  - [39m07/27/2026, 12:15:15 PM [31m  ERROR[39m [38;5;3m[CreateBackupInfrastructureUseCase] [39m[31mFailed to create infrastructure for backup backup-1[39m
[31m[Nest] 93449  - [39m07/27/2026, 12:15:15 PM [31m  ERROR[39m [38;5;3m[CreateBackupInfrastructureUseCase] [39mError: database not ready
    at Object.<anonymous> [90m(/private/tmp/claude-501/-Users-veevart-Desktop-testmanager-retooling/aa06aacf-3e57-4316-a5d7-4f226abc7ac8/scratchpad/mab-1090/[39msrc/backups/application/use-cases/create-backup-infrastructure.use-case.spec.ts:185:48[90m)[39m
    at Promise.then.completed [90m(/private/tmp/claude-501/-Users-veevart-Desktop-testmanager-retooling/aa06aacf-3e57-4316-a5d7-4f226abc7ac8/scratchpad/mab-1090/[39mnode_modules/[4mjest-circus[24m/build/utils.js:298:28[90m)[39m
    at new Promise (<anonymous>)
    at callAsyncCircusFn [90m(/private/tmp/claude-501/-Users-veevart-Desktop-testmanager-retooling/aa06aacf-3e57-4316-a5d7-4f226abc7ac8/scratchpad/mab-1090/[39mnode_modules/[4mjest-circus[24m/build/utils.js:231:10[90m)[39m
    at _callCircusTest [90m(/private/tmp/claude-501/-Users-veevart-Desktop-testmanager-retooling/aa06aacf-3e57-4316-a5d7-4f226abc7ac8/scratchpad/mab-1090/[39mnode_modules/[4mjest-circus[24m/build/run.js:316:40[90m)[39m
[90m    at processTicksAndRejections (node:internal/process/task_queues:104:5)[39m
    at _runTest [90m(/private/tmp/claude-501/-Users-veevart-Desktop-testmanager-retooling/aa06aacf-3e57-4316-a5d7-4f226abc7ac8/scratchpad/mab-1090/[39mnode_modules/[4mjest-circus[24m/build/run.js:252:3[90m)[39m
    at _runTestsForDescribeBlock [90m(/private/tmp/claude-501/-Users-veevart-Desktop-testmanager-retooling/aa06aacf-3e57-4316-a5d7-4f226abc7ac8/scratchpad/mab-1090/[39mnode_modules/[4mjest-circus[24m/build/run.js:126:9[90m)[39m
    at _runTestsForDescribeBlock [90m(/private/tmp/claude-501/-Users-veevart-Desktop-testmanager-retooling/aa06aacf-3e57-4316-a5d7-4f226abc7ac8/scratchpad/mab-1090/[39mnode_modules/[4mjest-circus[24m/build/run.js:121:9[90m)[39m
    at run [90m(/private/tmp/claude-501/-Users-veevart-Desktop-testmanager-retooling/aa06aacf-3e57-4316-a5d7-4f226abc7ac8/scratchpad/mab-1090/[39mnode_modules/[4mjest-circus[24m/build/run.js:71:3[90m)[39m
    at runAndTransformResultsToJestFormat [90m(/private/tmp/claude-501/-Users-veevart-Desktop-testmanager-retooling/aa06aacf-3e57-4316-a5d7-4f226abc7ac8/scratchpad/mab-1090/[39mnode_modules/[4mjest-circus[24m/build/legacy-code-todo-rewrite/jestAdapterInit.js:122:21[90m)[39m
    at jestAdapter [90m(/private/tmp/claude-501/-Users-veevart-Desktop-testmanager-retooling/aa06aacf-3e57-4316-a5d7-4f226abc7ac8/scratchpad/mab-1090/[39mnode_modules/[4mjest-circus[24m/build/legacy-code-todo-rewrite/jestAdapter.js:79:19[90m)[39m
    at runTestInternal [90m(/private/tmp/claude-501/-Users-veevart-Desktop-testmanager-retooling/aa06aacf-3e57-4316-a5d7-4f226abc7ac8/scratchpad/mab-1090/[39mnode_modules/[4mjest-runner[24m/build/runTest.js:367:16[90m)[39m
    at runTest [90m(/private/tmp/claude-501/-Users-veevart-Desktop-testmanager-retooling/aa06aacf-3e57-4316-a5d7-4f226abc7ac8/scratchpad/mab-1090/[39mnode_modules/[4mjest-runner[24m/build/runTest.js:444:34[90m)[39m
    at Object.worker [90m(/private/tmp/claude-501/-Users-veevart-Desktop-testmanager-retooling/aa06aacf-3e57-4316-a5d7-4f226abc7ac8/scratchpad/mab-1090/[39mnode_modules/[4mjest-runner[24m/build/testWorker.js:106:12[90m)[39m
PASS src/backups/application/use-cases/create-backup-infrastructure.use-case.spec.ts
[32m[Nest] 93449  - [39m07/27/2026, 12:15:15 PM [32m    LOG[39m [38;5;3m[CreateBackupInfrastructureUseCase] [39m[32mCreating infrastructure for client client-db-1, backup backup-1[39m
[32m[Nest] 93449  - [39m07/27/2026, 12:15:15 PM [32m    LOG[39m [38;5;3m[CreateBackupInfrastructureUseCase] [39m[32mUsing 100GB data volume for backup backup-1[39m
[32m[Nest] 93449  - [39m07/27/2026, 12:15:15 PM [32m    LOG[39m [38;5;3m[CreateBackupInfrastructureUseCase] [39m[32mInfrastructure created and database became ready for backup backup-1[39m
[32m[Nest] 93449  - [39m07/27/2026, 12:15:15 PM [32m    LOG[39m [38;5;3m[CreateBackupInfrastructureUseCase] [39m[32mCreating infrastructure for client client-db-1, backup backup-1[39m
[32m[Nest] 93449  - [39m07/27/2026, 12:15:15 PM [32m    LOG[39m [38;5;3m[CreateBackupInfrastructureUseCase] [39m[32mUsing 100GB data volume for backup backup-1[39m
[32m[Nest] 93449  - [39m07/27/2026, 12:15:15 PM [32m    LOG[39m [38;5;3m[CreateBackupInfrastructureUseCase] [39m[32mInfrastructure created and database became ready for backup backup-1[39m
[32m[Nest] 93449  - [39m07/27/2026, 12:15:15 PM [32m    LOG[39m [38;5;3m[CreateBackupInfrastructureUseCase] [39m[32mCreating infrastructure for client client-db-1, backup backup-1[39m
[32m[Nest] 93449  - [39m07/27/2026, 12:15:15 PM [32m    LOG[39m [38;5;3m[CreateBackupInfrastructureUseCase] [39m[32mUsing 60GB data volume for backup backup-1[39m
[32m[Nest] 93449  - [39m07/27/2026, 12:15:15 PM [32m    LOG[39m [38;5;3m[CreateBackupInfrastructureUseCase] [39m[32mInfrastructure created and database became ready for backup backup-1[39m
[32m[Nest] 93449  - [39m07/27/2026, 12:15:15 PM [32m    LOG[39m [38;5;3m[CreateBackupInfrastructureUseCase] [39m[32mCreating infrastructure for client client-db-1, backup backup-1[39m
[32m[Nest] 93449  - [39m07/27/2026, 12:15:15 PM [32m    LOG[39m [38;5;3m[CreateBackupInfrastructureUseCase] [39m[32mUsing 100GB data volume for backup backup-1[39m
[32m[Nest] 93449  - [39m07/27/2026, 12:15:15 PM [32m    LOG[39m [38;5;3m[CreateBackupInfrastructureUseCase] [39m[32mInfrastructure created and database became ready for backup backup-1[39m
[33m[Nest] 93451  - [39m07/27/2026, 12:15:15 PM [33m   WARN[39m [38;5;3m[AuthBrokerHttpClient] [39m[33mAuthBroker API key resolution failed: boom. Cache cleared; next call will retry.[39m
[32m[Nest] 93449  - [39m07/27/2026, 12:15:15 PM [32m    LOG[39m [38;5;3m[CreateBackupInfrastructureUseCase] [39m[32mCreating infrastructure for client client-db-1, backup backup-1[39m
[32m[Nest] 93449  - [39m07/27/2026, 12:15:15 PM [32m    LOG[39m [38;5;3m[CreateBackupInfrastructureUseCase] [39m[32mUsing 130GB data volume for backup backup-1[39m
[32m[Nest] 93449  - [39m07/27/2026, 12:15:15 PM [32m    LOG[39m [38;5;3m[CreateBackupInfrastructureUseCase] [39m[32mInfrastructure created and database became ready for backup backup-1[39m
[32m[Nest] 93449  - [39m07/27/2026, 12:15:15 PM [32m    LOG[39m [38;5;3m[CreateBackupInfrastructureUseCase] [39m[32mCreating infrastructure for client client-db-1, backup backup-1[39m
[32m[Nest] 93449  - [39m07/27/2026, 12:15:15 PM [32m    LOG[39m [38;5;3m[CreateBackupInfrastructureUseCase] [39m[32mUsing 100GB data volume for backup backup-1[39m
PASS src/shared/infrastructure/http/auth-broker-http.client.spec.ts
PASS src/migration/application/use-cases/list-migration-files.use-case.spec.ts
PASS src/migration/application/use-cases/create-migration-run.use-case.spec.ts
PASS src/implementations/infrastructure/persistence/dynamodb/mappers/implementation-case-run.mapper.spec.ts
PASS src/implementations/infrastructure/persistence/dynamodb/mappers/case-step.mapper.spec.ts
PASS src/migration/infrastructure/persistence/dynamodb/mappers/migration-run.mapper.spec.ts
PASS src/csm/avoma-ingestion/domain/avoma-call-package.mapper.spec.ts
PASS src/implementations/infrastructure/persistence/dynamodb/mappers/plan-template.mapper.spec.ts
PASS src/implementations/application/use-cases/publish-implementation-case.use-case.spec.ts
[31m[Nest] 93448  - [39m07/27/2026, 12:15:16 PM [31m  ERROR[39m [38;5;3m[JitUserSyncGuard] [39m[31mJIT user upsert failed for sub sub-1: db down[39m
PASS src/csm/users/infrastructure/jit-user-sync.guard.spec.ts
PASS src/backups/infrastructure/persistence/dynamodb/mappers/backup.mapper.spec.ts
PASS src/implementations/domain/model/orgs/connected-org.entity.spec.ts
PASS src/csm/workspace/domain/call-analysis.spec.ts
PASS src/backups/application/use-cases/list-backups.use-case.spec.ts
PASS src/csm/workspace/domain/email-body.spec.ts
PASS src/implementations/infrastructure/adapters/auth-broker/sf-cli-auth-broker.adapter.spec.ts
PASS src/implementations/infrastructure/persistence/dynamodb/mappers/step-run.mapper.spec.ts
PASS src/implementations/scaffolding.spec.ts
[33m[Nest] 93456  - [39m07/27/2026, 12:15:16 PM [33m   WARN[39m [38;5;3m[SfCliAuthBrokerAdapter] [39mObject(4) {
  action: [32m'mintSession'[39m,
  via: [32m'sf-cli'[39m,
  orgId: [32m'00Dfj00000QJMx7EAH'[39m,
  scopes: []
}
[33m[Nest] 93456  - [39m07/27/2026, 12:15:16 PM [33m   WARN[39m [38;5;3m[SfCliAuthBrokerAdapter] [39mObject(4) {
  action: [32m'mintSession'[39m,
  via: [32m'sf-cli'[39m,
  orgId: [32m'00Dfj00000QJMx7EAH'[39m,
  scopes: []
}
[33m[Nest] 93456  - [39m07/27/2026, 12:15:16 PM [33m   WARN[39m [38;5;3m[SfCliAuthBrokerAdapter] [39mObject(4) {
  action: [32m'mintSession'[39m,
  via: [32m'sf-cli'[39m,
  orgId: [32m'00Dfj00000QJMx7'[39m,
  scopes: []
}
[33m[Nest] 93456  - [39m07/27/2026, 12:15:16 PM [33m   WARN[39m [38;5;3m[SfCliAuthBrokerAdapter] [39mObject(4) {
  action: [32m'mintSession'[39m,
  via: [32m'sf-cli'[39m,
  orgId: [32m'CamiloDevOrg'[39m,
  scopes: []
}
[33m[Nest] 93456  - [39m07/27/2026, 12:15:16 PM [33m   WARN[39m [38;5;3m[SfCliAuthBrokerAdapter] [39mObject(4) {
  action: [32m'mintSession'[39m,
  via: [32m'sf-cli'[39m,
  orgId: [32m'00Dfj00000QJMx7EAH'[39m,
  scopes: []
}
[33m[Nest] 93456  - [39m07/27/2026, 12:15:16 PM [33m   WARN[39m [38;5;3m[SfCliAuthBrokerAdapter] [39mObject(4) {
  action: [32m'mintSession'[39m,
  via: [32m'sf-cli'[39m,
  orgId: [32m'00Dfj00000QJMx7EAH'[39m,
  scopes: []
}
[33m[Nest] 93456  - [39m07/27/2026, 12:15:16 PM [33m   WARN[39m [38;5;3m[SfCliAuthBrokerAdapter] [39mObject(4) {
  action: [32m'mintSession'[39m,
  via: [32m'sf-cli'[39m,
  orgId: [32m'00Dfj00000QJMx7EAH'[39m,
  scopes: []
}
[33m[Nest] 93456  - [39m07/27/2026, 12:15:16 PM [33m   WARN[39m [38;5;3m[SfCliAuthBrokerAdapter] [39mObject(3) {
  action: [32m'sf-cli.retry'[39m,
  argv: [32m'org list --json'[39m,
  attempt: [33m1[39m
}
[33m[Nest] 93456  - [39m07/27/2026, 12:15:16 PM [33m   WARN[39m [38;5;3m[SfCliAuthBrokerAdapter] [39mObject(3) {
  action: [32m'sf-cli.retry'[39m,
  argv: [32m'org list --json'[39m,
  attempt: [33m2[39m
}
[33m[Nest] 93456  - [39m07/27/2026, 12:15:16 PM [33m   WARN[39m [38;5;3m[SfCliAuthBrokerAdapter] [39mObject(3) {
  action: [32m'sf-cli.retry'[39m,
  argv: [32m'org list --json'[39m,
  attempt: [33m3[39m
}
[33m[Nest] 93456  - [39m07/27/2026, 12:15:16 PM [33m   WARN[39m [38;5;3m[SfCliAuthBrokerAdapter] [39mObject(4) {
  action: [32m'mintSession'[39m,
  via: [32m'sf-cli'[39m,
  orgId: [32m'00Dfj00000QJMx7EAH'[39m,
  scopes: []
}
[33m[Nest] 93456  - [39m07/27/2026, 12:15:16 PM [33m   WARN[39m [38;5;3m[SfCliAuthBrokerAdapter] [39mObject(3) {
  action: [32m'sf-cli.retry'[39m,
  argv: [32m'org list --json'[39m,
  attempt: [33m1[39m
}
[33m[Nest] 93456  - [39m07/27/2026, 12:15:16 PM [33m   WARN[39m [38;5;3m[SfCliAuthBrokerAdapter] [39mObject(4) {
  action: [32m'mintSession'[39m,
  via: [32m'sf-cli'[39m,
  orgId: [32m'00Dfj00000QJMx7EAH'[39m,
  scopes: []
}
PASS src/backups/application/use-cases/update-backup-status.use-case.spec.ts
PASS src/implementations/domain/model/tools/metadata-mutation-spec.spec.ts
[32m[Nest] 93451  - [39m07/27/2026, 12:15:16 PM [32m    LOG[39m [38;5;3m[UpdateBackupStatusUseCase] [39m[32mUpload completed for backup backup-1, triggering infrastructure creation[39m
[32m[Nest] 93451  - [39m07/27/2026, 12:15:16 PM [32m    LOG[39m [38;5;3m[UpdateBackupStatusUseCase] [39m[32mUpload completed for backup backup-1, triggering infrastructure creation[39m
[32m[Nest] 93451  - [39m07/27/2026, 12:15:16 PM [32m    LOG[39m [38;5;3m[UpdateBackupStatusUseCase] [39m[32mUpload completed for backup backup-1, triggering infrastructure creation[39m
PASS src/migration/infrastructure/services/migration-etl-http.adapter.spec.ts
[32m[Nest] 93450  - [39m07/27/2026, 12:15:17 PM [32m    LOG[39m [38;5;3m[MigrationEtlHttpAdapter] [39m[32mETL migration run accepted successfully for run run-1[39m
A worker process has failed to exit gracefully and has been force exited. This is likely caused by tests leaking due to improper teardown. Try running with --detectOpenHandles to find leaks. Active timers can also cause this, ensure that .unref() was called on them.

Test Suites: 1 skipped, 182 passed, 182 of 183 total
Tests:       1 skipped, 1934 passed, 1935 total
Snapshots:   0 total
Time:        45.032 s, estimated 46 s
